Customer ID,Customer Name,Age,Gender,State,City,Signup Date,Last Order Date,Product Category,Orders Count,Total Spend (INR),Average Order Value (INR),Discount Amount (INR),Discount Used,Return Count,Return Rate,Sessions Count,Product Views,Cart Adds,Checkout Starts,Conversion Rate,Payment Method,Device Type,Acquisition Channel,Membership Tier,Delivery Type,Support Contacts,Average Rating,Loyalty Segment,Churned
CUST100001,Aryan Maharaj,35,Male,Telangana,Hyderabad,15-05-2024,05-10-2025,Books,9,32731.37,3636.82,11010.13,Yes,0,0,29,145,17,11,0.207,Credit Card,MacBook,Referral,None,Standard,0,4.5,High,Yes
CUST100002,Udant Dewan,18,Female,Jharkhand,Jamshedpur,07-12-2025,25-06-2026,Beauty & Personal Care,6,6893.1,1148.85,1186.38,Yes,0,0,27,81,6,2,0.037,Net Banking,Android,Referral,Platinum,Same Day,1,3,Medium,Yes
CUST100003,Gagan Sami,32,Female,Kerala,Kozhikode,18-02-2024,10-02-2025,Fashion,4,5416.61,1354.15,468.36,Yes,0,0,22,88,7,4,0.136,UPI,Windows Laptop,Direct,Silver,Standard,2,4.4,Medium,Yes
CUST100004,Ayushman Chander,22,Female,Uttar Pradesh,Varanasi,30-08-2025,15-08-2026,Home & Kitchen,2,3708.7,1854.35,323.2,Yes,1,0.5,23,138,29,12,0.348,Cash on Delivery,Android,Instagram,Silver,Standard,0,4.7,Low,No
CUST100005,Viraj Tiwari,34,Male,Maharashtra,Nashik,21-05-2025,15-08-2026,Home & Kitchen,4,6778.55,1694.64,2335.24,Yes,1,0.25,19,114,15,10,0.263,Debit Card,Android,Direct,None,Standard,0,4,Medium,Yes
CUST100006,Rushil Saini,23,Male,Maharashtra,Nagpur,30-04-2024,05-10-2025,Grocery,3,5283.25,1761.08,0,No,0,0,22,66,11,5,0.136,UPI,Android,Instagram,Gold,Standard,1,3.2,Low,No
CUST100007,Saumya Mall,24,Male,West Bengal,Siliguri,30-01-2026,15-08-2026,Home & Kitchen,6,13029.39,2171.56,4906.4,Yes,0,0,19,95,13,5,0.158,Credit Card,MacBook,Organic Search,Silver,Standard,0,4.4,Medium,No
CUST100008,Nathaniel Sami,29,Male,Haryana,Faridabad,04-08-2024,03-09-2024,Sports & Fitness,9,9314.29,1034.92,1831.1,Yes,0,0,28,84,9,6,0.107,Debit Card,Android,Referral,Silver,Standard,2,3.1,Medium,No
CUST100009,Arunima Dugal,23,Female,Uttar Pradesh,Kanpur,17-09-2025,15-08-2026,Mobile Accessories,8,5975.58,746.95,757.9,Yes,0,0,20,40,8,4,0.05,Debit Card,Android,Organic Search,None,Standard,0,2.9,Medium,No
CUST100010,Gayathri Chaudry,27,Male,Odisha,Bhubaneswar,09-06-2025,09-01-2026,Fashion,4,6516.8,1629.2,0,No,1,0.25,17,102,21,7,0.176,Debit Card,Tablet,Direct,None,Standard,5,4.9,Medium,Yes
CUST100011,Lajita Chatterjee,21,Female,West Bengal,Durgapur,27-07-2025,10-02-2026,Beauty & Personal Care,6,2481.46,413.58,822.13,Yes,0,0,27,54,11,3,0.037,UPI,Android,Organic Search,Silver,Express,0,4.5,Medium,No
CUST100012,Hemangini Lalla,18,Female,Andhra Pradesh,Visakhapatnam,12-02-2024,31-12-2024,Electronics,5,2550.59,510.12,408.21,Yes,0,0,24,120,10,4,0.042,Cash on Delivery,MacBook,Referral,Gold,Standard,2,3.5,Medium,Yes
CUST100013,Tripti Yadav,39,Female,Punjab,Chandigarh,21-01-2026,15-08-2026,Fashion,8,20956.57,2619.57,2503.21,Yes,0,0,18,90,7,4,0.167,UPI,iPhone,Organic Search,None,Express,0,,High,No
CUST100014,Kritika Brar,21,Male,Karnataka,Mangaluru,05-04-2024,25-01-2025,Home & Kitchen,6,16465.77,2744.3,5683.22,Yes,0,0,26,104,20,10,0.269,Wallet,Android,Instagram,Gold,Standard,0,4,Medium,No
CUST100015,Janaki Handa,30,Female,Karnataka,Bengaluru,27-01-2024,17-07-2024,Fashion,7,6727.02,961,2706.1,Yes,0,0,11,33,3,1,0.091,UPI,Android,Organic Search,Gold,Standard,0,4.7,Medium,No
CUST100016,Chakradev Kari,37,Other,Karnataka,Mangaluru,15-04-2026,15-08-2026,Books,5,2832.58,566.52,805.07,Yes,0,0,15,45,7,2,0.067,Debit Card,Android,YouTube,None,Standard,0,5,Medium,No
CUST100017,Fariq Kaul,26,Female,Tamil Nadu,Madurai,13-06-2026,15-08-2026,Electronics,6,11773,1962.17,0,No,1,0.17,25,75,12,7,0.2,Cash on Delivery,Android,YouTube,None,Standard,0,3.5,Medium,No
CUST100018,Lajita Mall,24,Female,Uttar Pradesh,Varanasi,29-08-2024,16-02-2025,Home & Kitchen,5,8242.45,1648.49,2900.93,Yes,0,0,16,32,5,2,0.062,UPI,Windows Laptop,Organic Search,None,Same Day,0,3.9,Medium,Yes
CUST100019,Janya Gaba,33,Female,Gujarat,Vadodara,01-05-2025,14-07-2026,Beauty & Personal Care,5,4556.65,911.33,1563.2,Yes,1,0.2,25,125,10,4,0.08,Debit Card,Android,Organic Search,None,Standard,1,3.3,Medium,No
CUST100020,Isha Kadakia,40,Female,Tamil Nadu,Coimbatore,27-08-2024,09-05-2026,Grocery,10,13595.62,1359.56,713.92,Yes,0,0,19,95,11,6,0.158,UPI,MacBook,Referral,None,Standard,2,4.8,Medium,No
CUST100021,Ekbal Garg,22,Male,Uttar Pradesh,Lucknow,30-10-2024,04-12-2024,Home & Kitchen,6,3209.62,534.94,0,No,0,0,23,46,6,3,0.043,UPI,MacBook,Referral,None,Express,1,3.9,Medium,Yes
CUST100022,Nihal Shere,30,Female,Maharashtra,Nagpur,07-03-2024,03-03-2025,Sports & Fitness,9,8237.79,915.31,0,No,1,0.11,25,75,7,2,0.04,UPI,MacBook,Google Ads,Gold,Standard,0,3.9,Medium,Yes
CUST100023,Anamika Kanda,18,Female,Tamil Nadu,Chennai,07-10-2024,06-10-2025,Beauty & Personal Care,3,4093.52,1364.51,0,No,1,0.33,19,57,12,4,0.105,UPI,Windows Laptop,Organic Search,None,Standard,0,3.8,Low,Yes
CUST100024,Daksh Karnik,28,Other,Telangana,Hyderabad,10-07-2024,13-08-2025,Home & Kitchen,10,16883.23,1688.32,0,No,2,0.2,14,28,5,1,0.071,Debit Card,iPhone,Referral,Gold,Standard,0,3.7,High,No
CUST100025,Diya Rattan,31,Female,Gujarat,Ahmedabad,28-04-2024,24-07-2025,Electronics,5,26121.76,5224.35,7158.3,Yes,0,0,17,68,6,4,0.118,Wallet,Android,Instagram,None,Standard,2,3.7,Medium,Yes
CUST100026,Dominic Kakar,24,Male,Madhya Pradesh,Indore,31-05-2024,13-09-2025,Home & Kitchen,5,3351.75,670.35,168.47,Yes,0,0,24,96,16,11,0.333,Credit Card,Windows Laptop,Google Ads,Silver,Standard,0,3.8,Medium,No
CUST100027,Simon Tata,27,Female,Karnataka,Mangaluru,15-02-2026,15-08-2026,Sports & Fitness,3,9226.76,3075.59,2942.75,Yes,1,0.33,25,75,10,6,0.16,Debit Card,Android,Direct,Gold,Same Day,0,4.7,Medium,No
CUST100028,Tara Dhar,20,Female,Rajasthan,Jaipur,26-01-2025,09-08-2026,Beauty & Personal Care,4,3377.78,844.44,0,No,0,0,20,60,7,2,0.05,UPI,Android,Google Ads,None,Standard,1,4.8,Medium,No
CUST100029,Liam Koshy,32,Male,Uttar Pradesh,Noida,18-08-2024,20-11-2024,Sports & Fitness,2,1554.61,777.3,157.27,Yes,0,0,13,26,3,1,0.077,UPI,Windows Laptop,Referral,None,Standard,1,4.2,Low,Yes
CUST100030,Priya Rastogi,39,Male,West Bengal,Kolkata,16-12-2024,27-03-2026,Home & Kitchen,6,12101.09,2016.85,2079.86,Yes,1,0.17,26,156,26,18,0.308,Debit Card,Windows Laptop,Direct,Silver,Standard,0,5,Medium,No
CUST100031,Theodore Devi,22,Female,Uttar Pradesh,Noida,30-01-2026,15-08-2026,Electronics,4,3769.23,942.31,0,No,1,0.25,20,100,20,14,0.55,UPI,Android,Direct,None,Standard,0,4.5,Medium,Yes
CUST100032,Gavin Batta,26,Male,Karnataka,Bengaluru,24-07-2025,15-08-2026,Electronics,7,5417.38,773.91,0,No,1,0.14,18,54,10,6,0.167,Debit Card,Windows Laptop,Direct,None,Express,1,,Medium,No
CUST100033,Michael Dutta,35,Male,West Bengal,Howrah,12-06-2025,15-08-2026,Fashion,6,11642.87,1940.48,2207.76,Yes,2,0.33,22,66,8,4,0.136,Cash on Delivery,Android,YouTube,Platinum,Standard,0,4.7,Medium,Yes
CUST100034,Devansh Rajan,41,Male,Jharkhand,Ranchi,19-06-2024,08-12-2025,Grocery,2,3617.88,1808.94,1232.7,Yes,0,0,19,114,20,10,0.211,UPI,MacBook,Organic Search,None,Express,2,4.8,Low,Yes
CUST100035,Upadhriti Wadhwa,19,Female,Andhra Pradesh,Visakhapatnam,12-05-2026,15-08-2026,Sports & Fitness,7,8098.19,1156.88,0,No,1,0.14,17,68,10,5,0.176,Cash on Delivery,Windows Laptop,Direct,Gold,Standard,1,4.2,Medium,No
CUST100036,Advay Contractor,30,Male,Madhya Pradesh,Indore,11-05-2024,20-12-2025,Fashion,2,8251.76,4125.88,3281.57,Yes,0,0,23,115,16,8,0.174,Net Banking,Windows Laptop,Direct,None,Standard,2,3.9,Medium,Yes
CUST100037,Harini Choudhury,33,Male,Tamil Nadu,Coimbatore,22-12-2024,30-12-2025,Home & Kitchen,10,11051.55,1105.16,0,No,1,0.1,27,162,19,10,0.296,Credit Card,Android,Organic Search,Silver,Standard,0,3.2,Medium,No
CUST100038,Radhika Dugar,30,Female,Maharashtra,Nashik,09-10-2025,25-11-2025,Home & Kitchen,7,4385.54,626.51,1478.5,Yes,0,0,17,34,3,1,0.059,Credit Card,Android,Direct,Gold,Standard,2,3.8,Medium,No
CUST100039,Aarush Lall,18,Female,Odisha,Cuttack,11-02-2024,10-07-2024,Home & Kitchen,5,2906.97,581.39,0,No,0,0,27,108,11,7,0.111,Credit Card,Tablet,Direct,None,Standard,2,2.8,Medium,Yes
CUST100040,Yashica Cherian,35,Other,Gujarat,Ahmedabad,31-10-2024,07-07-2026,Fashion,3,1723.88,574.63,712.93,Yes,1,0.33,16,80,12,4,0.062,Cash on Delivery,Windows Laptop,Instagram,Gold,Standard,1,3.9,Low,No
CUST100041,Yashica Issac,43,Male,Maharashtra,Nagpur,06-01-2024,05-03-2025,Electronics,4,4327.81,1081.95,0,No,0,0,12,48,8,2,0.083,Debit Card,Android,Email,None,Express,1,4.1,Medium,Yes
CUST100042,Kashvi Edwin,32,Female,Rajasthan,Udaipur,24-11-2024,21-05-2026,Fashion,5,15643.98,3128.8,3005.69,Yes,0,0,25,150,12,4,0.04,Credit Card,Windows Laptop,Direct,None,Standard,2,4.9,Medium,No
CUST100043,Ekiya Suresh,23,Male,West Bengal,Siliguri,18-06-2024,01-10-2024,Electronics,7,3848.77,549.82,1578.28,Yes,2,0.29,22,110,14,9,0.318,Credit Card,Tablet,Google Ads,None,Same Day,0,3.7,Medium,No
CUST100044,Isaac Patil,27,Female,Assam,Guwahati,10-03-2026,15-08-2026,Fashion,3,10121.6,3373.87,1564.52,Yes,0,0,23,69,7,5,0.087,UPI,MacBook,Instagram,None,Standard,2,4.3,Medium,No
CUST100045,Wriddhish Bhardwaj,45,Female,Delhi,Delhi,03-12-2024,12-10-2025,Electronics,3,3172.7,1057.57,0,No,0,0,16,32,5,2,0.062,UPI,MacBook,Organic Search,None,Express,2,4.9,Low,Yes
CUST100046,Farhan Chada,38,Male,Bihar,Gaya,27-12-2025,15-08-2026,Beauty & Personal Care,4,4348.53,1087.13,1797.95,Yes,0,0,27,108,21,8,0.222,Credit Card,Android,Google Ads,Silver,Standard,1,3.3,Medium,No
CUST100047,Ekapad Walia,36,Male,Tamil Nadu,Coimbatore,09-03-2024,04-06-2024,Fashion,5,3710.92,742.18,0,No,0,0,22,44,9,3,0.091,Debit Card,Windows Laptop,Direct,None,Standard,0,4.5,Medium,Yes
CUST100048,Kabir Soman,34,Male,Rajasthan,Udaipur,31-05-2026,15-08-2026,Mobile Accessories,3,2946.31,982.1,948.55,Yes,0,0,20,80,16,11,0.25,UPI,MacBook,Organic Search,Silver,Standard,1,2.9,Low,No
CUST100049,Alka Wable,26,Female,Uttar Pradesh,Noida,22-06-2025,14-05-2026,Fashion,5,6869.47,1373.89,0,No,0,0,19,76,15,7,0.158,Debit Card,Android,Direct,Silver,Standard,0,3.4,Medium,Yes
CUST100050,Siddharth Zacharia,29,Male,Karnataka,Mysuru,06-01-2026,04-07-2026,Fashion,4,4806.17,1201.54,631.48,Yes,0,0,25,100,16,8,0.2,Credit Card,Windows Laptop,YouTube,None,Same Day,1,3.5,Medium,No
CUST100051,Devika Rastogi,30,Female,Andhra Pradesh,Visakhapatnam,13-04-2026,15-08-2026,Fashion,7,10496.95,1499.56,0,No,0,0,25,50,5,2,0.04,Debit Card,Windows Laptop,Referral,None,Standard,1,3.6,Medium,No
CUST100052,Raksha Varughese,35,Male,Madhya Pradesh,Bhopal,21-05-2025,15-08-2026,Electronics,3,1168.51,389.5,0,No,1,0.33,22,66,12,8,0.227,Credit Card,Windows Laptop,Google Ads,None,Standard,0,3.6,Low,Yes
CUST100053,Jai Kota,43,Male,Jharkhand,Jamshedpur,15-01-2026,09-07-2026,Sports & Fitness,7,8605.03,1229.29,648.44,Yes,0,0,24,96,17,11,0.333,Credit Card,iPhone,Organic Search,Silver,Standard,0,4.3,Medium,Yes
CUST100054,Devansh Nigam,40,Other,Haryana,Gurugram,30-04-2025,08-06-2026,Electronics,9,17029.63,1892.18,981.31,Yes,0,0,16,96,9,6,0.188,UPI,Android,Instagram,None,Standard,1,4,High,No
CUST100055,Victor Kannan,20,Female,Uttar Pradesh,Lucknow,18-03-2025,11-06-2025,Mobile Accessories,5,5392.47,1078.49,0,No,0,0,26,156,16,8,0.192,UPI,Android,Google Ads,None,Express,0,3.4,Medium,No
CUST100056,Ekavir Bhargava,33,Female,Assam,Guwahati,20-02-2024,05-06-2024,Books,4,5161.96,1290.49,1589.79,Yes,0,0,20,40,3,1,0.05,UPI,Android,Instagram,Platinum,Standard,1,3,Medium,Yes
CUST100057,Ekansh Balay,37,Male,Maharashtra,Pune,28-05-2024,07-06-2025,Beauty & Personal Care,2,2325.36,1162.68,0,No,0,0,20,40,5,2,0.05,Cash on Delivery,MacBook,Organic Search,Platinum,Standard,1,4.6,Low,No
CUST100058,Ekavir Varkey,36,Male,Karnataka,Mangaluru,09-08-2025,10-07-2026,Beauty & Personal Care,3,7920.6,2640.2,422.51,Yes,0,0,21,126,15,6,0.19,Credit Card,Android,Direct,None,Express,2,4.8,Medium,Yes
CUST100059,Arya Sunder,26,Male,West Bengal,Durgapur,28-03-2026,15-08-2026,Grocery,6,12001.42,2000.24,0,No,1,0.17,22,66,13,6,0.182,Wallet,Android,Google Ads,Gold,Standard,2,4.1,Medium,No
CUST100060,Kevin Solanki,54,Male,Tamil Nadu,Chennai,01-04-2024,09-05-2024,Home & Kitchen,7,7115.44,1016.49,0,No,0,0,16,48,4,2,0.062,Cash on Delivery,Android,YouTube,None,Standard,2,,Medium,Yes
CUST100061,Urvashi Ray,21,Male,Telangana,Warangal,02-01-2025,27-07-2026,Beauty & Personal Care,6,10513.04,1752.17,0,No,1,0.17,20,100,12,8,0.15,UPI,MacBook,YouTube,Gold,Standard,1,3.7,Medium,No
CUST100062,Girindra Chatterjee,22,Female,Tamil Nadu,Madurai,02-08-2025,15-08-2026,Electronics,2,3777.2,1888.6,0,No,0,0,29,116,23,12,0.345,Net Banking,Android,Google Ads,None,Standard,1,3.6,Low,No
CUST100063,Irya Sampath,33,Male,Punjab,Amritsar,16-01-2026,15-08-2026,Electronics,3,2125.69,708.56,149.53,Yes,0,0,19,114,25,11,0.263,Cash on Delivery,iPhone,Direct,Gold,Express,1,3.7,Low,No
CUST100064,Unni Bhagat,48,Male,Telangana,Hyderabad,23-05-2026,15-08-2026,Home & Kitchen,4,8236.06,2059.02,3213.52,Yes,1,0.25,27,54,9,5,0.074,Wallet,Windows Laptop,Instagram,Silver,Express,0,5,Medium,No
CUST100065,Darsh Rau,24,Male,Tamil Nadu,Coimbatore,17-10-2025,15-08-2026,Beauty & Personal Care,6,4702.97,783.83,1122.44,Yes,0,0,22,132,27,17,0.591,Net Banking,Android,Referral,None,Express,0,4.6,Medium,No
CUST100066,Ikbal Kothari,29,Female,Uttar Pradesh,Noida,16-03-2024,15-11-2025,Books,6,16610.27,2768.38,4177.01,Yes,0,0,24,144,11,4,0.083,UPI,Windows Laptop,Organic Search,None,Standard,0,4.7,Medium,Yes
CUST100067,Ranveer Yadav,40,Female,Maharashtra,Mumbai,26-03-2024,27-03-2025,Electronics,3,2209.57,736.52,164.69,Yes,0,0,19,38,7,4,0.105,Debit Card,Android,Organic Search,Silver,Standard,0,4.8,Low,Yes
CUST100068,Logan Sami,31,Male,Madhya Pradesh,Bhopal,14-08-2024,04-04-2025,Sports & Fitness,4,5066.16,1266.54,1243.4,Yes,1,0.25,25,150,21,8,0.2,Debit Card,Android,Organic Search,None,Express,,3.8,Medium,Yes
CUST100069,Arya Shere,28,Female,Maharashtra,Mumbai,28-12-2024,11-05-2026,Fashion,9,13948.47,1549.83,0,No,1,0.11,18,54,9,5,0.167,Wallet,Android,Google Ads,Platinum,Standard,1,3.9,Medium,No
CUST100070,Faqid Savant,36,Male,Andhra Pradesh,Vijayawada,21-07-2025,15-08-2026,Home & Kitchen,5,2673.66,534.73,265.01,Yes,1,0.2,22,88,12,6,0.227,UPI,Android,Referral,None,Standard,1,,Medium,No
CUST100071,Chandresh Zachariah,33,Female,Madhya Pradesh,Bhopal,14-08-2025,03-04-2026,Fashion,8,2981.12,372.64,1225.26,Yes,1,0.12,18,54,8,3,0.111,Credit Card,Android,Organic Search,None,Express,3,3.7,Medium,No
CUST100072,Girik Khalsa,39,Female,Karnataka,Bengaluru,24-01-2024,14-04-2024,Home & Kitchen,5,4676.91,935.38,1699.3,Yes,0,0,20,120,13,7,0.15,Credit Card,Windows Laptop,Instagram,None,Express,2,3.7,Medium,Yes
CUST100073,Niharika Sunder,41,Female,West Bengal,Durgapur,08-01-2026,22-02-2026,Electronics,4,12083.55,3020.89,0,No,0,0,27,81,12,8,0.222,UPI,Android,Organic Search,None,Standard,0,4.7,Medium,No
CUST100074,Tanay Rattan,33,Male,Punjab,Amritsar,28-01-2024,29-12-2024,Home & Kitchen,6,6117.53,1019.59,1618.78,Yes,1,0.17,22,110,13,6,0.182,UPI,Android,Organic Search,Silver,Standard,0,4.5,Medium,Yes
CUST100075,Nitesh Raghavan,33,Female,Odisha,Cuttack,30-04-2024,19-01-2025,Sports & Fitness,8,14732.73,1841.59,2704.47,Yes,1,0.12,24,144,17,11,0.333,Debit Card,Android,Organic Search,Platinum,Standard,0,2.6,Medium,No
CUST100076,Madhavi Lanka,33,Female,Kerala,Kochi,04-05-2025,15-08-2026,Home & Kitchen,6,1332.53,222.09,408,Yes,0,0,23,115,14,5,0.087,Credit Card,Android,Instagram,Silver,Standard,2,4,Medium,No
CUST100077,Bhavika Sampath,35,Other,Madhya Pradesh,Bhopal,27-08-2025,20-09-2025,Home & Kitchen,4,8333.77,2083.44,1167.96,Yes,0,0,17,51,5,2,0.059,UPI,MacBook,Organic Search,Silver,Standard,0,4.9,Medium,No
CUST100078,Mohammed Gupta,31,Other,Maharashtra,Pune,02-05-2026,15-08-2026,Sports & Fitness,6,11307.03,1884.5,0,No,2,0.33,26,52,5,2,0.038,UPI,Android,Google Ads,Silver,Standard,0,4.6,Medium,No
CUST100079,Teerth Bhardwaj,31,Female,Telangana,Warangal,15-09-2025,01-03-2026,Grocery,4,7599.47,1899.87,0,No,0,0,22,88,18,12,0.273,Cash on Delivery,iPhone,Google Ads,None,Express,0,4.2,Medium,Yes
CUST100080,Dipta Bhandari,41,Male,Maharashtra,Nashik,08-06-2026,15-08-2026,Home & Kitchen,7,11067.69,1581.1,0,No,1,0.14,15,30,4,1,0.067,Credit Card,MacBook,Organic Search,None,Standard,0,5,Medium,No
CUST100081,Vansha Thakkar,43,Female,Haryana,Gurugram,10-12-2024,06-06-2026,Fashion,2,1465.02,732.51,0,No,1,0.5,25,125,20,7,0.12,UPI,iPhone,Instagram,Gold,Standard,2,3.8,Low,Yes
CUST100082,Dakshesh Trivedi,19,Female,Bihar,Muzaffarpur,31-01-2024,19-02-2025,Books,7,5719.56,817.08,0,No,0,0,17,34,5,3,0.118,UPI,Android,Organic Search,Gold,Standard,2,,Medium,Yes
CUST100083,Quincy Biswas,31,Female,Tamil Nadu,Madurai,16-10-2025,15-08-2026,Beauty & Personal Care,5,3544.75,708.95,952.07,Yes,0,0,18,90,10,6,0.222,Cash on Delivery,Windows Laptop,Referral,Gold,Standard,2,2.7,Medium,No
CUST100084,Wahab Raval,25,Male,West Bengal,Durgapur,28-05-2026,15-08-2026,Fashion,3,6233.99,2078,2484.91,Yes,2,0.67,24,48,3,1,0.042,UPI,MacBook,Google Ads,None,Express,0,4.1,Low,No
CUST100085,Yatin Baral,29,Male,Tamil Nadu,Chennai,20-03-2026,15-08-2026,Fashion,1,1142.66,1142.66,404.14,Yes,0,0,23,92,8,5,0.087,UPI,Windows Laptop,Instagram,None,Standard,0,5,Low,No
CUST100086,Oni Virk,34,Male,Tamil Nadu,Madurai,14-08-2024,19-10-2024,Sports & Fitness,4,8148.27,2037.07,1116.53,Yes,0,0,21,126,24,16,0.476,Credit Card,Android,Organic Search,None,Standard,3,4.1,Medium,Yes
CUST100087,Advika Jayaraman,36,Male,Kerala,Kochi,19-05-2026,15-08-2026,Electronics,6,12673.74,2112.29,0,No,1,0.17,22,88,8,3,0.045,UPI,iPhone,Organic Search,None,Express,0,4.2,Medium,No
CUST100088,William Lanka,30,Male,Bihar,Gaya,06-09-2024,08-02-2025,Mobile Accessories,4,11672.49,2918.12,5107.95,Yes,1,0.25,20,60,6,3,0.1,Debit Card,Android,Google Ads,Gold,Standard,1,,Medium,Yes
CUST100089,Karan Mital,18,Female,Haryana,Faridabad,19-02-2024,31-05-2024,Electronics,6,8436.92,1406.15,0,No,0,0,23,69,14,7,0.13,UPI,iPhone,Referral,Gold,Standard,1,4.4,Medium,Yes
CUST100090,Diya Bora,23,Male,Rajasthan,Jodhpur,26-12-2025,15-08-2026,Sports & Fitness,4,5134.7,1283.68,1873.15,Yes,0,0,24,48,9,5,0.125,Net Banking,Windows Laptop,Instagram,Silver,Standard,0,3.6,Medium,No
CUST100091,Tara Chaudhry,38,Male,Maharashtra,Nagpur,10-06-2026,15-08-2026,Home & Kitchen,9,14395.46,1599.5,2253.92,Yes,0,0,23,92,8,5,0.087,Credit Card,Android,Referral,None,Standard,1,5,Medium,No
CUST100092,Tanay Toor,18,Male,Kerala,Kochi,23-01-2025,07-10-2025,Home & Kitchen,6,2123.59,353.93,0,No,0,0,16,48,8,4,0.125,Wallet,iPhone,Referral,Platinum,Standard,0,4.9,Medium,No
CUST100093,Kevin Palla,40,Male,Madhya Pradesh,Bhopal,19-02-2026,19-06-2026,Books,9,9767.95,1085.33,0,No,1,0.11,27,162,24,9,0.148,Credit Card,Android,Referral,None,Standard,0,4.6,Medium,No
CUST100094,Yash Pingle,35,Other,Uttar Pradesh,Noida,14-10-2024,24-06-2026,Home & Kitchen,5,10609.22,2121.84,3716.88,Yes,1,0.2,27,54,7,4,0.037,Wallet,Android,Direct,Gold,Express,0,4.9,Medium,Yes
CUST100095,Nakul Sarma,42,Male,Madhya Pradesh,Indore,07-12-2025,15-08-2026,Beauty & Personal Care,4,3813.02,953.26,793.44,Yes,0,0,14,70,10,4,0.071,Debit Card,Windows Laptop,Google Ads,None,Express,0,4.1,Medium,No
CUST100096,Abhiram Mistry,29,Male,Rajasthan,Jaipur,04-02-2026,11-03-2026,Electronics,4,4366.51,1091.63,841.63,Yes,0,0,30,60,6,3,0.067,UPI,Tablet,Organic Search,None,Standard,0,3.6,Medium,No
CUST100097,Krish Lalla,18,Female,Uttar Pradesh,Noida,13-08-2025,02-09-2025,Electronics,5,4693.21,938.64,769.99,Yes,0,0,27,108,23,11,0.296,Credit Card,Android,Organic Search,Gold,Standard,0,4.4,Medium,No
CUST100098,Hredhaan Dugal,34,Female,Gujarat,Ahmedabad,19-04-2025,10-12-2025,Fashion,4,11305.24,2826.31,2559.78,Yes,0,0,20,80,8,3,0.1,UPI,Android,Organic Search,None,Standard,0,4.9,Medium,Yes
CUST100099,Baghyawati Kade,41,Male,West Bengal,Siliguri,25-01-2026,06-05-2026,Grocery,7,11810.79,1687.26,4326.88,Yes,1,0.14,20,120,12,4,0.1,Credit Card,MacBook,Organic Search,Silver,Standard,2,3.9,Medium,No
CUST100100,Samar Lalla,38,Female,Maharashtra,Nashik,25-08-2025,15-08-2026,Electronics,2,2025.07,1012.54,863.47,Yes,0,0,25,50,6,3,0.04,Debit Card,iPhone,Google Ads,None,Standard,0,3.9,Low,No
CUST100101,Zayan Behl,26,Female,West Bengal,Siliguri,06-01-2024,27-12-2024,Electronics,6,30793.36,5132.23,6666.62,Yes,0,0,25,50,5,2,0.04,UPI,Tablet,YouTube,None,Standard,2,4.2,Medium,Yes
CUST100102,Pallavi Malhotra,32,Female,Bihar,Gaya,03-03-2026,15-08-2026,Home & Kitchen,7,4420.65,631.52,1373.36,Yes,1,0.14,20,80,9,6,0.1,UPI,Android,Referral,Platinum,Same Day,0,2.7,Medium,No
CUST100103,Aarush Nath,27,Male,Tamil Nadu,Chennai,15-02-2025,16-02-2026,Beauty & Personal Care,4,3186.5,796.62,1164,Yes,1,0.25,16,32,2,1,0.062,Cash on Delivery,Android,Organic Search,Silver,Standard,0,3.4,Medium,Yes
CUST100104,Adweta Edwin,24,Other,Rajasthan,Jodhpur,23-10-2025,10-07-2026,Grocery,5,3943.56,788.71,0,No,0,0,22,66,10,4,0.136,UPI,Android,YouTube,None,Standard,2,3.7,Medium,Yes
CUST100105,Prisha Andra,39,Male,Assam,Guwahati,19-11-2024,26-03-2025,Electronics,4,3756.53,939.13,1631.15,Yes,0,0,23,69,7,4,0.087,Cash on Delivery,iPhone,Direct,Silver,Express,1,4.9,Medium,No
CUST100106,Faqid Dixit,21,Male,Delhi,Delhi,02-02-2025,15-08-2026,Electronics,8,23026.39,2878.3,3100.58,Yes,0,0,15,30,6,2,0.067,Debit Card,Android,Referral,Gold,Standard,0,4.4,High,No
CUST100107,Kala Divan,24,Male,Gujarat,Surat,08-10-2024,29-03-2025,Mobile Accessories,3,2533.43,844.48,1053.99,Yes,0,0,22,66,6,2,0.045,Credit Card,Android,Organic Search,None,Standard,3,3.4,Low,Yes
CUST100108,Joshua Barman,22,Male,Kerala,Thiruvananthapuram,09-07-2024,17-03-2025,Fashion,5,6355.22,1271.04,2825.79,Yes,0,0,23,92,8,4,0.087,UPI,Android,YouTube,None,Standard,1,4.3,Medium,Yes
CUST100109,Janya Baral,19,Female,Delhi,New Delhi,24-02-2026,15-08-2026,Sports & Fitness,4,8187.44,2046.86,738.19,Yes,0,0,14,70,7,3,0.071,Wallet,Windows Laptop,Instagram,None,Standard,1,4.2,Medium,No
CUST100110,Shivansh Krish,32,Female,Maharashtra,Nashik,07-08-2025,03-02-2026,Sports & Fitness,4,6629.26,1657.32,2698.76,Yes,0,0,18,36,5,2,0.056,Debit Card,Android,Google Ads,Platinum,Standard,0,3.7,Medium,No
CUST100111,Irya Ray,40,Male,Tamil Nadu,Madurai,09-04-2026,27-05-2026,Grocery,8,7849.84,981.23,2404.91,Yes,0,0,21,126,23,14,0.333,UPI,Tablet,Instagram,None,Standard,1,3.7,Medium,No
CUST100112,Warjas Gaba,30,Male,Karnataka,Mangaluru,14-05-2025,07-02-2026,Electronics,9,19189.61,2132.18,0,No,1,0.11,25,50,7,3,0.04,Credit Card,Android,Organic Search,Silver,Standard,0,5,High,No
CUST100113,Nitara Bakshi,19,Male,Jharkhand,Ranchi,02-08-2025,14-06-2026,Sports & Fitness,3,2808.06,936.02,0,No,0,0,22,88,17,9,0.273,UPI,MacBook,Google Ads,None,Standard,2,2.9,Low,No
CUST100114,Gaurangi Sabharwal,38,Female,Madhya Pradesh,Indore,26-03-2026,15-08-2026,Grocery,11,13627.24,1238.84,0,No,1,0.09,34,204,33,19,0.382,Debit Card,Android,Google Ads,Gold,Standard,0,3.7,Medium,No
CUST100115,Amara Dutta,44,Female,Bihar,Gaya,09-03-2025,24-04-2025,Beauty & Personal Care,5,3807.78,761.56,0,No,1,0.2,16,96,9,5,0.125,UPI,Windows Laptop,Google Ads,None,Standard,0,4.7,Medium,No
CUST100116,Lavanya Barad,26,Female,Haryana,Faridabad,03-03-2024,08-08-2025,Fashion,7,5018.28,716.9,0,No,0,0,22,110,11,7,0.136,UPI,Tablet,Organic Search,None,Standard,0,3.5,Medium,Yes
CUST100117,Tristan Iyengar,27,Female,Madhya Pradesh,Bhopal,28-03-2025,06-08-2026,Fashion,4,6102.48,1525.62,0,No,0,0,19,38,4,2,0.053,Wallet,Windows Laptop,Instagram,Silver,Standard,0,3.7,Medium,No
CUST100118,Inaya Mody,35,Female,Karnataka,Mysuru,07-05-2025,09-01-2026,Electronics,3,16746.13,5582.04,0,No,1,0.33,21,42,8,3,0.095,Credit Card,Android,Email,Platinum,Express,0,3.3,Medium,Yes
CUST100119,Udant Bajwa,44,Female,Haryana,Gurugram,07-10-2025,24-05-2026,Home & Kitchen,4,4058.13,1014.53,686.05,Yes,0,0,19,114,16,6,0.158,UPI,Windows Laptop,Email,Platinum,Standard,0,4.3,Medium,Yes
CUST100120,Mohini Narasimhan,27,Male,Uttar Pradesh,Varanasi,17-03-2025,28-11-2025,Beauty & Personal Care,7,10476,1496.57,4477.35,Yes,0,0,21,63,12,6,0.19,Credit Card,Android,Instagram,None,Express,0,4.4,Medium,No
CUST100121,Ekaraj Mallick,20,Female,Madhya Pradesh,Bhopal,02-11-2024,19-07-2025,Fashion,4,6855.92,1713.98,1186.45,Yes,1,0.25,25,50,4,2,0.04,UPI,Windows Laptop,Organic Search,None,Standard,1,3.3,Medium,No
CUST100122,Yashodhara Ratta,36,Female,Assam,Dibrugarh,18-02-2026,24-03-2026,Home & Kitchen,7,17585.13,2512.16,7048.68,Yes,0,0,19,38,6,3,0.053,Debit Card,Android,YouTube,Silver,Standard,1,5,Medium,No
CUST100123,Ayaan D’Alia,37,Female,Tamil Nadu,Coimbatore,04-01-2026,15-08-2026,Fashion,5,11758.3,2351.66,644.88,Yes,0,0,17,51,7,3,0.059,UPI,iPhone,YouTube,None,Standard,1,3.4,Medium,No
CUST100124,Pranav Lanka,31,Other,Maharashtra,Nagpur,05-05-2024,19-07-2025,Beauty & Personal Care,2,3388.71,1694.36,1411.71,Yes,0,0,19,95,9,4,0.105,UPI,Android,Direct,Silver,Standard,2,4.4,Low,No
CUST100125,Ikbal Saraf,27,Female,Delhi,Delhi,21-09-2024,16-12-2024,Books,7,8130.09,1161.44,0,No,0,0,10,20,1,1,0.1,UPI,Android,Email,Platinum,Express,0,3.2,Medium,Yes
CUST100126,Dipta Sarin,39,Female,Gujarat,Surat,07-01-2024,17-07-2024,Electronics,5,9805.87,1961.17,0,No,0,0,27,108,13,7,0.185,UPI,Android,Email,Gold,Standard,3,4.5,Medium,Yes
CUST100127,Lekha Gupta,35,Female,Punjab,Amritsar,16-02-2025,07-08-2026,Home & Kitchen,2,3763.74,1881.87,0,No,0,0,18,54,10,4,0.111,Credit Card,Android,Direct,None,Standard,1,4.5,Low,No
CUST100128,Chaitanya Sarin,25,Male,Haryana,Gurugram,24-07-2024,02-06-2025,Electronics,4,5710.66,1427.66,1140.11,Yes,1,0.25,21,42,7,2,0.048,UPI,MacBook,Organic Search,None,Express,1,3.6,Medium,No
CUST100129,Zinal Yohannan,31,Male,West Bengal,Durgapur,27-06-2024,03-04-2025,Beauty & Personal Care,8,17515.17,2189.4,0,No,1,0.12,28,84,12,6,0.143,UPI,Android,YouTube,None,Standard,0,4.4,High,Yes
CUST100130,Januja Sankar,20,Female,Rajasthan,Jodhpur,12-04-2025,15-08-2026,Grocery,3,4720.62,1573.54,0,No,0,0,30,90,17,11,0.2,Credit Card,Windows Laptop,Direct,None,Standard,2,4.3,Low,Yes
CUST100131,Ganga Murthy,36,Male,Gujarat,Surat,10-05-2025,15-08-2026,Mobile Accessories,7,7251.37,1035.91,979.15,Yes,0,0,21,105,11,4,0.095,Wallet,Android,Instagram,None,Express,2,3.9,Medium,No
CUST100132,Charita Tripathi,29,Female,Delhi,Delhi,25-11-2025,15-08-2026,Fashion,4,3406.52,851.63,1469.77,Yes,0,0,24,120,14,7,0.167,Credit Card,Android,Direct,Silver,Standard,0,4.7,Medium,No
CUST100133,Nilima Narain,28,Female,Maharashtra,Nagpur,18-03-2025,24-05-2025,Mobile Accessories,4,2213.62,553.4,480.75,Yes,0,0,26,156,24,17,0.462,Credit Card,Android,Direct,None,Express,3,3.5,Medium,No
CUST100134,Chakrika Datta,31,Female,Tamil Nadu,Coimbatore,15-08-2024,29-04-2026,Electronics,6,5165.14,860.86,312.04,Yes,0,0,21,42,6,3,0.048,UPI,Android,Organic Search,None,Same Day,1,5,Medium,Yes
CUST100135,Osha Raghavan,31,Other,Jharkhand,Jamshedpur,17-01-2026,15-08-2026,Beauty & Personal Care,4,5233.48,1308.37,1339.93,Yes,0,0,19,95,11,7,0.211,UPI,Android,Direct,None,Standard,1,4.5,Medium,No
CUST100136,Charvi Ravi,38,Male,Tamil Nadu,Chennai,25-05-2024,27-07-2025,Electronics,3,6217.71,2072.57,2784.79,Yes,0,0,23,46,6,2,0.043,Cash on Delivery,Android,Organic Search,Gold,Standard,0,3.2,Low,Yes
CUST100137,Daksha Mangat,36,Female,Rajasthan,Jodhpur,23-07-2025,15-08-2026,Books,3,3554.89,1184.96,651,Yes,0,0,11,66,6,3,0.091,Wallet,Android,Google Ads,Gold,Standard,1,4.5,Low,No
CUST100138,Qushi Nagy,30,Female,Odisha,Bhubaneswar,22-10-2024,09-03-2026,Home & Kitchen,4,6768.64,1692.16,0,No,1,0.25,26,130,10,4,0.115,UPI,Android,Referral,None,Standard,1,4,Medium,Yes
CUST100139,Riya Sathe,37,Male,Telangana,Hyderabad,28-08-2024,26-01-2026,Grocery,4,8246.29,2061.57,2535.09,Yes,0,0,15,75,15,5,0.133,Wallet,Windows Laptop,Organic Search,Silver,Express,1,3.7,Medium,Yes
CUST100140,Yasti Solanki,34,Male,Andhra Pradesh,Vijayawada,06-05-2026,15-08-2026,Sports & Fitness,5,3896.51,779.3,1628.47,Yes,0,0,23,138,19,10,0.304,UPI,Windows Laptop,Google Ads,Silver,Express,0,4.6,Medium,No
CUST100141,Frado Mander,28,Female,Andhra Pradesh,Visakhapatnam,13-10-2024,18-12-2025,Electronics,2,1759.11,879.56,0,No,1,0.5,27,108,12,6,0.074,Wallet,Android,Organic Search,None,Standard,0,4.8,Low,No
CUST100142,Girik Keer,30,Female,Delhi,Delhi,05-11-2025,15-08-2026,Electronics,5,3542.47,708.49,1108.07,Yes,1,0.2,24,96,12,7,0.167,Debit Card,Android,Referral,None,Standard,0,2.5,Medium,Yes
CUST100143,Umang Issac,30,Female,Rajasthan,Jaipur,26-01-2024,23-07-2025,Books,5,5152.17,1030.43,637.11,Yes,0,0,19,114,17,9,0.263,UPI,Android,Direct,Silver,Standard,0,4.1,Medium,No
CUST100144,Aryan Batra,35,Female,Tamil Nadu,Madurai,27-03-2025,16-04-2025,Fashion,9,14988.27,1665.36,0,No,1,0.11,24,96,20,10,0.208,UPI,Windows Laptop,Referral,None,Standard,1,4,Medium,No
CUST100145,Vaishnavi Bora,28,Male,Tamil Nadu,Coimbatore,15-04-2024,25-06-2025,Electronics,6,7681.73,1280.29,2913.59,Yes,1,0.17,24,96,17,6,0.167,Wallet,Android,Instagram,None,Standard,0,,Medium,No
CUST100146,Oeshi Hayer,28,Male,West Bengal,Howrah,27-08-2024,05-12-2025,Home & Kitchen,6,5273.26,878.88,2055.62,Yes,1,0.17,32,128,27,14,0.219,UPI,Android,Email,Gold,Standard,1,4.2,Medium,Yes
CUST100147,Warda Ratta,47,Male,Uttar Pradesh,Varanasi,01-05-2026,15-08-2026,Beauty & Personal Care,4,7845.83,1961.46,0,No,0,0,15,60,5,3,0.067,UPI,Android,Direct,None,Standard,0,4.8,Medium,No
CUST100148,Manbir Ahluwalia,39,Female,Rajasthan,Jaipur,21-02-2025,01-04-2026,Electronics,8,13693.82,1711.73,0,No,0,0,18,54,5,2,0.056,UPI,Windows Laptop,Instagram,Platinum,Standard,1,3.2,Medium,No
CUST100149,Pavani Kanda,25,Male,West Bengal,Howrah,27-11-2024,10-11-2025,Fashion,5,7835.44,1567.09,878.06,Yes,0,0,24,72,9,4,0.125,Credit Card,Android,Direct,Gold,Same Day,2,3.6,Medium,No
CUST100150,Zarna Shetty,36,Other,Tamil Nadu,Coimbatore,09-06-2026,15-08-2026,Electronics,6,7514.5,1252.42,0,No,0,0,18,90,10,6,0.222,UPI,Android,Direct,Gold,Standard,2,3.6,Medium,No
CUST100151,Zaid Dara,32,Other,Assam,Guwahati,11-02-2024,28-01-2025,Home & Kitchen,4,3210.45,802.61,0,No,0,0,32,64,13,7,0.094,Cash on Delivery,Android,Organic Search,Silver,Express,0,4.5,Medium,Yes
CUST100152,Kiaan Shetty,34,Other,Delhi,Delhi,06-10-2025,16-01-2026,Books,6,4303.95,717.32,0,No,0,0,17,51,5,1,0.059,Net Banking,MacBook,Direct,None,Standard,2,3.7,Medium,No
CUST100153,Saanvi Thaman,32,Male,Maharashtra,Pune,08-04-2026,15-08-2026,Mobile Accessories,6,8371.11,1395.19,0,No,0,0,23,46,4,2,0.043,UPI,Windows Laptop,Organic Search,Silver,Standard,0,4.6,Medium,No
CUST100154,Sanaya Dutt,41,Female,Rajasthan,Jaipur,09-07-2025,26-09-2025,Beauty & Personal Care,5,7476.03,1495.21,3219.84,Yes,0,0,18,108,16,11,0.444,Debit Card,Android,Google Ads,None,Standard,0,4.7,Medium,Yes
CUST100155,Shivani Lad,34,Male,Andhra Pradesh,Vijayawada,04-02-2024,22-04-2024,Electronics,7,11616.6,1659.51,661.07,Yes,0,0,15,90,15,9,0.267,Debit Card,Android,YouTube,None,Standard,0,4,Medium,Yes
CUST100156,Aradhana Verma,31,Male,Delhi,Delhi,25-05-2026,15-08-2026,Books,7,28794.4,4113.49,8679.77,Yes,0,0,18,108,14,9,0.333,Credit Card,iPhone,Organic Search,Platinum,Express,2,4.2,Medium,No
CUST100157,William Maharaj,39,Male,Odisha,Cuttack,12-12-2024,07-01-2026,Home & Kitchen,4,4190.77,1047.69,0,No,0,0,19,38,3,1,0.053,UPI,Android,Direct,None,Express,2,4,Medium,No
CUST100158,Faras Mangal,33,Female,Madhya Pradesh,Bhopal,18-01-2025,27-12-2025,Electronics,6,8061.76,1343.63,0,No,0,0,19,114,21,8,0.158,Cash on Delivery,Android,Email,None,Standard,2,5,Medium,No
CUST100159,Anita Nayak,32,Male,Delhi,Delhi,27-05-2025,15-08-2026,Books,5,7416.65,1483.33,0,No,0,0,20,100,21,12,0.5,UPI,MacBook,Instagram,Silver,Standard,0,3.4,Medium,Yes
CUST100160,Faris Devi,34,Female,Kerala,Kochi,07-01-2026,15-08-2026,Grocery,7,8694.16,1242.02,2807.77,Yes,1,0.14,23,46,8,3,0.087,UPI,Windows Laptop,Email,None,Standard,0,3,Medium,No
CUST100161,Vihaan Rajagopal,30,Male,Telangana,Hyderabad,21-03-2026,15-08-2026,Grocery,8,6078.69,759.84,1799.15,Yes,0,0,15,75,14,9,0.267,UPI,Android,Email,Gold,Express,0,2.3,Medium,No
CUST100162,Tanish Bhatt,31,Male,Bihar,Muzaffarpur,14-10-2024,06-09-2025,Grocery,5,5873.86,1174.77,0,No,0,0,16,80,15,6,0.188,UPI,Windows Laptop,Google Ads,None,Express,0,4.3,Medium,No
CUST100163,Nikita Narayanan,26,Male,Bihar,Gaya,17-01-2026,15-08-2026,Fashion,4,10717.05,2679.26,2758.76,Yes,0,0,23,92,17,8,0.217,UPI,Android,Organic Search,None,Express,2,4.3,Medium,No
CUST100164,Ojasvi Bhatia,25,Female,Uttar Pradesh,Lucknow,20-05-2026,15-08-2026,Fashion,5,8557.95,1711.59,0,No,0,0,16,80,15,5,0.25,UPI,Windows Laptop,YouTube,Gold,Same Day,1,3.3,Medium,No
CUST100165,Osha Ramachandran,23,Female,Maharashtra,Nashik,02-02-2024,29-03-2024,Grocery,6,13272.44,2212.07,0,No,0,0,29,87,7,3,0.034,UPI,Android,Email,None,Express,1,3.6,Medium,Yes
CUST100166,Lajita Sood,20,Female,Punjab,Amritsar,04-04-2024,29-11-2025,Fashion,5,4624.16,924.83,0,No,1,0.2,25,125,10,4,0.04,Credit Card,Windows Laptop,Direct,Silver,Standard,1,4.8,Medium,No
CUST100167,Indira Misra,24,Female,Tamil Nadu,Madurai,23-07-2024,22-06-2025,Home & Kitchen,5,10913.06,2182.61,2987.61,Yes,1,0.2,23,138,12,4,0.043,Credit Card,MacBook,Organic Search,Silver,Standard,3,4.7,Medium,Yes
CUST100168,Oni Yohannan,30,Female,Karnataka,Bengaluru,12-09-2025,15-08-2026,Grocery,6,3726.28,621.05,1309.47,Yes,2,0.33,21,84,13,5,0.143,Net Banking,iPhone,Google Ads,Platinum,Express,2,3.9,Medium,Yes
CUST100169,Vinaya Kanda,32,Male,West Bengal,Durgapur,13-04-2026,15-08-2026,Grocery,5,6471.52,1294.3,0,No,1,0.2,24,48,5,2,0.042,Net Banking,Android,Referral,None,Standard,0,,Medium,No
CUST100170,Rajata Sunder,29,Female,Uttar Pradesh,Varanasi,30-01-2024,25-11-2024,Home & Kitchen,2,1372.76,686.38,0,No,1,0.5,26,130,10,4,0.077,UPI,iPhone,Instagram,None,Standard,0,3.8,Low,Yes
CUST100171,Lopa Nayar,18,Female,Odisha,Bhubaneswar,22-09-2024,26-03-2025,Sports & Fitness,5,17703.1,3540.62,1341.45,Yes,3,0.6,20,80,7,4,0.1,Wallet,Android,Organic Search,None,Same Day,0,4.3,Medium,No
CUST100172,Noah Sibal,44,Male,West Bengal,Howrah,23-01-2024,03-10-2025,Sports & Fitness,4,5761.52,1440.38,568.57,Yes,0,0,15,75,6,2,0.067,Credit Card,Android,YouTube,None,Standard,1,4.4,Medium,Yes
CUST100173,Avi Ramesh,40,Female,Rajasthan,Jaipur,31-08-2025,04-06-2026,Grocery,7,15721.05,2245.86,0,No,0,0,19,95,15,7,0.158,Cash on Delivery,Android,Direct,None,Standard,0,4.7,Medium,No
CUST100174,Fiyaz Sangha,35,Female,Delhi,New Delhi,08-02-2024,10-08-2025,Fashion,6,9650.81,1608.47,1842.55,Yes,2,0.33,22,132,13,6,0.091,UPI,Android,Direct,Silver,Standard,0,4.6,Medium,Yes
CUST100175,Triya Gopal,46,Female,Bihar,Gaya,21-06-2024,24-11-2024,Fashion,5,8212.22,1642.44,0,No,0,0,26,78,15,8,0.115,UPI,MacBook,Direct,Silver,Same Day,0,3.6,Medium,Yes
CUST100176,Abha Raghavan,23,Female,Karnataka,Mysuru,29-01-2026,10-07-2026,Fashion,5,3730.1,746.02,926.77,Yes,0,0,19,76,16,11,0.316,Credit Card,Android,Google Ads,Gold,Standard,1,4.2,Medium,No
CUST100177,Siddharth Sha,46,Male,Odisha,Bhubaneswar,09-06-2026,15-08-2026,Electronics,3,3271.78,1090.59,372.66,Yes,0,0,21,84,11,6,0.143,UPI,Windows Laptop,Organic Search,Silver,Standard,2,4.4,Low,No
CUST100178,Geetika Raghavan,23,Female,Telangana,Hyderabad,16-02-2025,15-08-2026,Fashion,4,2702.93,675.73,530.67,Yes,0,0,22,110,17,11,0.227,Credit Card,iPhone,Email,Gold,Express,1,3.7,Medium,Yes
CUST100179,Oviya Krishnan,33,Male,Jharkhand,Ranchi,17-02-2025,15-08-2026,Fashion,4,4604.56,1151.14,1815.3,Yes,0,0,20,80,9,3,0.1,UPI,Android,Referral,None,Standard,1,4.1,Medium,No
CUST100180,Upma Bahl,21,Female,Maharashtra,Pune,04-11-2025,15-08-2026,Home & Kitchen,6,9221.95,1536.99,0,No,0,0,16,32,5,3,0.125,Credit Card,Windows Laptop,Referral,Silver,Standard,3,3.6,Medium,Yes
CUST100181,Inaya Kapur,31,Female,Tamil Nadu,Madurai,22-11-2025,31-12-2025,Books,10,8682.44,868.24,2138.02,Yes,0,0,15,30,6,3,0.133,Debit Card,Android,Google Ads,Gold,Standard,1,3.5,Medium,No
CUST100182,Banjeet Balasubramanian,34,Other,Maharashtra,Nagpur,06-09-2025,15-08-2026,Electronics,5,3459.19,691.84,1209.53,Yes,1,0.2,22,110,11,5,0.136,UPI,Windows Laptop,Organic Search,Silver,Standard,0,3.2,Medium,No
CUST100183,Ryan Bahri,30,Male,Assam,Dibrugarh,27-07-2024,12-11-2024,Grocery,6,4592.92,765.49,1614.05,Yes,2,0.33,22,88,18,12,0.409,Credit Card,Android,Email,Silver,Standard,1,3.3,Medium,Yes
CUST100184,William Date,37,Male,Haryana,Gurugram,22-01-2024,06-12-2024,Grocery,7,11482.08,1640.3,776.68,Yes,0,0,22,110,12,7,0.227,UPI,Android,Instagram,None,Standard,0,3.8,Medium,No
CUST100185,Ishwar Kamdar,32,Male,Delhi,Delhi,05-01-2024,22-07-2024,Electronics,7,7934.95,1133.56,2335.7,Yes,0,0,12,24,2,1,0.083,Net Banking,Android,Referral,None,Standard,0,3.7,Medium,Yes
CUST100186,Aahana Pillay,27,Male,Bihar,Gaya,12-10-2025,05-08-2026,Books,7,3966.59,566.66,1474.82,Yes,0,0,21,84,17,10,0.333,Net Banking,iPhone,Direct,Gold,Standard,2,4.7,Medium,No
CUST100187,Ishwar Gade,26,Female,Punjab,Amritsar,01-08-2024,17-01-2025,Beauty & Personal Care,5,7100.81,1420.16,2042.11,Yes,1,0.2,28,84,13,4,0.071,Debit Card,iPhone,Google Ads,None,Express,2,3.6,Medium,No
CUST100188,Hritik Bal,37,Female,Uttar Pradesh,Noida,02-11-2025,30-11-2025,Fashion,12,23853.63,1987.8,6359.88,Yes,1,0.08,13,65,5,2,0.077,UPI,Windows Laptop,Referral,Gold,Standard,0,4,High,No
CUST100189,Keya Ranganathan,26,Female,Uttar Pradesh,Varanasi,18-05-2024,08-05-2025,Grocery,8,11069.48,1383.68,2905.59,Yes,0,0,31,62,11,7,0.129,Wallet,MacBook,Instagram,Platinum,Standard,0,4.2,Medium,Yes
CUST100190,Faqid Kibe,38,Female,Delhi,Delhi,18-10-2025,15-08-2026,Fashion,3,2011.68,670.56,0,No,0,0,17,34,5,3,0.059,Debit Card,Android,YouTube,None,Standard,0,3.5,Low,Yes
CUST100191,Charvi Dara,41,Male,Maharashtra,Mumbai,02-11-2025,15-08-2026,Grocery,1,1183.84,1183.84,427.75,Yes,0,0,27,81,14,9,0.185,UPI,MacBook,Email,None,Standard,0,,Low,No
CUST100192,Idika Walia,18,Male,Assam,Dibrugarh,17-08-2025,17-12-2025,Electronics,9,7613.91,845.99,2337.26,Yes,0,0,18,90,9,5,0.222,Credit Card,Android,Google Ads,None,Express,0,2.2,Medium,No
CUST100193,Kamala Biswas,40,Male,Assam,Dibrugarh,28-10-2025,15-08-2026,Sports & Fitness,2,2506.13,1253.06,341.34,Yes,0,0,10,60,12,6,0.3,Debit Card,Android,Email,Silver,Standard,0,4.8,Low,Yes
CUST100194,Advik Salvi,47,Female,Bihar,Patna,10-03-2026,15-08-2026,Home & Kitchen,7,7565.89,1080.84,0,No,0,0,26,156,29,12,0.269,Debit Card,iPhone,Organic Search,Gold,Express,0,4.3,Medium,No
CUST100195,Hitesh Sant,33,Female,Tamil Nadu,Coimbatore,12-11-2024,08-02-2026,Beauty & Personal Care,3,4714.99,1571.66,1232.73,Yes,2,0.67,21,42,8,3,0.095,Credit Card,Windows Laptop,Instagram,None,Standard,2,5,Low,Yes
CUST100196,Tripti Dua,36,Female,Telangana,Hyderabad,03-03-2026,15-08-2026,Fashion,4,1835.72,458.93,0,No,0,0,26,156,21,15,0.308,UPI,Android,Google Ads,Gold,Standard,0,4,Medium,No
CUST100197,Patrick Vig,39,Male,Kerala,Kochi,29-07-2025,15-08-2026,Grocery,9,14407.16,1600.8,2089.51,Yes,1,0.11,22,44,6,2,0.045,UPI,Android,Organic Search,None,Standard,1,4.6,Medium,No
CUST100198,Veda Shroff,29,Male,Assam,Guwahati,04-12-2025,27-05-2026,Grocery,4,5293.5,1323.38,528.8,Yes,0,0,15,90,16,7,0.267,Wallet,Android,Organic Search,None,Standard,0,4.8,Medium,No
CUST100199,Amrita Naidu,32,Female,Haryana,Faridabad,04-06-2024,24-08-2025,Home & Kitchen,4,2959.99,740,0,No,0,0,16,32,3,1,0.062,Cash on Delivery,Android,Organic Search,Silver,Express,0,4.2,Medium,Yes
CUST100200,Gabriel Mallick,20,Male,Madhya Pradesh,Bhopal,27-02-2025,13-04-2026,Beauty & Personal Care,10,14556.94,1455.69,2453.07,Yes,0,0,17,68,7,4,0.176,Credit Card,Android,YouTube,None,Standard,0,3.1,Medium,No
CUST100201,Yagnesh Shetty,32,Female,Bihar,Gaya,14-05-2025,15-08-2026,Home & Kitchen,3,2742.21,914.07,0,No,0,0,15,45,5,2,0.067,Credit Card,Android,Instagram,None,Standard,1,5,Low,No
CUST100202,Gayathri Balakrishnan,35,Male,Maharashtra,Nashik,31-03-2024,15-08-2025,Books,3,3994.98,1331.66,1290.98,Yes,2,0.67,14,28,5,1,0.071,UPI,Android,Google Ads,Silver,Standard,0,4,Low,No
CUST100203,Ekta Gopal,35,Male,Karnataka,Bengaluru,15-10-2025,06-05-2026,Home & Kitchen,4,3166.94,791.74,1406.02,Yes,0,0,24,144,11,5,0.125,UPI,Android,Instagram,Silver,Express,0,3.9,Medium,No
CUST100204,Simon Pant,40,Female,Assam,Guwahati,11-02-2024,18-04-2025,Sports & Fitness,4,6317.72,1579.43,2583.58,Yes,0,0,19,95,20,13,0.474,UPI,Windows Laptop,Referral,Gold,Standard,1,4.2,Medium,Yes
CUST100205,Harini Mammen,25,Male,Uttar Pradesh,Lucknow,30-01-2026,15-08-2026,Sports & Fitness,4,1750.47,437.62,657.26,Yes,0,0,21,126,17,11,0.286,Net Banking,Android,Direct,Platinum,Standard,2,5,Medium,No
CUST100206,Advaith Varughese,27,Female,West Bengal,Howrah,21-10-2024,31-10-2025,Home & Kitchen,7,9280.69,1325.81,3484.85,Yes,0,0,23,69,11,6,0.13,Debit Card,Android,Google Ads,Silver,Standard,0,4.7,Medium,Yes
CUST100207,Frederick Khurana,46,Female,Maharashtra,Mumbai,08-02-2026,11-06-2026,Fashion,8,11483.92,1435.49,0,No,0,0,15,90,12,7,0.2,UPI,iPhone,Direct,Silver,Standard,2,4.7,Medium,No
CUST100208,Vrinda Khosla,30,Female,Bihar,Gaya,02-12-2024,13-10-2025,Home & Kitchen,10,34596.16,3459.62,0,No,1,0.1,27,162,30,10,0.148,Debit Card,MacBook,Instagram,Gold,Standard,1,3.9,High,Yes
CUST100209,Vritti Sem,33,Female,West Bengal,Durgapur,01-01-2024,17-01-2025,Sports & Fitness,3,3309.6,1103.2,790.25,Yes,0,0,18,90,19,8,0.333,Cash on Delivery,Android,Google Ads,Gold,Standard,1,5,Low,Yes
CUST100210,Girik Menon,30,Female,Karnataka,Mysuru,18-04-2024,12-01-2025,Fashion,4,12906.18,3226.54,1381.24,Yes,1,0.25,18,36,5,3,0.111,Debit Card,iPhone,YouTube,None,Standard,0,3.9,Medium,Yes
CUST100211,Nidhi Kohli,24,Male,Uttar Pradesh,Lucknow,04-05-2024,30-03-2025,Home & Kitchen,2,5205.81,2602.91,1439.78,Yes,1,0.5,19,76,7,3,0.053,UPI,MacBook,Google Ads,None,Express,0,3.1,Low,Yes
CUST100212,Jyoti Solanki,44,Female,Odisha,Cuttack,04-03-2024,28-05-2024,Sports & Fitness,5,7041.33,1408.27,416.85,Yes,1,0.2,15,75,8,4,0.2,UPI,Android,Google Ads,Silver,Express,0,4.1,Medium,Yes
CUST100213,Pavani Narayanan,27,Female,Bihar,Muzaffarpur,24-07-2024,03-05-2025,Fashion,6,6721.05,1120.18,0,No,0,0,20,60,7,4,0.1,UPI,Tablet,Direct,None,Standard,1,4.1,Medium,No
CUST100214,Sudiksha Madan,22,Male,Delhi,Delhi,18-02-2025,18-07-2026,Beauty & Personal Care,5,3311.67,662.33,0,No,0,0,27,135,14,8,0.148,Credit Card,Android,Google Ads,Silver,Same Day,2,3.4,Medium,No
CUST100215,Zayan Kashyap,27,Female,Kerala,Kozhikode,29-04-2026,15-08-2026,Fashion,6,6149.63,1024.94,0,No,0,0,21,42,3,1,0.048,Net Banking,Android,Organic Search,Silver,Standard,1,3.7,Medium,No
CUST100216,Reyansh Mutti,18,Female,Delhi,New Delhi,31-08-2024,05-01-2026,Electronics,3,4242.09,1414.03,924.71,Yes,0,0,13,39,7,5,0.154,UPI,iPhone,Instagram,Gold,Standard,2,3.6,Low,Yes
CUST100217,Qasim Handa,26,Female,Tamil Nadu,Coimbatore,12-08-2025,18-02-2026,Sports & Fitness,4,4585.84,1146.46,1755.57,Yes,1,0.25,15,60,10,4,0.133,Credit Card,iPhone,Google Ads,Gold,Standard,0,5,Medium,No
CUST100218,Veda Malhotra,23,Female,Kerala,Kochi,14-09-2025,25-05-2026,Electronics,3,5453.17,1817.72,0,No,0,0,17,68,10,4,0.118,UPI,Tablet,Instagram,Platinum,Standard,1,3.8,Low,No
CUST100219,Harish Hari,36,Male,Bihar,Gaya,15-10-2025,15-08-2026,Fashion,8,15894.92,1986.86,939.29,Yes,1,0.12,21,126,12,7,0.238,Cash on Delivery,Android,YouTube,Gold,Express,0,4.5,High,No
CUST100220,Utkarsh Patel,26,Male,Punjab,Ludhiana,03-08-2024,02-11-2025,Sports & Fitness,3,4828.18,1609.39,0,No,0,0,23,138,11,4,0.13,Debit Card,Tablet,Organic Search,None,Standard,0,4.6,Low,Yes
CUST100221,Chasmum Atwal,38,Male,Bihar,Patna,11-06-2025,15-08-2026,Fashion,9,17403.28,1933.7,5634.79,Yes,0,0,23,69,9,4,0.087,UPI,Windows Laptop,Email,None,Express,1,4.7,High,Yes
CUST100222,Anusha Bath,42,Male,Uttar Pradesh,Varanasi,19-07-2025,15-08-2026,Mobile Accessories,8,14267.54,1783.44,2060.92,Yes,2,0.25,17,68,5,3,0.059,UPI,Android,Instagram,None,Standard,1,4.6,Medium,No
CUST100223,Brinda Date,37,Female,Maharashtra,Pune,14-10-2025,04-02-2026,Mobile Accessories,5,7618.77,1523.75,3013.07,Yes,0,0,18,36,3,1,0.056,Debit Card,Android,Instagram,None,Standard,1,4.3,Medium,No
CUST100224,Harshil Arora,29,Female,Telangana,Hyderabad,14-01-2025,23-12-2025,Fashion,3,2960.38,986.79,564.66,Yes,1,0.33,20,60,5,1,0.05,Credit Card,Android,Organic Search,Silver,Express,1,2.4,Low,Yes
CUST100225,Upasna Srinivas,32,Male,Delhi,Delhi,27-04-2026,15-08-2026,Electronics,8,25330.61,3166.33,4139.14,Yes,0,0,22,132,25,14,0.409,Wallet,MacBook,Instagram,None,Standard,0,2.8,High,No
CUST100226,Harini Gour,19,Female,Delhi,New Delhi,19-03-2024,21-06-2025,Grocery,5,10335.62,2067.12,0,No,0,0,15,90,16,10,0.333,Credit Card,Android,Instagram,None,Standard,0,3.5,Medium,Yes
CUST100227,Zayyan Sridhar,30,Other,Andhra Pradesh,Vijayawada,18-02-2025,24-12-2025,Home & Kitchen,5,7943.13,1588.63,2220.8,Yes,0,0,30,180,22,14,0.3,UPI,Android,Organic Search,Gold,Standard,1,3.7,Medium,No
CUST100228,Dhruv Rattan,24,Female,Telangana,Warangal,28-03-2025,27-06-2026,Electronics,6,4893.25,815.54,1920.72,Yes,1,0.17,15,75,9,5,0.133,Cash on Delivery,iPhone,Organic Search,Silver,Standard,0,3.6,Medium,No
CUST100229,Ethan Bera,37,Female,Haryana,Faridabad,28-05-2024,12-07-2024,Grocery,7,39982.76,5711.82,8493.33,Yes,0,0,33,132,16,10,0.182,Net Banking,Android,Google Ads,None,Standard,0,4.2,Medium,No
CUST100230,Manthan Modi,52,Female,Bihar,Patna,30-09-2025,22-02-2026,Electronics,4,3690.99,922.75,0,No,0,0,25,125,19,8,0.2,UPI,Android,Organic Search,Gold,Express,2,4.2,Medium,No
CUST100231,Yuvraj Dani,35,Male,Madhya Pradesh,Indore,31-10-2025,15-08-2026,Books,4,5490.1,1372.52,1198.74,Yes,0,0,15,45,9,5,0.2,Cash on Delivery,Android,Google Ads,None,Standard,1,3.1,Medium,No
CUST100232,Upkaar Virk,18,Male,Rajasthan,Jaipur,01-03-2026,15-08-2026,Electronics,5,7723.14,1544.63,3181.28,Yes,0,0,21,105,15,5,0.095,UPI,Android,Direct,Silver,Express,0,4.7,Medium,Yes
CUST100233,Shravya Savant,28,Female,Uttar Pradesh,Kanpur,07-02-2024,12-01-2025,Electronics,5,3251.42,650.28,597.66,Yes,1,0.2,21,84,8,5,0.095,Credit Card,iPhone,YouTube,Silver,Standard,0,4.3,Medium,No
CUST100234,Pushti Mody,32,Male,Rajasthan,Jodhpur,05-06-2024,13-03-2025,Electronics,5,9686.5,1937.3,0,No,0,0,25,75,7,2,0.04,Debit Card,Android,Instagram,Silver,Express,0,3.9,Medium,No
CUST100235,Hardik Johal,32,Female,Karnataka,Mangaluru,28-11-2024,24-09-2025,Mobile Accessories,6,8331.97,1388.66,0,No,0,0,27,108,9,5,0.111,Net Banking,Windows Laptop,Email,None,Standard,0,4.1,Medium,Yes
CUST100236,Aishani Bumb,25,Female,Kerala,Thiruvananthapuram,14-10-2024,15-08-2025,Grocery,3,2463.35,821.12,0,No,0,0,23,92,16,11,0.261,UPI,Android,Organic Search,Silver,Standard,2,4.9,Low,Yes
CUST100237,Wriddhish Ghose,33,Female,Tamil Nadu,Coimbatore,21-04-2024,08-05-2025,Sports & Fitness,6,10617.4,1769.57,0,No,1,0.17,27,54,7,4,0.074,UPI,Tablet,Direct,None,Express,1,4.2,Medium,Yes
CUST100238,Naksh Agate,21,Male,West Bengal,Durgapur,02-12-2025,15-08-2026,Home & Kitchen,6,4270.9,711.82,0,No,0,0,17,34,7,3,0.118,Debit Card,Windows Laptop,Organic Search,Gold,Express,3,4.5,Medium,No
CUST100239,Shravya Singhal,23,Male,Bihar,Gaya,09-09-2025,15-08-2026,Fashion,2,1996.29,998.14,0,No,0,0,19,38,4,2,0.053,Debit Card,Android,Instagram,None,Express,1,3.2,Low,No
CUST100240,Bachittar Kata,36,Male,Karnataka,Mangaluru,31-03-2024,29-09-2024,Fashion,4,3178.29,794.57,923.63,Yes,0,0,14,84,16,8,0.357,Wallet,Android,Direct,Silver,Standard,0,4,Medium,Yes
CUST100241,Barkha Setty,23,Male,Jharkhand,Jamshedpur,15-05-2026,15-08-2026,Home & Kitchen,6,12228.1,2038.02,5379.76,Yes,1,0.17,15,75,11,5,0.2,UPI,Android,Google Ads,Platinum,Standard,0,3.8,Medium,No
CUST100242,Vivaan Lalla,35,Male,Jharkhand,Jamshedpur,23-03-2026,15-08-2026,Beauty & Personal Care,2,3748.32,1874.16,0,No,0,0,20,40,7,4,0.1,Credit Card,Android,Organic Search,None,Express,3,3.7,Low,Yes
CUST100243,Pavani Contractor,20,Female,Assam,Dibrugarh,18-02-2024,12-02-2025,Beauty & Personal Care,5,3266.66,653.33,0,No,0,0,21,63,9,4,0.143,Debit Card,Android,Google Ads,Silver,Standard,0,4,Medium,No
CUST100244,Manthan Lata,45,Male,Telangana,Hyderabad,09-06-2024,09-09-2024,Fashion,7,6238.12,891.16,0,No,0,0,20,120,12,5,0.1,Credit Card,Windows Laptop,Organic Search,None,Standard,0,4.3,Medium,Yes
CUST100245,Ekbal Bhasin,25,Male,West Bengal,Kolkata,30-05-2025,06-09-2025,Mobile Accessories,4,3352.65,838.16,182.51,Yes,1,0.25,16,32,6,2,0.062,Wallet,Android,Referral,Gold,Standard,3,,Medium,No
CUST100246,Damyanti Mani,29,Male,Jharkhand,Jamshedpur,05-02-2025,08-09-2025,Electronics,5,9333.6,1866.72,0,No,0,0,28,140,11,4,0.071,UPI,Android,Direct,None,Standard,2,4.3,Medium,No
CUST100247,Jeet Sidhu,34,Female,Gujarat,Surat,10-12-2025,15-08-2026,Mobile Accessories,1,871.42,871.42,0,No,0,0,30,180,27,11,0.233,UPI,Android,Direct,Gold,Express,1,2.4,Low,No
CUST100248,Neha Magar,26,Male,Andhra Pradesh,Visakhapatnam,15-11-2024,25-11-2025,Electronics,2,2199.15,1099.58,0,No,0,0,27,162,17,11,0.185,Debit Card,Tablet,Organic Search,Gold,Standard,0,4.3,Low,No
CUST100249,Raksha Buch,32,Male,Andhra Pradesh,Visakhapatnam,29-12-2024,31-07-2026,Home & Kitchen,9,11965.09,1329.45,0,No,0,0,17,51,6,3,0.118,Debit Card,MacBook,Direct,None,Standard,0,4.5,Medium,No
CUST100250,Rachana Naidu,36,Female,Punjab,Chandigarh,07-06-2026,15-08-2026,Fashion,4,5079.51,1269.88,0,No,1,0.25,18,72,9,3,0.111,Credit Card,Android,Referral,None,Same Day,4,3.3,Medium,Yes
CUST100251,Atharv Chand,39,Male,Tamil Nadu,Coimbatore,17-03-2025,18-01-2026,Home & Kitchen,2,5977.02,2988.51,927.24,Yes,0,0,16,48,7,3,0.062,Cash on Delivery,Android,Referral,Gold,Standard,1,4.5,Low,Yes
CUST100252,Ansh Luthra,37,Female,Telangana,Warangal,19-04-2025,21-02-2026,Beauty & Personal Care,10,8518.28,851.83,1567.92,Yes,0,0,17,85,11,8,0.353,UPI,Android,Instagram,None,Standard,2,4.8,Medium,No
CUST100253,Parth Singhal,30,Female,Punjab,Chandigarh,04-02-2026,07-06-2026,Home & Kitchen,3,3876.57,1292.19,0,No,1,0.33,25,125,21,13,0.24,UPI,Android,Google Ads,None,Standard,1,4.2,Low,No
CUST100254,Arunima Golla,30,Female,Tamil Nadu,Coimbatore,24-08-2025,15-08-2026,Home & Kitchen,4,7471.2,1867.8,2667.11,Yes,0,0,30,150,15,8,0.133,UPI,Android,Google Ads,None,Standard,1,3.9,Medium,Yes
CUST100255,Vyanjana Chand,50,Female,Karnataka,Bengaluru,07-11-2024,14-07-2026,Grocery,5,4519.16,903.83,0,No,0,0,21,126,24,9,0.238,Debit Card,Windows Laptop,Instagram,None,Standard,1,4.1,Medium,No
CUST100256,Ijaya Rege,39,Male,Uttar Pradesh,Varanasi,15-06-2025,15-08-2026,Grocery,4,4473.71,1118.43,1563.93,Yes,0,0,27,135,22,11,0.333,Cash on Delivery,Android,Email,Silver,Standard,0,3.4,Medium,No
CUST100257,Ekani Cheema,24,Male,Jharkhand,Ranchi,11-08-2025,19-05-2026,Sports & Fitness,12,16442.28,1370.19,0,No,0,0,20,60,7,4,0.1,UPI,Android,Google Ads,Silver,Standard,0,3.8,High,No
CUST100258,Forum Sabharwal,32,Male,Odisha,Bhubaneswar,07-08-2024,22-11-2024,Fashion,7,15237.14,2176.73,6830.98,Yes,1,0.14,15,90,13,9,0.333,UPI,Android,Direct,Gold,Express,0,4.3,Medium,Yes
CUST100259,Bhavya Rattan,28,Male,Uttar Pradesh,Lucknow,04-11-2025,21-01-2026,Beauty & Personal Care,5,11440.64,2288.13,0,No,1,0.2,22,66,9,4,0.091,Cash on Delivery,Windows Laptop,Organic Search,None,Standard,1,5,Medium,Yes
CUST100260,Suhani Chakrabarti,30,Male,Maharashtra,Mumbai,11-05-2025,27-07-2026,Beauty & Personal Care,3,4192.28,1397.43,879.98,Yes,0,0,24,48,9,5,0.083,UPI,iPhone,Organic Search,Silver,Standard,0,4.7,Low,No
CUST100261,Zayyan Naik,21,Male,Bihar,Muzaffarpur,08-12-2024,25-12-2025,Fashion,7,5860.48,837.21,2243.82,Yes,0,0,18,36,5,2,0.056,UPI,Windows Laptop,Instagram,None,Standard,0,2.8,Medium,No
CUST100262,Netra Varkey,28,Female,Andhra Pradesh,Vijayawada,18-09-2025,15-01-2026,Home & Kitchen,3,2782.22,927.41,0,No,0,0,22,44,8,5,0.182,Credit Card,Android,Direct,Silver,Express,0,3.4,Low,No
CUST100263,Turvi Sachdev,45,Female,Maharashtra,Nashik,03-04-2024,12-11-2024,Fashion,4,10354.31,2588.58,3627.5,Yes,0,0,25,75,14,6,0.16,UPI,Android,Email,Silver,Same Day,0,3.7,Medium,Yes
CUST100264,Raghav Vasa,36,Male,Rajasthan,Jaipur,12-05-2024,21-12-2025,Electronics,8,12083.35,1510.42,0,No,0,0,15,60,10,6,0.2,Cash on Delivery,MacBook,Organic Search,Gold,Standard,0,4.4,Medium,No
CUST100265,Wishi Sathe,18,Male,Haryana,Gurugram,15-05-2025,15-08-2026,Fashion,5,4684.29,936.86,566.98,Yes,0,0,19,57,10,5,0.158,Debit Card,Tablet,Organic Search,Platinum,Standard,0,4.1,Medium,No
CUST100266,Samar Loke,41,Male,Kerala,Kochi,20-06-2024,03-09-2024,Electronics,8,8698.38,1087.3,0,No,0,0,19,38,4,2,0.053,UPI,Windows Laptop,Organic Search,Gold,Standard,1,5,Medium,Yes
CUST100267,Bhavna Sarma,40,Male,Odisha,Cuttack,17-09-2025,15-08-2026,Grocery,7,6038.66,862.67,2197.56,Yes,0,0,16,64,12,6,0.312,UPI,Windows Laptop,Email,Gold,Standard,0,4.6,Medium,No
CUST100268,Jairaj Balakrishnan,28,Female,Odisha,Cuttack,09-01-2024,04-02-2024,Grocery,2,2873.36,1436.68,272.34,Yes,0,0,22,132,23,13,0.273,UPI,Android,Google Ads,None,Standard,0,4.4,Low,Yes
CUST100269,Nathan Mukhopadhyay,37,Male,Telangana,Hyderabad,21-03-2026,15-08-2026,Mobile Accessories,5,9900.73,1980.15,2538.95,Yes,0,0,26,130,11,5,0.077,UPI,Tablet,Google Ads,Gold,Standard,0,,Medium,No
CUST100270,Nikita Chander,24,Male,Tamil Nadu,Coimbatore,10-02-2026,15-08-2026,Grocery,12,44313.64,3692.8,15356.56,Yes,0,0,22,88,15,7,0.182,Wallet,Android,Direct,None,Standard,1,4.2,High,No
CUST100271,Ishaan Shenoy,27,Female,Madhya Pradesh,Bhopal,12-11-2025,08-02-2026,Electronics,7,14319.97,2045.71,0,No,0,0,25,50,7,3,0.08,UPI,Android,YouTube,Silver,Standard,0,4.9,Medium,No
CUST100272,Mitesh Tara,43,Female,Madhya Pradesh,Indore,16-11-2024,21-12-2025,Books,11,13352.29,1213.84,2748.36,Yes,0,0,27,108,10,5,0.111,UPI,Windows Laptop,Direct,None,Standard,0,3.9,Medium,No
CUST100273,Yashodhara Mahajan,29,Female,Haryana,Gurugram,07-04-2024,04-09-2024,Sports & Fitness,6,4644.31,774.05,1098.73,Yes,0,0,21,105,15,7,0.238,UPI,iPhone,Organic Search,Gold,Standard,4,3.3,Medium,Yes
CUST100274,Vasudha Sodhi,18,Female,Assam,Dibrugarh,17-06-2024,07-01-2026,Home & Kitchen,2,3476.62,1738.31,1365.29,Yes,1,0.5,19,114,23,15,0.421,Debit Card,Tablet,Referral,None,Same Day,0,4.4,Low,Yes
CUST100275,Tanmayi Dhillon,30,Male,Rajasthan,Udaipur,06-11-2024,30-01-2026,Beauty & Personal Care,6,3565.12,594.19,475.41,Yes,0,0,13,39,7,4,0.077,Wallet,iPhone,Organic Search,None,Standard,1,4.8,Medium,No
CUST100276,Rayaan Trivedi,30,Male,Rajasthan,Udaipur,30-12-2025,21-02-2026,Mobile Accessories,7,6308.5,901.21,0,No,0,0,31,124,11,5,0.097,UPI,Android,Referral,Silver,Standard,2,4.2,Medium,Yes
CUST100277,Ekaraj Majumdar,41,Male,Madhya Pradesh,Indore,08-12-2024,18-06-2026,Beauty & Personal Care,1,1952.68,1952.68,425.09,Yes,0,0,25,50,7,4,0.08,UPI,iPhone,Instagram,None,Standard,0,,Low,No
CUST100278,Harini Tripathi,31,Male,Bihar,Patna,05-03-2025,02-02-2026,Books,6,14655.77,2442.63,2347.57,Yes,0,0,22,110,16,5,0.091,Credit Card,Android,Organic Search,Silver,Standard,2,5,Medium,Yes
CUST100279,Aarnav Mandal,28,Female,Odisha,Cuttack,07-05-2026,15-08-2026,Electronics,5,16003.46,3200.69,816.81,Yes,0,0,22,88,15,8,0.273,Cash on Delivery,Windows Laptop,Organic Search,Gold,Standard,0,3.2,Medium,No
CUST100280,Vrishti Dixit,39,Female,Madhya Pradesh,Indore,09-07-2025,11-07-2026,Fashion,3,4077.64,1359.21,0,No,1,0.33,15,60,11,6,0.267,UPI,Android,Direct,Silver,Standard,1,4.1,Low,No
CUST100281,Veda Pai,32,Male,Haryana,Faridabad,14-05-2025,15-08-2026,Home & Kitchen,4,12584.31,3146.08,0,No,0,0,22,88,17,9,0.227,UPI,Android,Email,Silver,Express,1,4.6,Medium,No
CUST100282,Krishna Shah,25,Male,Tamil Nadu,Madurai,11-02-2026,15-08-2026,Beauty & Personal Care,7,6756.06,965.15,2092.3,Yes,0,0,21,42,6,3,0.048,Debit Card,iPhone,Email,Platinum,Standard,0,4,Medium,No
CUST100283,Ranbir Khare,40,Male,Telangana,Warangal,11-10-2024,15-12-2025,Sports & Fitness,4,4190.98,1047.74,622.79,Yes,0,0,24,96,19,12,0.375,Credit Card,Windows Laptop,Organic Search,None,Express,0,4.2,Medium,Yes
CUST100284,Vivaan Roy,33,Female,Maharashtra,Pune,29-09-2025,15-08-2026,Mobile Accessories,5,7603.74,1520.75,0,No,0,0,26,104,16,5,0.077,Debit Card,Windows Laptop,Referral,Gold,Standard,1,3.9,Medium,No
CUST100285,Eesha Solanki,31,Male,Uttar Pradesh,Lucknow,16-09-2024,08-09-2025,Home & Kitchen,5,11890.48,2378.1,4569.22,Yes,0,0,24,144,11,4,0.083,UPI,MacBook,Organic Search,Silver,Standard,3,4.5,Medium,Yes
CUST100286,Libni Doshi,32,Male,West Bengal,Kolkata,09-05-2025,13-04-2026,Electronics,3,6089.99,2030,960.45,Yes,0,0,24,48,6,2,0.042,Cash on Delivery,Android,Google Ads,Gold,Standard,0,4.2,Low,No
CUST100287,Balhaar Date,22,Female,Gujarat,Vadodara,20-12-2024,05-01-2026,Sports & Fitness,3,8164.15,2721.38,1486.16,Yes,3,1,23,92,9,4,0.087,Credit Card,iPhone,Instagram,None,Standard,1,4.3,Medium,Yes
CUST100288,Harish Sarraf,27,Male,Uttar Pradesh,Lucknow,01-08-2024,17-07-2025,Beauty & Personal Care,3,5314.22,1771.41,658.44,Yes,0,0,20,100,16,11,0.4,Debit Card,iPhone,Google Ads,Silver,Standard,0,3.6,Low,Yes
CUST100289,Tanmayi Aurora,31,Male,Tamil Nadu,Chennai,27-03-2026,15-08-2026,Fashion,5,11563.61,2312.72,0,No,0,0,16,48,8,3,0.125,UPI,MacBook,Organic Search,Gold,Express,0,4.4,Medium,No
CUST100290,Nimrat Dubey,29,Male,Uttar Pradesh,Varanasi,18-07-2024,25-08-2024,Home & Kitchen,3,3781.78,1260.59,1249.71,Yes,0,0,25,75,13,7,0.12,Credit Card,Windows Laptop,Direct,Silver,Standard,2,2.9,Low,Yes
CUST100291,Upasna Lanka,41,Male,West Bengal,Kolkata,23-08-2024,22-11-2025,Grocery,8,14989.08,1873.64,3123.01,Yes,0,0,21,126,18,13,0.286,Credit Card,Android,Organic Search,Silver,Standard,0,4.5,Medium,No
CUST100292,Mitali Buch,33,Male,West Bengal,Kolkata,02-05-2026,15-08-2026,Grocery,5,32515.73,6503.15,11213.49,Yes,0,0,17,34,6,3,0.059,Cash on Delivery,iPhone,Referral,Silver,Express,1,5,Medium,No
CUST100293,Lajita Nadig,38,Male,Punjab,Ludhiana,15-05-2024,15-07-2025,Home & Kitchen,4,7181.69,1795.42,3207.53,Yes,0,0,16,80,7,2,0.062,UPI,MacBook,Email,None,Standard,0,4.4,Medium,Yes
CUST100294,Balendra Biswas,31,Female,Telangana,Hyderabad,08-06-2026,15-08-2026,Fashion,4,5003.57,1250.89,,No,0,0,23,46,9,6,0.13,UPI,Tablet,Google Ads,Gold,Standard,1,4.1,Medium,No
CUST100295,Bhavna Karan,39,Female,Maharashtra,Nagpur,19-09-2025,24-07-2026,Mobile Accessories,5,12386.76,2477.35,3836.35,Yes,0,0,17,51,10,5,0.176,UPI,Windows Laptop,Google Ads,Silver,Standard,0,4.5,Medium,No
CUST100296,Radha Chaudhari,34,Female,Uttar Pradesh,Varanasi,28-10-2025,12-07-2026,Grocery,5,4422.85,884.57,0,No,0,0,22,110,21,15,0.364,Credit Card,Android,Organic Search,Silver,Standard,,4.1,Medium,No
CUST100297,Sachi Ganesan,31,Female,Madhya Pradesh,Indore,25-02-2025,16-02-2026,Home & Kitchen,4,4597.41,1149.35,249.34,Yes,0,0,26,78,6,3,0.038,Net Banking,MacBook,Google Ads,None,Standard,2,5,Medium,No
CUST100298,Ayush Batra,31,Male,Karnataka,Mangaluru,06-12-2024,15-08-2026,Fashion,2,2470.61,1235.3,0,No,0,0,20,60,6,4,0.1,Cash on Delivery,iPhone,Google Ads,Silver,Express,2,5,Low,Yes
CUST100299,Daksh Memon,23,Female,Bihar,Muzaffarpur,08-04-2026,15-08-2026,Grocery,5,5207.66,1041.53,1869.23,Yes,2,0.4,30,60,5,3,0.067,Cash on Delivery,Android,Organic Search,Silver,Standard,2,4,Medium,No
CUST100300,Kavya Sankar,35,Male,Maharashtra,Nashik,07-12-2024,10-02-2026,Fashion,1,3842.07,3842.07,1261.07,Yes,0,0,26,104,20,8,0.192,UPI,Android,Google Ads,None,Standard,2,3.4,Low,Yes
CUST100301,Yash Wali,31,Male,West Bengal,Siliguri,13-06-2025,08-10-2025,Electronics,6,12149.2,2024.87,0,No,0,0,26,156,28,18,0.423,UPI,Windows Laptop,Direct,None,Standard,1,4.3,Medium,No
CUST100302,Pranit Garde,27,Male,Uttar Pradesh,Lucknow,22-01-2025,15-07-2025,Home & Kitchen,7,12939.05,1848.44,4575.31,Yes,0,0,22,110,10,5,0.136,Debit Card,MacBook,Referral,Platinum,Same Day,0,4.3,Medium,Yes
CUST100303,Farhan Raja,40,Male,Uttar Pradesh,Kanpur,04-01-2024,01-10-2024,Fashion,3,4479.76,1493.25,0,No,0,0,27,162,22,8,0.185,Cash on Delivery,Windows Laptop,Organic Search,Platinum,Standard,0,4.4,Low,Yes
CUST100304,Widisha Dhar,21,Female,Bihar,Muzaffarpur,07-11-2025,15-08-2026,Beauty & Personal Care,4,2905.14,726.28,806.36,Yes,1,0.25,30,150,22,12,0.267,Wallet,Android,Instagram,None,Standard,1,4.9,Medium,No
CUST100305,Triya Kumar,28,Male,Kerala,Kochi,30-09-2025,15-08-2026,Electronics,1,1371.99,1371.99,410.83,Yes,0,0,21,63,11,4,0.143,UPI,Tablet,Google Ads,Platinum,Express,1,5,Low,No
CUST100306,Aadhya Andra,39,Male,Andhra Pradesh,Vijayawada,02-02-2025,31-08-2025,Grocery,6,5455.4,909.23,2276.79,Yes,0,0,22,110,13,8,0.136,Debit Card,iPhone,Direct,Silver,Standard,1,3.8,Medium,Yes
CUST100307,Bhavna Dugar,34,Male,Rajasthan,Jaipur,25-02-2025,06-04-2026,Fashion,4,3212.35,803.09,169.21,Yes,0,0,17,85,10,4,0.176,Debit Card,Windows Laptop,Direct,None,Same Day,1,3.1,Medium,No
CUST100308,Riya Pai,31,Male,Tamil Nadu,Coimbatore,14-02-2025,09-05-2025,Electronics,6,13485.3,2247.55,0,No,1,0.17,22,44,6,4,0.091,Net Banking,Windows Laptop,Referral,None,Standard,1,3.4,Medium,Yes
CUST100309,Panini Krishna,33,Male,Madhya Pradesh,Indore,31-07-2024,18-04-2025,Electronics,7,7984.51,1140.64,0,No,1,0.14,14,84,12,7,0.286,Debit Card,Android,Organic Search,None,Express,2,3.6,Medium,Yes
CUST100310,Chasmum Issac,32,Male,Delhi,Delhi,13-07-2025,21-06-2026,Mobile Accessories,5,2537.75,507.55,135.22,Yes,1,0.2,16,96,9,6,0.188,Credit Card,MacBook,Organic Search,Gold,Standard,0,4.8,Medium,No
CUST100311,Vasudha Chhabra,19,Male,Gujarat,Ahmedabad,11-07-2025,30-12-2025,Sports & Fitness,8,10389.63,1298.7,0,No,1,0.12,16,80,14,5,0.188,Cash on Delivery,Android,Referral,Gold,Express,0,2.8,Medium,No
CUST100312,Lakshmi Parmer,28,Female,Maharashtra,Nashik,11-07-2025,15-08-2026,Fashion,4,6379.15,1594.79,394.57,Yes,0,0,22,88,9,5,0.136,Credit Card,Tablet,YouTube,Gold,Standard,1,4.2,Medium,Yes
CUST100313,Chakrika Bains,44,Male,West Bengal,Kolkata,17-02-2024,26-04-2024,Grocery,5,10132.92,2026.58,3665.43,Yes,0,0,25,100,19,13,0.24,Wallet,Tablet,Organic Search,Silver,Standard,1,3.3,Medium,Yes
CUST100314,Anvi Anand,26,Male,Andhra Pradesh,Vijayawada,05-07-2024,17-11-2025,Beauty & Personal Care,5,6240.75,1248.15,2536.05,Yes,0,0,17,102,19,8,0.294,UPI,Android,Organic Search,Silver,Standard,1,4,Medium,Yes
CUST100315,Watika Mangat,28,Female,Punjab,Ludhiana,16-05-2025,28-01-2026,Mobile Accessories,4,3201.12,800.28,0,No,1,0.25,18,90,19,12,0.389,UPI,Android,Google Ads,None,Express,0,3.8,Medium,Yes
CUST100316,Indira Kanda,27,Other,Odisha,Cuttack,23-09-2025,15-08-2026,Fashion,5,9747.01,1949.4,2988.2,Yes,1,0.2,20,120,12,5,0.1,Debit Card,Android,Direct,None,Standard,0,2.9,Medium,Yes
CUST100317,Zashil Devan,30,Male,Gujarat,Surat,05-10-2025,15-08-2026,Grocery,7,6727.33,961.05,472.43,Yes,1,0.14,23,46,9,6,0.174,UPI,Android,Instagram,Silver,Same Day,0,4.5,Medium,No
CUST100318,Balveer More,26,Male,Karnataka,Mangaluru,14-06-2025,13-07-2025,Electronics,6,9801.71,1633.62,1316.92,Yes,0,0,16,48,8,4,0.125,Debit Card,Windows Laptop,Google Ads,Gold,Standard,0,3.4,Medium,No
CUST100319,Bahadurjit Patla,35,Female,Karnataka,Bengaluru,25-02-2026,05-08-2026,Home & Kitchen,6,14648.17,2441.36,6002.65,Yes,0,0,20,40,8,4,0.1,UPI,Android,Organic Search,Silver,Standard,1,4.3,Medium,No
CUST100320,Gautam Merchant,33,Male,Delhi,Delhi,19-04-2025,15-08-2026,Mobile Accessories,4,1586.31,396.58,601.98,Yes,1,0.25,20,60,5,2,0.05,Wallet,MacBook,Organic Search,Silver,Express,1,5,Medium,Yes
CUST100321,Ojasvi Gill,37,Female,Uttar Pradesh,Noida,13-01-2026,21-02-2026,Beauty & Personal Care,3,3114.48,1038.16,229.91,Yes,2,0.67,21,105,13,8,0.143,Cash on Delivery,iPhone,Instagram,Gold,Express,3,3.4,Low,No
CUST100322,Kevin Zacharia,23,Male,Kerala,Thiruvananthapuram,11-02-2024,28-10-2025,Fashion,5,7315.14,1463.03,0,No,2,0.4,21,105,8,3,0.095,Debit Card,iPhone,Referral,Silver,Express,2,4.5,Medium,Yes
CUST100323,Yachana Mahajan,28,Female,Bihar,Patna,26-08-2025,08-08-2026,Electronics,5,6138.93,1227.79,0,No,0,0,23,46,4,1,0.043,Debit Card,Windows Laptop,Instagram,None,Standard,2,3.6,Medium,Yes
CUST100324,Aarini Subramaniam,29,Other,Tamil Nadu,Madurai,17-09-2024,24-03-2025,Grocery,6,13584.9,2264.15,3726.19,Yes,0,0,27,54,11,4,0.074,UPI,Android,Instagram,Silver,Same Day,0,3,Medium,Yes
CUST100325,Hamsini Contractor,35,Female,Jharkhand,Jamshedpur,17-02-2024,17-12-2024,Beauty & Personal Care,7,21298.64,3042.66,0,No,0,0,19,76,10,7,0.263,UPI,Windows Laptop,Google Ads,Silver,Standard,1,5,Medium,No
CUST100326,Faqid Dhaliwal,25,Male,Kerala,Kochi,04-03-2026,15-08-2026,Fashion,4,7598.66,1899.66,1591.6,Yes,0,0,23,46,8,4,0.13,UPI,Android,Google Ads,Gold,Standard,0,4.2,Medium,Yes
CUST100327,Mekhala Pau,38,Male,Uttar Pradesh,Varanasi,08-08-2025,14-01-2026,Mobile Accessories,9,4126.8,458.53,924.26,Yes,0,0,24,144,21,11,0.333,Cash on Delivery,iPhone,Referral,Silver,Standard,0,4.4,Medium,No
CUST100328,Megha Atwal,40,Male,Uttar Pradesh,Noida,28-12-2025,13-05-2026,Electronics,7,7792.29,1113.18,2476.35,Yes,0,0,23,69,10,4,0.087,Debit Card,Android,Referral,Gold,Standard,0,3.1,Medium,No
CUST100329,Jatin Sha,23,Female,Gujarat,Surat,21-03-2025,01-05-2025,Fashion,5,11042.67,2208.53,0,No,0,0,22,88,15,8,0.136,Net Banking,Android,Direct,Platinum,Express,0,3.6,Medium,Yes
CUST100330,Adweta Raj,27,Female,Delhi,New Delhi,08-08-2024,27-10-2024,Books,4,5682.69,1420.67,1531.77,Yes,0,0,17,102,14,6,0.176,Debit Card,Android,Direct,None,Express,0,3.8,Medium,No
CUST100331,Hritik Kaur,27,Male,Telangana,Warangal,12-09-2025,05-01-2026,Fashion,4,5249.85,1312.46,328.53,Yes,0,0,19,114,9,6,0.211,UPI,Windows Laptop,YouTube,Gold,Standard,0,4.1,Medium,No
CUST100332,Aryan Narang,52,Female,Kerala,Thiruvananthapuram,08-10-2025,15-08-2026,Fashion,5,14698.89,2939.78,1684.5,Yes,1,0.2,18,36,6,2,0.056,Net Banking,Android,YouTube,Gold,Standard,2,4.7,Medium,No
CUST100333,Dev Shetty,28,Male,West Bengal,Howrah,08-12-2024,26-03-2025,Beauty & Personal Care,4,7033.9,1758.48,0,No,1,0.25,20,80,9,6,0.2,Debit Card,Android,Google Ads,Silver,Express,0,4.4,Medium,Yes
CUST100334,Nilima Dada,44,Male,Maharashtra,Mumbai,25-08-2024,14-11-2024,Sports & Fitness,3,3837.19,1279.06,0,No,1,0.33,19,95,16,8,0.263,UPI,Android,Direct,None,Standard,1,3.8,Low,Yes
CUST100335,Chakradev Barad,21,Female,West Bengal,Kolkata,03-06-2024,22-02-2025,Electronics,4,2381.51,595.38,0,No,0,0,23,115,19,9,0.217,Net Banking,Tablet,Direct,Silver,Standard,1,3.5,Medium,Yes
CUST100336,Waida D’Alia,23,Male,West Bengal,Durgapur,20-04-2026,15-08-2026,Mobile Accessories,7,25129.8,3589.97,9363.35,Yes,1,0.14,20,40,4,2,0.05,Net Banking,Android,Organic Search,Gold,Standard,1,3.8,Medium,No
CUST100337,Wahab Yogi,26,Male,Haryana,Faridabad,25-02-2024,02-12-2024,Sports & Fitness,5,8698.36,1739.67,1043.38,Yes,0,0,20,60,6,3,0.1,Cash on Delivery,Android,Google Ads,Gold,Standard,1,4,Medium,Yes
CUST100338,Lipika Setty,24,Male,Odisha,Bhubaneswar,21-01-2025,10-08-2026,Fashion,6,6414.91,1069.15,0,No,0,0,22,44,6,2,0.045,Net Banking,Tablet,Google Ads,Silver,Express,2,3.8,Medium,No
CUST100339,Oni Dubey,29,Female,Rajasthan,Jaipur,12-06-2026,15-08-2026,Grocery,10,18571.61,1857.16,2322.15,Yes,2,0.2,16,48,6,3,0.062,UPI,Windows Laptop,Google Ads,Platinum,Express,0,3.9,High,No
CUST100340,Hardik Suri,25,Female,Maharashtra,Nashik,10-12-2025,15-08-2026,Home & Kitchen,5,2503.83,500.77,680.67,Yes,0,0,22,132,15,7,0.136,Cash on Delivery,Windows Laptop,Instagram,Silver,Express,0,4.9,Medium,No
CUST100341,Ati Bali,24,Female,Rajasthan,Udaipur,10-11-2024,04-04-2026,Home & Kitchen,12,49540.43,4128.37,17019.64,Yes,0,0,29,116,14,6,0.172,Wallet,Windows Laptop,Instagram,None,Same Day,0,3.7,High,Yes
CUST100342,Teerth Sawhney,40,Female,Rajasthan,Jodhpur,07-02-2024,15-06-2025,Grocery,8,16227.59,2028.45,0,No,0,0,23,115,13,6,0.174,Cash on Delivery,iPhone,Email,None,Standard,,3.5,High,Yes
CUST100343,Warinder Patil,41,Female,Karnataka,Mangaluru,06-12-2024,24-04-2026,Mobile Accessories,5,24096.81,4819.36,6968.12,Yes,0,0,14,84,8,3,0.143,Debit Card,iPhone,Direct,Silver,Standard,1,4.3,Medium,No
CUST100344,Jhalak Parmer,39,Male,Gujarat,Ahmedabad,30-04-2026,15-05-2026,Electronics,3,6067.61,2022.54,912.89,Yes,2,0.67,28,56,5,3,0.036,UPI,Tablet,Instagram,Gold,Standard,1,3.6,Low,No
CUST100345,Mitali Majumdar,35,Other,Gujarat,Vadodara,29-12-2025,21-01-2026,Home & Kitchen,7,9331.9,1333.13,0,No,0,0,27,108,21,12,0.333,UPI,Windows Laptop,Google Ads,Silver,Express,1,3.9,Medium,No
CUST100346,Jason Sha,32,Female,Bihar,Gaya,18-08-2024,16-09-2025,Home & Kitchen,4,3181.51,795.38,0,No,0,0,25,125,24,10,0.28,Net Banking,Windows Laptop,Instagram,Silver,Express,1,3.2,Medium,No
CUST100347,Simon Bail,27,Female,Bihar,Muzaffarpur,27-03-2025,01-09-2025,Fashion,4,4152.72,1038.18,1348.1,Yes,0,0,21,126,18,11,0.333,UPI,Android,Organic Search,None,Standard,0,4.2,Medium,Yes
CUST100348,Gauri Kohli,23,Female,West Bengal,Kolkata,07-12-2024,19-10-2025,Fashion,3,2005.87,668.62,0,No,0,0,19,38,4,1,0.053,UPI,Android,Google Ads,Silver,Express,0,3.9,Low,No
CUST100349,Samesh Biswas,34,Female,Telangana,Hyderabad,28-03-2025,02-06-2026,Electronics,6,26730.67,4455.11,0,No,0,0,22,66,11,6,0.091,Debit Card,iPhone,Instagram,None,Standard,0,3.5,Medium,No
CUST100350,Tarak Kaul,22,Male,Bihar,Muzaffarpur,13-09-2024,25-03-2025,Grocery,4,5142.76,1285.69,2129.84,Yes,1,0.25,20,80,7,5,0.15,UPI,Windows Laptop,Direct,None,Standard,1,3.7,Medium,Yes
CUST100351,Manbir Agate,23,Male,Rajasthan,Jodhpur,09-03-2025,26-12-2025,Home & Kitchen,6,12014.2,2002.37,0,No,0,0,21,63,5,3,0.048,Debit Card,Windows Laptop,Instagram,None,Standard,0,3.9,Medium,Yes
CUST100352,Maanav De,40,Female,Haryana,Gurugram,27-07-2024,01-01-2025,Fashion,7,14119.97,2017.14,0,No,0,0,17,68,6,2,0.059,Wallet,Windows Laptop,Organic Search,None,Standard,0,5,Medium,Yes
CUST100353,Owen Choudhary,46,Female,Bihar,Gaya,19-07-2024,07-07-2025,Sports & Fitness,4,4601.83,1150.46,1299.08,Yes,1,0.25,26,78,13,7,0.115,UPI,Windows Laptop,Organic Search,None,Standard,4,3.8,Medium,No
CUST100354,Karan Aurora,34,Female,Karnataka,Mysuru,16-05-2024,01-09-2025,Sports & Fitness,3,2376.39,792.13,0,No,0,0,17,102,19,12,0.412,UPI,Android,Google Ads,Platinum,Express,0,5,Low,No
CUST100355,Wazir Naik,40,Male,West Bengal,Howrah,01-10-2025,15-08-2026,Home & Kitchen,8,6660.65,832.58,0,No,1,0.12,21,105,16,6,0.19,Debit Card,Windows Laptop,Organic Search,Platinum,Standard,1,4.3,Medium,No
CUST100356,Owen Lanka,29,Male,Bihar,Muzaffarpur,18-07-2025,28-04-2026,Fashion,5,2627.03,525.41,0,No,0,0,20,40,4,1,0.05,Debit Card,Windows Laptop,Google Ads,None,Standard,0,3.3,Medium,No
CUST100357,Jonathan Sama,20,Female,West Bengal,Siliguri,05-05-2026,15-08-2026,Beauty & Personal Care,8,5272.84,659.1,300.4,Yes,0,0,28,140,17,6,0.179,Wallet,Android,Direct,None,Standard,1,4.2,Medium,No
CUST100358,Devansh Soni,36,Female,Uttar Pradesh,Varanasi,28-01-2025,02-08-2025,Fashion,4,6777.65,1694.41,2306.88,Yes,0,0,18,72,14,10,0.389,Credit Card,Android,Referral,Silver,Standard,0,4.3,Medium,Yes
CUST100359,Janaki Varghese,36,Female,Jharkhand,Jamshedpur,18-08-2025,15-08-2026,Fashion,4,9604.37,2401.09,3371.08,Yes,0,0,20,60,9,6,0.15,UPI,iPhone,YouTube,Platinum,Standard,2,4.9,Medium,No
CUST100360,Siya Thakur,32,Male,Uttar Pradesh,Varanasi,21-12-2025,15-08-2026,Grocery,7,9266.49,1323.78,3894.99,Yes,0,0,21,105,15,10,0.381,Net Banking,Tablet,Google Ads,Gold,Standard,2,,Medium,No
CUST100361,Caleb Verma,29,Female,Telangana,Hyderabad,24-04-2026,15-08-2026,Electronics,3,5672.91,1890.97,0,No,0,0,22,44,7,3,0.045,Debit Card,Windows Laptop,Email,Silver,Express,0,4.9,Low,No
CUST100362,Tara Balasubramanian,39,Female,Bihar,Muzaffarpur,07-03-2026,15-08-2026,Electronics,4,8848.91,2212.23,0,No,0,0,23,46,5,2,0.043,Debit Card,Windows Laptop,Direct,None,Express,1,4.8,Medium,No
CUST100363,Varenya Ratti,23,Female,Gujarat,Surat,05-02-2024,31-08-2025,Electronics,6,7664.13,1277.36,966.61,Yes,0,0,25,125,10,5,0.08,Net Banking,Android,Google Ads,Silver,Standard,0,3.3,Medium,Yes
CUST100364,Hritik Swaminathan,25,Male,Uttar Pradesh,Varanasi,02-08-2024,05-12-2024,Electronics,5,10510.74,2102.15,0,No,0,0,26,78,16,10,0.154,UPI,iPhone,Referral,Silver,Standard,1,3.3,Medium,No
CUST100365,Ethan Buch,23,Male,Jharkhand,Ranchi,27-01-2024,09-12-2024,Electronics,7,10024.01,1432,2244.12,Yes,0,0,23,92,16,8,0.261,Credit Card,iPhone,Organic Search,Gold,Standard,0,2.9,Medium,Yes
CUST100366,Manbir Bhatti,32,Female,Telangana,Hyderabad,19-10-2025,15-08-2026,Mobile Accessories,5,4964.52,992.9,709.15,Yes,0,0,16,96,20,11,0.375,Net Banking,Android,Organic Search,Gold,Standard,1,4.7,Medium,No
CUST100367,Anvi Nair,22,Male,Andhra Pradesh,Visakhapatnam,18-01-2024,19-11-2024,Fashion,6,7008.9,1168.15,2590.85,Yes,0,0,22,66,13,7,0.182,UPI,Android,Direct,Gold,Same Day,0,,Medium,Yes
CUST100368,Chaitaly Setty,26,Female,Assam,Guwahati,21-09-2025,14-06-2026,Electronics,3,1699.7,566.57,186.67,Yes,0,0,26,156,20,9,0.269,Credit Card,Android,Organic Search,None,Standard,2,4.9,Low,No
CUST100369,Hardik Contractor,25,Male,Karnataka,Bengaluru,16-05-2024,08-01-2026,Fashion,5,5590.4,1118.08,1689.06,Yes,0,0,24,120,15,5,0.083,UPI,MacBook,Organic Search,Silver,Standard,0,5,Medium,Yes
CUST100370,Qushi Seth,29,Female,West Bengal,Siliguri,01-08-2025,06-02-2026,Mobile Accessories,4,1553.35,388.34,457.15,Yes,0,0,22,110,11,6,0.227,Credit Card,Windows Laptop,Instagram,Silver,Standard,0,,Medium,No
CUST100371,Odika Nori,19,Male,Maharashtra,Nagpur,05-04-2026,06-08-2026,Home & Kitchen,9,16450.95,1827.88,0,No,0,0,23,115,22,12,0.348,UPI,iPhone,Referral,Gold,Standard,0,4.5,High,No
CUST100372,Mohini Sagar,32,Male,West Bengal,Durgapur,30-01-2024,18-01-2025,Fashion,10,7357.7,735.77,1631.17,Yes,2,0.2,25,100,16,5,0.08,Credit Card,Windows Laptop,Organic Search,None,Standard,0,4.6,Medium,No
CUST100373,Dhriti Sane,41,Female,Maharashtra,Pune,13-03-2024,10-04-2024,Books,5,7289.26,1457.85,704.35,Yes,0,0,16,80,9,4,0.125,Credit Card,iPhone,Google Ads,Silver,Standard,1,4.1,Medium,Yes
CUST100374,Aadhya Prasad,32,Female,Odisha,Bhubaneswar,02-05-2024,03-04-2025,Home & Kitchen,9,27176.57,3019.62,0,No,0,0,23,69,14,7,0.217,UPI,MacBook,Instagram,Platinum,Standard,1,3.1,High,No
CUST100375,Urvi Bhavsar,43,Male,West Bengal,Kolkata,15-08-2024,11-10-2024,Fashion,13,18650.53,1434.66,1029.65,Yes,0,0,26,78,14,5,0.154,UPI,Android,Instagram,Silver,Standard,1,3.3,High,Yes
CUST100376,Frederick Chander,42,Male,Tamil Nadu,Madurai,03-12-2024,23-03-2026,Fashion,5,2475.71,495.14,0,No,0,0,22,88,17,6,0.182,UPI,Android,Google Ads,Silver,Standard,1,3.7,Medium,No
CUST100377,Gopal Pradhan,37,Other,Punjab,Amritsar,29-09-2024,23-01-2025,Fashion,5,6649.18,1329.84,2638.32,Yes,2,0.4,24,48,5,3,0.083,Credit Card,Android,Organic Search,Silver,Express,1,4.5,Medium,Yes
CUST100378,Darpan Narayan,32,Male,West Bengal,Kolkata,27-01-2026,15-08-2026,Fashion,7,7144.89,1020.7,1850.84,Yes,0,0,21,126,20,8,0.238,UPI,Android,Referral,Silver,Express,0,3.8,Medium,No
CUST100379,Nirja Pandya,31,Female,Punjab,Amritsar,12-03-2025,04-04-2025,Grocery,5,10767.43,2153.49,1042.79,Yes,0,0,22,66,14,6,0.136,Credit Card,Android,YouTube,None,Standard,0,3.7,Medium,Yes
CUST100380,Charan Mani,37,Male,Tamil Nadu,Chennai,08-02-2024,20-07-2024,Fashion,4,4333.94,1083.48,1786.44,Yes,0,0,16,48,6,2,0.062,Credit Card,Tablet,Organic Search,None,Express,0,5,Medium,Yes
CUST100381,Indira Chawla,28,Female,Maharashtra,Mumbai,12-11-2025,15-08-2026,Beauty & Personal Care,6,13961.17,2326.86,0,No,0,0,27,135,18,11,0.222,UPI,MacBook,YouTube,Gold,Express,0,3.6,Medium,Yes
CUST100382,Mohammed Subramaniam,18,Female,Odisha,Bhubaneswar,01-03-2025,25-10-2025,Electronics,6,10488.04,1748.01,641.39,Yes,0,0,20,40,6,3,0.1,Net Banking,Android,Referral,Silver,Express,0,3.3,Medium,Yes
CUST100383,Hritik Palla,35,Female,Bihar,Patna,10-11-2024,14-03-2025,Fashion,8,17726.62,2215.83,6294.57,Yes,0,0,25,125,10,7,0.12,UPI,Android,Organic Search,None,Standard,0,4.8,High,Yes
CUST100384,Ishwar Mallick,22,Male,Haryana,Faridabad,05-09-2025,15-08-2026,Home & Kitchen,6,6643.92,1107.32,1590.38,Yes,1,0.17,26,104,11,5,0.077,Cash on Delivery,Android,Referral,None,Same Day,0,4.8,Medium,No
CUST100385,Pushti Bal,23,Female,Kerala,Kozhikode,16-03-2026,22-06-2026,Mobile Accessories,7,15754.9,2250.7,4145.83,Yes,0,0,16,96,12,7,0.312,Credit Card,Android,Google Ads,None,Express,0,4.8,Medium,No
CUST100386,Ayush Gole,31,Male,Madhya Pradesh,Bhopal,23-05-2025,15-08-2026,Fashion,8,6944.82,868.1,2050.74,Yes,0,0,21,126,10,5,0.143,UPI,Android,Referral,None,Express,0,3.7,Medium,No
CUST100387,Dayamai Nori,30,Female,Tamil Nadu,Coimbatore,24-01-2026,14-04-2026,Grocery,3,1231.17,410.39,108.07,Yes,0,0,24,120,14,6,0.125,Cash on Delivery,Windows Laptop,Referral,Gold,Standard,1,3.7,Low,No
CUST100388,Abeer Golla,20,Male,Karnataka,Bengaluru,05-06-2024,12-07-2025,Fashion,8,5700.71,712.59,2446.15,Yes,0,0,16,96,15,10,0.438,Debit Card,Windows Laptop,YouTube,Platinum,Express,2,5,Medium,Yes
CUST100389,Nandini Boase,32,Female,Kerala,Thiruvananthapuram,21-05-2026,15-08-2026,Electronics,6,8312.26,1385.38,1264.77,Yes,0,0,21,126,10,5,0.095,Debit Card,Tablet,Organic Search,Gold,Standard,1,3.9,Medium,No
CUST100390,Azaan Chand,39,Male,Madhya Pradesh,Bhopal,15-02-2026,15-08-2026,Electronics,3,4263.12,1421.04,1273.53,Yes,0,0,29,58,8,4,0.069,UPI,iPhone,Google Ads,None,Same Day,0,4.2,Low,No
CUST100391,Krisha Saini,22,Female,Andhra Pradesh,Visakhapatnam,13-09-2024,09-02-2025,Fashion,7,9238.68,1319.81,3623.64,Yes,0,0,19,57,10,7,0.158,Credit Card,Tablet,Instagram,Silver,Standard,0,5,Medium,No
CUST100392,Harita Dugar,41,Male,Gujarat,Vadodara,19-05-2026,15-08-2026,Electronics,6,15243.67,2540.61,0,No,0,0,19,76,7,5,0.158,Credit Card,Windows Laptop,Organic Search,Silver,Standard,0,3.6,Medium,No
CUST100393,Devika Nair,19,Male,Telangana,Warangal,04-05-2026,10-08-2026,Electronics,4,5099.83,1274.96,0,No,1,0.25,22,44,9,4,0.091,UPI,iPhone,Instagram,Platinum,Standard,0,3.6,Medium,No
CUST100394,Charles Dugal,48,Male,Madhya Pradesh,Bhopal,26-09-2025,25-05-2026,Grocery,3,4355.43,1451.81,0,No,0,0,22,44,6,2,0.045,UPI,Android,Referral,None,Standard,1,3.9,Low,No
CUST100395,Chandran Bumb,28,Male,Tamil Nadu,Chennai,31-03-2025,30-12-2025,Electronics,5,11179.04,2235.81,4367.87,Yes,0,0,23,115,16,5,0.174,Cash on Delivery,MacBook,Organic Search,Silver,Standard,0,4.3,Medium,No
CUST100396,Saanvi Samra,32,Male,Jharkhand,Jamshedpur,16-02-2024,21-03-2024,Beauty & Personal Care,4,1834.21,458.55,663.46,Yes,0,0,16,80,12,7,0.312,Wallet,MacBook,Referral,Platinum,Standard,2,3.3,Medium,No
CUST100397,Riya Sachdeva,18,Male,Haryana,Gurugram,27-11-2024,15-01-2025,Fashion,5,11278.46,2255.69,2545.77,Yes,0,0,20,100,13,8,0.2,Credit Card,MacBook,Instagram,Platinum,Standard,2,3.3,Medium,Yes
CUST100398,Tanveer Vala,31,Female,Gujarat,Vadodara,10-01-2024,11-04-2025,Home & Kitchen,2,5921.9,2960.95,0,No,0,0,26,104,17,11,0.308,Net Banking,Tablet,Instagram,None,Standard,0,3.8,Low,Yes
CUST100399,Hemani Sani,33,Male,Kerala,Kozhikode,23-05-2024,03-03-2025,Beauty & Personal Care,5,9594.87,1918.97,0,No,1,0.2,17,85,8,5,0.118,Cash on Delivery,Windows Laptop,Organic Search,None,Standard,1,4.6,Medium,Yes
CUST100400,Bhanumati Sur,30,Female,Kerala,Thiruvananthapuram,06-03-2025,30-04-2026,Fashion,6,8419.96,1403.33,0,No,1,0.17,21,63,13,8,0.238,Credit Card,Android,Instagram,None,Standard,0,4.4,Medium,Yes
CUST100401,Chakradev Kannan,26,Male,Maharashtra,Pune,21-03-2026,15-08-2026,Fashion,3,5604.89,1868.3,603.84,Yes,1,0.33,23,92,18,12,0.304,Debit Card,Windows Laptop,Instagram,None,Standard,0,3.9,Low,Yes
CUST100402,Christopher Amble,23,Female,Assam,Dibrugarh,31-05-2024,14-04-2025,Grocery,6,2147.74,357.96,847.09,Yes,0,0,19,114,19,13,0.421,UPI,Android,Direct,None,Standard,0,4.5,Medium,No
CUST100403,Charvi Kakar,40,Male,Rajasthan,Udaipur,01-05-2025,24-02-2026,Books,4,4413.08,1103.27,252.57,Yes,0,0,24,96,18,12,0.333,Debit Card,Tablet,YouTube,Platinum,Standard,0,3.3,Medium,No
CUST100404,Aadhya Mann,31,Female,Punjab,Amritsar,15-05-2024,28-11-2025,Fashion,6,3855.5,642.58,454.94,Yes,0,0,23,138,24,11,0.217,UPI,Windows Laptop,YouTube,Platinum,Standard,0,4.1,Medium,Yes
CUST100405,Jagdish Amble,43,Female,Tamil Nadu,Chennai,09-08-2025,21-09-2025,Electronics,8,12113.47,1514.18,2940.25,Yes,0,0,17,34,4,2,0.059,Wallet,Windows Laptop,Direct,None,Standard,1,4.1,Medium,No
CUST100406,Qushi Gill,27,Male,Haryana,Faridabad,22-05-2026,15-08-2026,Books,7,6193.1,884.73,934.21,Yes,1,0.14,21,126,12,5,0.095,Debit Card,Android,Organic Search,None,Same Day,1,5,Medium,No
CUST100407,Lajita Walia,28,Female,Telangana,Warangal,26-01-2024,31-03-2025,Fashion,6,15071.54,2511.92,0,No,1,0.17,19,76,9,3,0.105,Debit Card,Android,Direct,Silver,Standard,0,4.4,Medium,Yes
CUST100408,Xiti Pandya,38,Male,West Bengal,Durgapur,07-01-2024,11-06-2024,Beauty & Personal Care,5,5739.36,1147.87,,No,0,0,18,54,11,5,0.111,Net Banking,Android,Email,Gold,Standard,3,2.7,Medium,Yes
CUST100409,Mekhala Basak,18,Female,Assam,Dibrugarh,13-08-2025,03-08-2026,Fashion,4,2956.21,739.05,465.86,Yes,0,0,19,57,9,6,0.211,Cash on Delivery,iPhone,Organic Search,Gold,Same Day,2,3.2,Medium,Yes
CUST100410,Anirudh Sharaf,21,Male,Maharashtra,Nashik,15-01-2024,30-09-2024,Electronics,6,4393.48,732.25,0,No,0,0,18,108,21,15,0.667,Credit Card,Windows Laptop,Instagram,None,Standard,1,4.4,Medium,Yes
CUST100411,Dhriti Sanghvi,40,Male,Tamil Nadu,Chennai,07-03-2025,26-03-2025,Beauty & Personal Care,6,4167.5,694.58,0,No,0,0,22,88,17,6,0.182,Cash on Delivery,Android,Instagram,None,Standard,0,2.7,Medium,No
CUST100412,Omisha Mann,22,Male,Jharkhand,Ranchi,17-06-2026,15-08-2026,Home & Kitchen,4,4453.42,1113.36,1071.24,Yes,0,0,18,108,16,9,0.222,Wallet,Android,Organic Search,Silver,Express,1,4.1,Medium,No
CUST100413,Nidhi Bail,18,Female,Jharkhand,Ranchi,03-02-2025,10-11-2025,Fashion,3,6626.86,2208.95,2483.54,Yes,1,0.33,21,126,17,12,0.381,Wallet,Windows Laptop,Instagram,Gold,Standard,0,3.7,Low,Yes
CUST100414,Onveer Sharma,46,Male,Uttar Pradesh,Varanasi,25-07-2024,12-12-2025,Home & Kitchen,4,4019.39,1004.85,0,No,0,0,32,64,8,3,0.062,UPI,Windows Laptop,Direct,Silver,Standard,1,4.1,Medium,No
CUST100415,Gaurang Sarkar,20,Female,Bihar,Muzaffarpur,23-08-2025,03-05-2026,Sports & Fitness,3,1695.73,565.24,276,Yes,0,0,25,100,14,9,0.28,Credit Card,Windows Laptop,Organic Search,None,Express,0,3.6,Low,No
CUST100416,Yagnesh Sarin,32,Female,Gujarat,Vadodara,31-08-2025,22-05-2026,Beauty & Personal Care,4,5886,1471.5,0,No,1,0.25,22,132,28,13,0.318,Cash on Delivery,Android,Email,None,Express,0,4.7,Medium,Yes
CUST100417,Farhan Randhawa,32,Male,Tamil Nadu,Coimbatore,03-08-2024,04-06-2025,Electronics,6,6558.01,1093,453.64,Yes,0,0,28,140,14,7,0.179,Wallet,Windows Laptop,Email,Gold,Standard,1,3.8,Medium,No
CUST100418,Harinakshi Kant,18,Female,Tamil Nadu,Chennai,16-05-2025,15-08-2026,Beauty & Personal Care,6,5881.67,980.28,0,No,0,0,21,105,10,7,0.238,UPI,Android,Organic Search,Silver,Standard,3,4.4,Medium,No
CUST100419,Om Bose,29,Female,Odisha,Cuttack,03-04-2025,15-08-2026,Grocery,1,1001.59,1001.59,371.83,Yes,0,0,21,105,14,5,0.095,Cash on Delivery,Android,Direct,None,Standard,0,4.4,Low,No
CUST100420,Yashvi Hari,35,Female,Kerala,Kozhikode,15-09-2024,17-12-2024,Sports & Fitness,7,17474.68,2496.38,4324.7,Yes,0,0,30,180,34,18,0.367,Credit Card,Windows Laptop,Referral,Gold,Express,0,3.2,Medium,Yes
CUST100421,Indali Divan,34,Female,Madhya Pradesh,Bhopal,24-11-2024,13-05-2026,Beauty & Personal Care,6,6200.88,1033.48,0,No,0,0,14,56,11,6,0.286,Cash on Delivery,Android,Direct,Gold,Standard,0,4.3,Medium,No
CUST100422,Harshil Dhingra,38,Female,Madhya Pradesh,Indore,29-03-2025,06-07-2026,Electronics,7,4062.25,580.32,918.69,Yes,0,0,28,56,10,7,0.107,Cash on Delivery,Windows Laptop,Direct,Silver,Standard,1,3.7,Medium,Yes
CUST100423,Rudra Ghose,28,Female,Maharashtra,Nagpur,09-03-2026,15-08-2026,Grocery,5,6181.03,1236.21,0,No,1,0.2,24,120,19,11,0.25,Credit Card,iPhone,Organic Search,Gold,Standard,0,4.4,Medium,No
CUST100424,Faqid Goel,37,Male,Rajasthan,Udaipur,09-01-2025,16-06-2025,Grocery,1,1963.97,1963.97,0,No,1,1,23,138,27,19,0.652,Net Banking,Android,Instagram,None,Standard,1,3.3,Low,Yes
CUST100425,Ucchal Sen,25,Male,West Bengal,Durgapur,08-04-2025,20-08-2025,Electronics,6,11977.32,1996.22,0,No,0,0,19,114,12,5,0.105,UPI,Android,Instagram,Gold,Express,1,3.9,Medium,No
CUST100426,Diya Dora,20,Male,Uttar Pradesh,Varanasi,15-03-2024,15-10-2025,Home & Kitchen,5,2464.66,492.93,0,No,0,0,19,76,12,6,0.158,UPI,Android,Referral,Platinum,Standard,0,4.4,Medium,Yes
CUST100427,Ekansh Singh,21,Male,Gujarat,Vadodara,29-08-2024,12-04-2026,Fashion,4,9703.57,2425.89,2228.17,Yes,0,0,17,102,12,4,0.118,Cash on Delivery,Windows Laptop,YouTube,None,Standard,0,4.3,Medium,No
CUST100428,Chavvi Maharaj,19,Male,Haryana,Gurugram,17-01-2024,25-07-2024,Grocery,5,7544.77,1508.95,0,No,1,0.2,20,80,9,6,0.15,UPI,Android,Direct,Gold,Express,0,3.5,Medium,Yes
CUST100429,Indira Tripathi,39,Other,Telangana,Warangal,19-11-2025,11-02-2026,Fashion,7,13465.48,1923.64,3945.39,Yes,1,0.14,25,50,4,1,0.04,Cash on Delivery,Tablet,Instagram,Gold,Express,0,4.3,Medium,No
CUST100430,Dayita Shenoy,19,Male,Maharashtra,Nagpur,15-09-2024,24-06-2026,Beauty & Personal Care,4,22944.85,5736.21,9793.82,Yes,0,0,27,54,7,5,0.148,Cash on Delivery,Android,Google Ads,Gold,Standard,0,4.4,Medium,Yes
CUST100431,Baljiwan Bhandari,33,Female,Maharashtra,Nashik,02-05-2024,05-12-2024,Books,8,18197.54,2274.69,2259.86,Yes,1,0.12,25,150,12,6,0.08,Debit Card,Windows Laptop,Direct,None,Standard,0,3.1,High,Yes
CUST100432,Bhavini Bose,29,Female,Madhya Pradesh,Indore,06-11-2024,19-05-2025,Sports & Fitness,6,12165.82,2027.64,2639.7,Yes,0,0,17,51,6,2,0.059,UPI,iPhone,YouTube,Platinum,Standard,0,2.9,Medium,Yes
CUST100433,Yashica Rajagopalan,30,Male,Bihar,Gaya,20-04-2024,18-12-2025,Books,3,3454.75,1151.58,949.67,Yes,0,0,29,58,8,4,0.103,Credit Card,Android,Google Ads,Gold,Express,1,4.5,Low,No
CUST100434,Benjamin Sengupta,42,Male,Maharashtra,Nashik,12-09-2024,16-04-2026,Mobile Accessories,11,12358.45,1123.5,3321.91,Yes,0,0,21,84,10,4,0.095,Credit Card,MacBook,Google Ads,None,Express,1,,Medium,Yes
CUST100435,Ekanta Soni,27,Female,Maharashtra,Mumbai,21-08-2024,07-05-2026,Electronics,5,3097.92,619.58,974.41,Yes,0,0,23,138,25,18,0.391,UPI,Android,Referral,Gold,Standard,1,4.2,Medium,No
CUST100436,David Seshadri,36,Female,Odisha,Bhubaneswar,11-05-2025,12-09-2025,Beauty & Personal Care,2,2815.28,1407.64,442.48,Yes,0,0,18,54,6,3,0.111,UPI,Windows Laptop,Direct,None,Same Day,3,4,Low,No
CUST100437,Hemal Chad,31,Other,West Bengal,Kolkata,17-05-2026,15-08-2026,Home & Kitchen,8,30479.24,3809.9,9260.21,Yes,1,0.12,30,60,5,2,0.033,UPI,Windows Laptop,Organic Search,None,Standard,0,3.7,High,No
CUST100438,Balveer Kota,30,Male,Punjab,Chandigarh,09-02-2024,10-07-2025,Sports & Fitness,4,6993.27,1748.32,912.4,Yes,0,0,17,68,7,3,0.059,UPI,Windows Laptop,Google Ads,None,Express,1,5,Medium,No
CUST100439,Reva Viswanathan,49,Female,Odisha,Bhubaneswar,01-05-2024,25-06-2025,Fashion,8,37224.8,4653.1,0,No,0,0,24,144,28,17,0.458,Net Banking,MacBook,Organic Search,Gold,Standard,0,3.4,High,Yes
CUST100440,Januja Pradhan,19,Male,Maharashtra,Nashik,25-03-2025,08-07-2025,Mobile Accessories,5,9761.5,1952.3,3735.32,Yes,1,0.2,21,84,14,8,0.286,UPI,Android,Google Ads,None,Express,0,3.5,Medium,No
CUST100441,Lila Rege,41,Female,Maharashtra,Nashik,27-12-2025,15-08-2026,Beauty & Personal Care,3,4133.13,1377.71,989.87,Yes,1,0.33,17,102,16,11,0.471,Credit Card,Windows Laptop,Direct,Silver,Express,1,4.6,Low,No
CUST100442,Charles Natt,36,Female,Andhra Pradesh,Vijayawada,18-03-2026,15-08-2026,Sports & Fitness,5,5461.27,1092.25,1140.92,Yes,0,0,24,72,11,4,0.125,Credit Card,iPhone,YouTube,Silver,Express,1,4.3,Medium,No
CUST100443,Forum Chandra,27,Male,Telangana,Warangal,08-03-2026,28-04-2026,Electronics,6,22619.2,3769.87,,Yes,0,0,27,108,19,6,0.148,Debit Card,iPhone,Direct,None,Standard,0,4.2,Medium,Yes
CUST100444,Bhanumati Krishnan,44,Male,Telangana,Warangal,03-03-2026,15-08-2026,Fashion,5,6159.38,1231.88,0,No,0,0,17,68,7,4,0.118,Wallet,Android,YouTube,Gold,Standard,0,4.3,Medium,No
CUST100445,Gauri Bumb,18,Male,Punjab,Amritsar,02-06-2025,28-04-2026,Grocery,5,5137.69,1027.54,1648.44,Yes,1,0.2,20,40,4,2,0.05,Credit Card,Tablet,Direct,Silver,Standard,1,3.7,Medium,Yes
CUST100446,Inaya Mukherjee,27,Male,Jharkhand,Jamshedpur,01-04-2024,04-10-2024,Electronics,2,1770.28,885.14,,No,1,0.5,18,72,7,4,0.167,Credit Card,Android,YouTube,None,Express,0,3.4,Low,Yes
CUST100447,Kai Chad,21,Female,Andhra Pradesh,Visakhapatnam,26-12-2024,19-02-2026,Sports & Fitness,4,18002.05,4500.51,0,No,0,0,25,50,6,2,0.04,UPI,Android,Referral,Platinum,Standard,0,5,Medium,Yes
CUST100448,Krisha Narasimhan,34,Male,Kerala,Thiruvananthapuram,02-05-2024,02-02-2025,Electronics,5,7464.17,1492.83,0,No,0,0,16,64,7,2,0.062,Net Banking,Windows Laptop,Direct,Platinum,Standard,1,3.3,Medium,Yes
CUST100449,Girik Sampath,22,Female,Telangana,Hyderabad,02-12-2024,14-04-2026,Grocery,4,5255.72,1313.93,1634.12,Yes,0,0,15,60,12,8,0.267,UPI,Android,Google Ads,Silver,Standard,0,2.7,Medium,No
CUST100450,Andrew Patil,34,Male,Maharashtra,Pune,30-08-2025,10-10-2025,Fashion,6,11461.27,1910.21,0,No,0,0,13,26,2,1,0.077,UPI,Android,Google Ads,Gold,Standard,1,3.6,Medium,No
CUST100451,Pranit Kala,30,Female,Madhya Pradesh,Bhopal,27-05-2025,15-08-2026,Beauty & Personal Care,6,6847.38,1141.23,518.17,Yes,0,0,15,30,4,2,0.067,Credit Card,MacBook,Organic Search,None,Standard,1,4.7,Medium,No
CUST100452,Vedika Handa,27,Female,Uttar Pradesh,Lucknow,25-08-2025,02-11-2025,Grocery,4,3062.9,765.72,0,No,0,0,22,44,8,3,0.045,Cash on Delivery,iPhone,Referral,None,Standard,1,2.7,Medium,No
CUST100453,Laksh Dubey,34,Female,Gujarat,Surat,03-03-2025,21-11-2025,Fashion,8,6201.86,775.23,0,No,0,0,14,42,8,5,0.143,Debit Card,Android,Email,None,Standard,1,3.5,Medium,No
CUST100454,Chakrika Chaudhuri,29,Female,Assam,Guwahati,08-03-2025,20-12-2025,Electronics,4,3524.37,881.09,1507.45,Yes,0,0,19,114,24,17,0.421,Debit Card,MacBook,Google Ads,Silver,Standard,2,4.7,Medium,No
CUST100455,Gayathri Deep,22,Male,Maharashtra,Nashik,07-01-2024,06-10-2024,Electronics,4,1921.29,480.32,410.21,Yes,0,0,19,95,8,5,0.105,UPI,Android,Organic Search,Gold,Standard,0,3.2,Medium,Yes
CUST100456,Mitesh Gaba,53,Female,Rajasthan,Jaipur,29-04-2024,20-11-2024,Beauty & Personal Care,8,9532.85,1191.61,1460.62,Yes,1,0.12,19,114,12,6,0.211,Wallet,Windows Laptop,Direct,None,Standard,1,4.2,Medium,Yes
CUST100457,Noah Sarma,27,Male,West Bengal,Howrah,21-01-2025,15-08-2026,Home & Kitchen,5,3181.96,636.39,0,No,1,0.2,23,138,30,13,0.261,Credit Card,Windows Laptop,Referral,None,Express,0,4.1,Medium,Yes
CUST100458,Nirja Patla,18,Male,Gujarat,Vadodara,15-12-2024,20-03-2026,Grocery,6,12236.82,2039.47,0,No,0,0,20,120,14,5,0.2,UPI,iPhone,Direct,Gold,Standard,0,4.1,Medium,Yes
CUST100459,Sachi Mane,24,Male,West Bengal,Kolkata,02-10-2025,15-08-2026,Home & Kitchen,8,18480.65,2310.08,1397.04,Yes,0,0,19,57,5,2,0.053,UPI,Android,Direct,Silver,Same Day,2,4.5,High,No
CUST100460,Vivaan Walla,21,Female,Maharashtra,Nashik,21-11-2025,15-08-2026,Home & Kitchen,2,2066.42,1033.21,0,No,1,0.5,19,114,24,14,0.316,Debit Card,Windows Laptop,Instagram,Gold,Standard,1,3.2,Low,No
CUST100461,Dayamai Singh,38,Female,Maharashtra,Nashik,07-04-2024,19-05-2025,Home & Kitchen,7,10274.29,1467.76,0,No,0,0,22,66,9,4,0.136,Credit Card,iPhone,Referral,None,Standard,1,4.7,Medium,Yes
CUST100462,Jhalak Sastry,34,Female,Bihar,Muzaffarpur,12-02-2024,09-04-2025,Electronics,9,20856.73,2317.41,0,No,1,0.11,20,100,12,6,0.1,UPI,iPhone,Email,None,Standard,0,3.3,High,No
CUST100463,Baghyawati Raja,34,Male,Kerala,Kozhikode,01-07-2024,01-11-2024,Fashion,11,31142.44,2831.13,2440.98,Yes,1,0.09,18,90,9,4,0.111,UPI,Android,Organic Search,None,Standard,3,3.8,High,Yes
CUST100464,Neel Iyengar,28,Male,Uttar Pradesh,Noida,27-11-2025,15-08-2026,Mobile Accessories,5,4824.66,964.93,636.65,Yes,0,0,20,40,5,3,0.05,Credit Card,Windows Laptop,Email,None,Express,1,3.9,Medium,No
CUST100465,Zashil Ben,29,Female,Andhra Pradesh,Visakhapatnam,18-07-2025,12-11-2025,Books,8,5213.87,651.73,0,No,0,0,12,72,9,6,0.333,Cash on Delivery,Android,Instagram,Silver,Standard,2,4.4,Medium,No
CUST100466,Kamya Chauhan,28,Male,Telangana,Warangal,09-01-2026,15-08-2026,Fashion,4,3120.92,780.23,529.14,Yes,1,0.25,16,96,20,7,0.25,UPI,iPhone,Google Ads,Gold,Express,1,3,Medium,No
CUST100467,Bhavani Chacko,30,Male,Tamil Nadu,Chennai,03-11-2025,15-08-2026,Beauty & Personal Care,5,3128.41,625.68,266.56,Yes,0,0,29,58,6,4,0.103,UPI,Android,Organic Search,None,Same Day,0,5,Medium,No
CUST100468,Anjali Sengupta,38,Female,Haryana,Faridabad,22-08-2024,12-02-2025,Sports & Fitness,4,6917.85,1729.46,0,No,1,0.25,20,60,5,2,0.05,Credit Card,Android,Organic Search,Gold,Standard,0,,Medium,Yes
CUST100469,Rajeshri Chand,34,Male,Delhi,New Delhi,21-03-2025,13-05-2026,Home & Kitchen,6,1318.41,219.74,0,No,0,0,22,132,15,6,0.227,Credit Card,Android,Email,Silver,Standard,1,4.7,Medium,No
CUST100470,Shravya Palla,35,Male,Andhra Pradesh,Visakhapatnam,19-05-2026,15-08-2026,Electronics,2,1811.86,905.93,129.1,Yes,1,0.5,23,138,21,15,0.478,Credit Card,Windows Laptop,Direct,None,Standard,1,3.2,Low,No
CUST100471,Oeshi Bera,35,Male,West Bengal,Howrah,18-07-2024,24-12-2024,Electronics,6,8198.82,1366.47,3303.8,Yes,1,0.17,20,100,12,4,0.1,Credit Card,Android,Direct,None,Express,2,3.7,Medium,Yes
CUST100472,Yadavi Prakash,38,Male,Andhra Pradesh,Vijayawada,27-05-2025,15-08-2026,Home & Kitchen,1,751.15,751.15,0,No,1,1,16,48,5,2,0.062,Net Banking,iPhone,Organic Search,None,Express,0,2.5,Low,Yes
CUST100473,Libni Bumb,33,Male,West Bengal,Kolkata,09-06-2025,02-11-2025,Mobile Accessories,5,4032.6,806.52,1039.51,Yes,0,0,13,39,5,3,0.077,UPI,iPhone,Instagram,Gold,Standard,2,4.7,Medium,Yes
CUST100474,Udarsh Bala,34,Female,Haryana,Gurugram,31-07-2024,15-11-2024,Grocery,3,7162.97,2387.66,1493.67,Yes,0,0,21,105,21,11,0.238,UPI,Android,Direct,None,Standard,0,3.4,Medium,Yes
CUST100475,Hardik Nayak,41,Female,Uttar Pradesh,Kanpur,12-01-2025,26-10-2025,Electronics,4,2693.79,673.45,0,No,0,0,26,78,13,9,0.231,UPI,iPhone,Organic Search,Silver,Standard,0,3.3,Medium,Yes
CUST100476,Laksh Barad,26,Male,Andhra Pradesh,Visakhapatnam,27-02-2026,15-08-2026,Fashion,5,4330.09,866.02,797.7,Yes,0,0,19,38,5,2,0.053,Credit Card,Tablet,Organic Search,None,Same Day,0,4.5,Medium,No
CUST100477,Urmi Dewan,24,Female,Maharashtra,Pune,29-06-2025,23-01-2026,Grocery,9,20229.96,2247.77,1947.98,Yes,0,0,23,138,18,9,0.174,Net Banking,Android,Instagram,None,Standard,0,1.9,High,No
CUST100478,Saumya Ahluwalia,22,Female,Uttar Pradesh,Lucknow,30-04-2025,31-10-2025,Sports & Fitness,3,3805.52,1268.51,310.9,Yes,0,0,24,96,8,2,0.042,Debit Card,MacBook,YouTube,None,Standard,0,3.9,Low,Yes
CUST100479,Anirudh Kunda,32,Male,Andhra Pradesh,Visakhapatnam,26-12-2024,14-04-2026,Beauty & Personal Care,6,27905.95,4650.99,4842.58,Yes,2,0.33,26,52,10,5,0.115,Credit Card,iPhone,Organic Search,None,Standard,0,5,Medium,Yes
CUST100480,Mason Wable,18,Female,Uttar Pradesh,Kanpur,20-02-2026,17-03-2026,Beauty & Personal Care,4,9033.92,2258.48,0,No,0,0,16,80,7,2,0.062,Debit Card,Windows Laptop,Instagram,Gold,Standard,0,3.4,Medium,Yes
CUST100481,Indrajit Mani,35,Female,Bihar,Gaya,16-06-2024,28-12-2024,Electronics,7,19298.42,2756.92,0,No,0,0,20,100,10,4,0.1,UPI,iPhone,Direct,None,Standard,1,,Medium,Yes
CUST100482,Charvi Dara,30,Male,Odisha,Bhubaneswar,08-06-2026,15-08-2026,Sports & Fitness,7,4840.81,691.54,1814.85,Yes,0,0,23,115,16,10,0.304,UPI,Android,YouTube,Gold,Express,0,4.8,Medium,No
CUST100483,William Saini,40,Male,Gujarat,Surat,12-11-2025,25-12-2025,Grocery,2,2498.89,1249.44,505.07,Yes,0,0,22,88,8,5,0.136,Cash on Delivery,iPhone,Email,Gold,Standard,3,3.3,Low,No
CUST100484,Dev Choudhry,26,Male,Bihar,Gaya,16-08-2025,15-08-2026,Fashion,5,6466.56,1293.31,1955.99,Yes,0,0,25,50,8,4,0.08,UPI,Android,Email,None,Standard,2,5,Medium,No
CUST100485,Amol Varma,29,Female,Uttar Pradesh,Noida,07-02-2025,26-02-2025,Grocery,6,5709.71,951.62,1271.93,Yes,0,0,22,88,13,4,0.091,UPI,iPhone,Google Ads,Gold,Standard,1,4.9,Medium,No
CUST100486,Maanas Manne,40,Male,Assam,Dibrugarh,07-04-2026,15-08-2026,Fashion,3,2871.92,957.31,0,No,0,0,20,120,17,6,0.15,Wallet,iPhone,Email,Gold,Express,1,4.5,Low,No
CUST100487,Aarav Pandit,42,Female,West Bengal,Howrah,16-05-2024,17-10-2024,Electronics,6,7262.24,1210.37,1089.8,Yes,0,0,25,125,26,11,0.32,Debit Card,Windows Laptop,Email,Silver,Standard,1,3.4,Medium,Yes
CUST100488,Omaja Grover,26,Female,Tamil Nadu,Madurai,20-08-2024,01-10-2024,Fashion,10,3359.66,335.97,0,No,2,0.2,15,60,10,3,0.067,Debit Card,Windows Laptop,Instagram,Gold,Same Day,1,4,Medium,Yes
CUST100489,Jalsa Bir,32,Male,Jharkhand,Ranchi,24-04-2024,14-08-2024,Electronics,4,2913.69,728.42,274.65,Yes,1,0.25,19,114,20,8,0.211,UPI,iPhone,Email,None,Express,1,3.9,Medium,Yes
CUST100490,Madhavi Singhal,33,Female,Haryana,Faridabad,08-09-2024,11-06-2025,Fashion,6,19247.85,3207.98,3940.17,Yes,0,0,29,174,28,15,0.414,UPI,Windows Laptop,Direct,None,Standard,0,4.2,Medium,Yes
CUST100491,Lila Prakash,34,Female,Gujarat,Vadodara,07-05-2025,09-06-2025,Home & Kitchen,4,3323.99,831,762.26,Yes,0,0,31,186,21,8,0.194,Debit Card,Windows Laptop,YouTube,None,Express,1,4.3,Medium,No
CUST100492,Amol Parikh,29,Male,Bihar,Patna,15-10-2024,10-11-2024,Home & Kitchen,5,5056.26,1011.25,0,No,0,0,19,95,8,5,0.105,Credit Card,Android,Organic Search,Gold,Standard,1,3.7,Medium,No
CUST100493,Hemani Khosla,41,Female,Tamil Nadu,Chennai,18-02-2024,22-08-2025,Home & Kitchen,4,5555.33,1388.83,1167.11,Yes,0,0,15,45,7,2,0.067,UPI,MacBook,Email,Gold,Standard,1,3.7,Medium,No
CUST100494,Gaurangi Deol,18,Male,Karnataka,Mangaluru,27-03-2025,15-08-2026,Fashion,4,5397.16,1349.29,1706.44,Yes,0,0,26,156,22,14,0.231,Net Banking,Android,Organic Search,Gold,Standard,3,4.6,Medium,No
CUST100495,Indira Nigam,28,Male,Gujarat,Surat,30-05-2025,15-08-2026,Electronics,9,3295.74,366.19,394.98,Yes,0,0,18,54,5,2,0.056,UPI,Windows Laptop,Instagram,None,Standard,1,5,Medium,No
CUST100496,Ucchal Srinivas,35,Male,Telangana,Warangal,09-06-2026,15-08-2026,Beauty & Personal Care,5,7121.18,1424.24,0,No,1,0.2,21,126,25,14,0.286,UPI,iPhone,Direct,Silver,Standard,0,,Medium,No
CUST100497,Krishna Bhatnagar,35,Female,Uttar Pradesh,Lucknow,18-11-2025,15-08-2026,Home & Kitchen,5,10559.31,2111.86,0,No,0,0,16,64,9,4,0.125,UPI,Android,YouTube,None,Express,0,4.6,Medium,No
CUST100498,Balhaar Memon,42,Female,Maharashtra,Nagpur,28-09-2024,05-11-2024,Fashion,6,11609.73,1934.96,2781.09,Yes,1,0.17,13,78,11,5,0.308,UPI,iPhone,Direct,Platinum,Standard,0,4.5,Medium,No
CUST100499,Caleb Iyengar,41,Male,Andhra Pradesh,Vijayawada,06-03-2025,28-03-2025,Sports & Fitness,3,2618.26,872.75,832.35,Yes,1,0.33,17,85,11,6,0.176,Debit Card,Windows Laptop,Google Ads,None,Standard,0,4.4,Low,Yes
CUST100500,Diya Mukherjee,29,Male,Andhra Pradesh,Vijayawada,26-01-2024,24-09-2024,Grocery,4,11377.52,2844.38,1995.82,Yes,2,0.5,19,95,17,7,0.211,UPI,Windows Laptop,Instagram,Silver,Standard,2,4.3,Medium,Yes
CUST100501,Urvashi Kulkarni,41,Male,Odisha,Cuttack,10-03-2024,04-04-2025,Sports & Fitness,3,7585.39,2528.46,0,No,0,0,18,54,4,2,0.056,UPI,Android,Google Ads,Silver,Standard,0,3.7,Medium,Yes
CUST100502,Rayaan Mangal,25,Female,Uttar Pradesh,Lucknow,19-10-2024,05-03-2025,Home & Kitchen,1,2397.36,2397.36,0,No,1,1,21,63,6,4,0.095,UPI,Android,Referral,None,Express,0,4.2,Low,Yes
CUST100503,Champak Narula,38,Female,Tamil Nadu,Chennai,09-02-2025,24-05-2025,Electronics,6,12367.07,2061.18,5279.31,Yes,0,0,18,36,7,2,0.056,UPI,Android,Google Ads,None,Standard,2,3.9,Medium,No
CUST100504,Jeet Pillai,45,Female,Punjab,Chandigarh,21-08-2024,04-12-2025,Grocery,4,4807.44,1201.86,0,No,1,0.25,23,92,7,2,0.043,Net Banking,Windows Laptop,Google Ads,Gold,Standard,0,4.5,Medium,Yes
CUST100505,Mugdha Sarraf,41,Female,Odisha,Bhubaneswar,18-08-2024,13-04-2025,Fashion,6,8920.37,1486.73,2626.61,Yes,1,0.17,26,52,8,4,0.115,Debit Card,Windows Laptop,Referral,None,Standard,0,4.4,Medium,Yes
CUST100506,Harinakshi Grover,32,Female,Karnataka,Mysuru,19-09-2024,17-06-2025,Home & Kitchen,5,15941.68,3188.34,4270.38,Yes,0,0,22,132,15,11,0.273,Credit Card,Android,Direct,Silver,Express,1,2.4,Medium,Yes
CUST100507,Widisha Pillai,28,Male,Assam,Dibrugarh,08-03-2026,15-08-2026,Electronics,7,3095.39,442.2,0,No,0,0,20,60,9,4,0.1,Credit Card,Tablet,Organic Search,Gold,Same Day,0,4.2,Medium,No
CUST100508,Fitan Samra,19,Male,Punjab,Amritsar,08-08-2025,17-01-2026,Sports & Fitness,8,6059.67,757.46,2405.39,Yes,0,0,16,80,12,8,0.188,Debit Card,Windows Laptop,Direct,Silver,Express,1,4.3,Medium,No
CUST100509,Qushi Gole,33,Female,Jharkhand,Jamshedpur,30-04-2024,05-06-2025,Electronics,5,9800.46,1960.09,0,No,0,0,20,80,13,6,0.15,UPI,Windows Laptop,Direct,None,Standard,2,4.8,Medium,Yes
CUST100510,Ekani Chauhan,22,Female,Kerala,Kozhikode,07-04-2025,03-07-2026,Books,7,8820.37,1260.05,3156.94,Yes,0,0,14,70,7,3,0.143,UPI,iPhone,Referral,Platinum,Express,1,4.1,Medium,No
CUST100511,Falak Merchant,25,Male,Uttar Pradesh,Varanasi,01-06-2025,22-07-2025,Sports & Fitness,3,2869.89,956.63,246.85,Yes,2,0.67,17,51,8,4,0.118,Credit Card,Windows Laptop,Google Ads,Gold,Standard,0,3.8,Low,Yes
CUST100512,Sanaya Sandhu,21,Female,Gujarat,Vadodara,24-01-2024,23-05-2024,Home & Kitchen,5,17592.97,3518.59,1912.06,Yes,0,0,21,42,7,3,0.095,Net Banking,Tablet,Organic Search,Silver,Express,2,4.8,Medium,Yes
CUST100513,Sachi Panchal,27,Female,Jharkhand,Ranchi,06-12-2025,15-08-2026,Grocery,8,17172.41,2146.55,0,No,0,0,26,104,10,4,0.077,Credit Card,Windows Laptop,Organic Search,None,Standard,0,3.6,High,No
CUST100514,Brijesh Pandit,31,Male,Haryana,Faridabad,10-11-2025,14-07-2026,Beauty & Personal Care,5,10873.14,2174.63,2894.25,Yes,1,0.2,18,54,10,4,0.111,Net Banking,Android,YouTube,None,Standard,3,3,Medium,Yes
CUST100515,Anvi Bhandari,33,Female,West Bengal,Kolkata,11-01-2025,20-06-2025,Sports & Fitness,3,2407.76,802.59,866.1,Yes,0,0,21,105,10,5,0.143,UPI,Android,Email,Gold,Standard,1,4.5,Low,No
CUST100516,Nidra Patla,26,Female,West Bengal,Howrah,14-05-2025,14-06-2025,Home & Kitchen,4,3928.15,982.04,342.65,Yes,0,0,18,108,12,8,0.333,UPI,Windows Laptop,Google Ads,None,Same Day,0,5,Medium,No
CUST100517,Azaan Dhar,40,Male,Telangana,Hyderabad,12-03-2025,01-09-2025,Grocery,8,12199.32,1524.92,3374.27,Yes,0,0,13,78,10,4,0.154,Debit Card,MacBook,Instagram,Gold,Standard,0,3.9,Medium,No
CUST100518,Bakhshi Date,29,Male,Madhya Pradesh,Indore,02-05-2026,15-08-2026,Home & Kitchen,4,5822.61,1455.65,1423.21,Yes,0,0,21,126,15,10,0.333,UPI,iPhone,Google Ads,Platinum,Express,0,3.6,Medium,No
CUST100519,Warinder Peri,25,Male,Andhra Pradesh,Vijayawada,22-12-2025,15-08-2026,Mobile Accessories,6,25197.73,4199.62,9874.35,Yes,0,0,23,46,8,2,0.043,UPI,MacBook,Email,None,Standard,1,4.9,Medium,No
CUST100520,Leela Bali,33,Male,Maharashtra,Mumbai,06-10-2025,22-02-2026,Home & Kitchen,2,3421.93,1710.96,427.26,Yes,0,0,24,120,14,5,0.125,UPI,iPhone,Email,Silver,Standard,0,4.5,Low,Yes
CUST100521,Shivani Prabhakar,47,Female,Uttar Pradesh,Noida,06-05-2026,15-08-2026,Home & Kitchen,3,9590.78,3196.93,1817.31,Yes,0,0,20,80,14,5,0.1,Credit Card,Android,Referral,None,Express,1,3.9,Medium,No
CUST100522,Sachi Bose,34,Male,Telangana,Hyderabad,14-03-2026,15-08-2026,Grocery,2,3787.62,1893.81,0,No,2,1,17,51,4,2,0.059,Net Banking,Android,Email,None,Standard,5,4.3,Low,Yes
CUST100523,Jeevika Rao,28,Male,Andhra Pradesh,Visakhapatnam,13-05-2025,15-08-2026,Sports & Fitness,6,8078.82,1346.47,1863.73,Yes,0,0,39,234,29,11,0.179,UPI,Android,Organic Search,Silver,Standard,0,3.4,Medium,No
CUST100524,Arya Krish,19,Male,Punjab,Ludhiana,22-06-2024,26-05-2025,Beauty & Personal Care,3,2469.63,823.21,994.18,Yes,0,0,21,126,26,15,0.524,UPI,Android,Instagram,Gold,Standard,0,4.3,Low,No
CUST100525,Atharv Grewal,29,Male,Punjab,Ludhiana,24-10-2025,15-08-2026,Electronics,7,14070.21,2010.03,4476.2,Yes,0,0,15,30,4,2,0.067,Debit Card,Windows Laptop,Email,Silver,Standard,1,2.7,Medium,No
CUST100526,Zarna Ram,33,Male,Gujarat,Ahmedabad,22-08-2025,10-03-2026,Home & Kitchen,4,4833.84,1208.46,0,No,0,0,25,150,21,11,0.32,UPI,Windows Laptop,Direct,Gold,Express,1,,Medium,No
CUST100527,Adweta Lad,28,Female,Gujarat,Surat,23-03-2026,15-08-2026,Mobile Accessories,6,6789.37,1131.56,592.95,Yes,0,0,23,46,8,3,0.043,Net Banking,Android,Email,Platinum,Express,0,4,Medium,No
CUST100528,Tanish Mangal,18,Male,Tamil Nadu,Chennai,23-05-2025,02-08-2025,Grocery,5,4533.52,906.7,0,No,1,0.2,20,40,3,2,0.05,Credit Card,Windows Laptop,Direct,None,Standard,0,4.2,Medium,Yes
CUST100529,Ryan Das,24,Female,West Bengal,Siliguri,16-02-2026,15-08-2026,Sports & Fitness,3,3962.44,1320.81,0,No,0,0,18,36,6,2,0.056,UPI,Android,Organic Search,None,Standard,0,3.8,Low,No
CUST100530,Ethan Seth,43,Female,Haryana,Gurugram,05-11-2024,15-06-2025,Electronics,5,9356.8,1871.36,0,No,0,0,26,156,13,5,0.115,UPI,Android,Referral,Silver,Standard,2,4.8,Medium,Yes
CUST100531,Sai Chahal,42,Male,Punjab,Ludhiana,10-03-2024,06-06-2024,Home & Kitchen,4,4769,1192.25,0,No,1,0.25,19,114,17,11,0.263,Credit Card,Windows Laptop,Organic Search,None,Standard,0,4.2,Medium,Yes
CUST100532,Idika Bhattacharyya,24,Female,Andhra Pradesh,Vijayawada,23-07-2024,03-12-2025,Beauty & Personal Care,4,4296.88,1074.22,1118.98,Yes,0,0,13,52,8,2,0.077,UPI,Android,Referral,None,Express,0,,Medium,No
CUST100533,Charita Dugar,36,Female,Andhra Pradesh,Vijayawada,06-12-2024,15-03-2025,Sports & Fitness,6,9406.57,1567.76,478.12,Yes,0,0,19,38,3,1,0.053,Credit Card,Android,Organic Search,None,Standard,3,4,Medium,Yes
CUST100534,Janaki Trivedi,22,Male,Uttar Pradesh,Kanpur,01-02-2024,08-11-2025,Electronics,6,9195.63,1532.6,3766.75,Yes,0,0,18,54,10,5,0.167,Credit Card,Windows Laptop,Google Ads,Silver,Express,0,4.5,Medium,Yes
CUST100535,Jairaj Iyer,42,Male,Madhya Pradesh,Indore,12-02-2024,11-03-2024,Sports & Fitness,4,4838.82,1209.7,0,No,0,0,27,135,21,10,0.185,Debit Card,Android,Referral,Silver,Standard,0,4.4,Medium,Yes
CUST100536,Warjas Tak,33,Female,Jharkhand,Ranchi,27-04-2024,29-06-2024,Beauty & Personal Care,5,18498.26,3699.65,7789.59,Yes,0,0,20,40,4,2,0.05,Net Banking,Windows Laptop,Organic Search,None,Standard,0,3.9,Medium,No
CUST100537,Jalsa Pillay,39,Female,Punjab,Amritsar,07-06-2026,15-08-2026,Fashion,5,7697.33,1539.47,0,No,0,0,17,51,10,3,0.118,Cash on Delivery,Android,Email,Silver,Same Day,0,5,Medium,No
CUST100538,Kai Chadha,18,Male,Delhi,New Delhi,15-01-2024,22-01-2025,Fashion,8,14398.04,1799.76,1940.37,Yes,0,0,20,40,7,4,0.05,Credit Card,Android,Organic Search,Platinum,Express,2,3.4,Medium,Yes
CUST100539,Dayamai Rao,36,Male,Gujarat,Ahmedabad,17-11-2024,31-07-2025,Fashion,5,12559.53,2511.91,0,No,0,0,26,156,27,17,0.5,Credit Card,MacBook,Email,Gold,Standard,,5,Medium,No
CUST100540,Nirja Rout,31,Male,Maharashtra,Pune,18-09-2025,24-11-2025,Beauty & Personal Care,7,9843.46,1406.21,0,No,1,0.14,24,144,19,13,0.25,Wallet,Android,YouTube,None,Standard,2,3.1,Medium,No
CUST100541,Jeremiah Nadig,38,Male,Jharkhand,Jamshedpur,02-12-2024,23-02-2025,Electronics,5,3620.49,724.1,384.38,Yes,0,0,23,92,13,7,0.13,Wallet,Windows Laptop,Organic Search,Platinum,Express,0,3.2,Medium,No
CUST100542,Shivani Shukla,38,Female,Uttar Pradesh,Lucknow,15-06-2025,15-08-2026,Electronics,4,3081.53,770.38,0,No,0,0,19,76,13,5,0.105,UPI,Android,Google Ads,None,Same Day,0,3.3,Medium,Yes
CUST100543,Kabir Gopal,32,Male,Delhi,Delhi,20-11-2025,29-01-2026,Sports & Fitness,2,1599.99,800,365.33,Yes,0,0,18,36,4,1,0.056,Debit Card,iPhone,Instagram,Silver,Standard,1,4.9,Low,Yes
CUST100544,Rachita Thakkar,26,Male,Odisha,Bhubaneswar,12-02-2026,15-08-2026,Electronics,2,1290,645,0,No,1,0.5,21,126,20,10,0.238,UPI,Windows Laptop,YouTube,Silver,Standard,1,3.7,Low,No
CUST100545,Jeet Vasa,37,Male,Bihar,Muzaffarpur,13-08-2025,09-05-2026,Fashion,4,5179.86,1294.96,0,No,1,0.25,18,36,6,3,0.056,UPI,MacBook,Referral,Silver,Same Day,1,3.9,Medium,No
CUST100546,Daksha Gala,31,Male,Telangana,Hyderabad,15-01-2025,03-02-2025,Home & Kitchen,5,14667.03,2933.41,0,No,0,0,20,60,6,2,0.05,Wallet,Windows Laptop,Direct,Gold,Standard,1,3.1,Medium,Yes
CUST100547,Ekantika Kar,24,Male,Maharashtra,Nashik,25-05-2025,15-08-2026,Home & Kitchen,8,15231.93,1903.99,5049.41,Yes,0,0,26,52,5,2,0.038,UPI,Android,Instagram,Silver,Express,1,3.7,High,No
CUST100548,Zilmil Mander,24,Male,Odisha,Cuttack,29-04-2024,04-07-2024,Grocery,4,7269.68,1817.42,2507.44,Yes,0,0,22,88,9,5,0.091,UPI,Android,Organic Search,None,Express,0,3.9,Medium,No
CUST100549,Zashil Hegde,19,Male,Rajasthan,Jodhpur,26-01-2024,03-01-2025,Home & Kitchen,6,4081.56,680.26,0,No,1,0.17,21,105,8,3,0.095,Credit Card,Android,Google Ads,Silver,Standard,1,4.5,Medium,Yes
CUST100550,Jeremiah Mitter,27,Female,Madhya Pradesh,Indore,17-06-2025,07-10-2025,Grocery,2,4109.78,2054.89,0,No,0,0,17,51,9,4,0.118,Credit Card,iPhone,Organic Search,Platinum,Same Day,1,4.3,Low,Yes
CUST100551,Yadavi Ganguly,40,Female,Rajasthan,Jodhpur,13-12-2025,06-06-2026,Beauty & Personal Care,5,10469.02,2093.8,656.73,Yes,0,0,13,52,10,6,0.231,UPI,Windows Laptop,Email,Silver,Standard,2,3.6,Medium,No
CUST100552,Onveer Nazareth,32,Male,Punjab,Ludhiana,04-03-2024,28-04-2025,Electronics,6,17253.77,2875.63,0,No,0,0,25,150,28,14,0.32,Wallet,Android,Organic Search,None,Express,1,3.2,Medium,Yes
CUST100553,Ayush Bumb,27,Female,Uttar Pradesh,Lucknow,04-04-2025,15-08-2026,Electronics,4,5874.93,1468.73,1551.01,Yes,0,0,26,52,10,6,0.115,UPI,Android,Google Ads,None,Standard,1,3.9,Medium,No
CUST100554,Alka Kade,37,Male,Uttar Pradesh,Kanpur,26-12-2025,15-08-2026,Home & Kitchen,2,7394.95,3697.48,0,No,0,0,15,60,5,2,0.067,Debit Card,Android,Organic Search,Silver,Standard,0,5,Medium,No
CUST100555,Azaan Tank,24,Male,Haryana,Faridabad,09-11-2024,24-07-2025,Home & Kitchen,5,7672.74,1534.55,0,No,0,0,18,72,15,10,0.389,UPI,iPhone,Instagram,None,Standard,0,4.3,Medium,Yes
CUST100556,Chasmum Subramanian,32,Male,Gujarat,Vadodara,15-03-2026,15-08-2026,Grocery,7,11732.06,1676.01,0,No,0,0,23,138,20,7,0.174,UPI,Android,Organic Search,Silver,Standard,1,3.3,Medium,No
CUST100557,Nidra Mishra,30,Male,Maharashtra,Mumbai,12-08-2025,15-08-2026,Beauty & Personal Care,5,13125.98,2625.2,1286.1,Yes,0,0,18,90,12,7,0.222,UPI,iPhone,Referral,None,Standard,1,3,Medium,No
CUST100558,Elijah Bhasin,37,Female,West Bengal,Howrah,03-08-2024,02-11-2025,Home & Kitchen,11,18285.73,1662.34,0,No,0,0,18,108,10,3,0.056,UPI,Android,Instagram,Gold,Standard,1,3.4,High,Yes
CUST100559,Ria Sagar,18,Male,Kerala,Kozhikode,31-03-2025,15-09-2025,Electronics,3,2046.42,682.14,460.39,Yes,1,0.33,17,34,5,3,0.059,Credit Card,Windows Laptop,Instagram,None,Standard,0,3.9,Low,No
CUST100560,Ucchal Jani,24,Male,Bihar,Gaya,05-01-2026,15-08-2026,Fashion,7,5917.31,845.33,1473.35,Yes,0,0,21,126,22,8,0.19,UPI,iPhone,Direct,Platinum,Express,2,4.9,Medium,No
CUST100561,Maanas Munshi,18,Female,Odisha,Bhubaneswar,07-06-2026,15-08-2026,Beauty & Personal Care,10,50252.07,5025.21,19687.34,Yes,0,0,17,34,3,1,0.059,Cash on Delivery,iPhone,Google Ads,None,Express,0,2.2,High,No
CUST100562,Hemani Rastogi,29,Female,Karnataka,Mysuru,23-06-2025,15-08-2026,Home & Kitchen,4,6152.64,1538.16,1749.27,Yes,0,0,19,114,24,11,0.263,UPI,Android,Google Ads,Silver,Standard,1,4.3,Medium,No
CUST100563,Kamala Varma,41,Male,Maharashtra,Pune,27-03-2026,03-08-2026,Home & Kitchen,8,13362.89,1670.36,2279.44,Yes,2,0.25,19,95,19,11,0.368,Credit Card,MacBook,YouTube,Silver,Express,0,3.4,Medium,No
CUST100564,Eiravati Khurana,27,Male,West Bengal,Kolkata,13-12-2025,15-08-2026,Electronics,4,3008.36,752.09,0,No,0,0,24,48,9,3,0.042,UPI,Tablet,Google Ads,Silver,Express,0,4.6,Medium,No
CUST100565,Jason Loke,27,Male,Telangana,Warangal,01-08-2025,14-07-2026,Grocery,5,8217.41,1643.48,0,No,1,0.2,19,38,5,3,0.105,Credit Card,Windows Laptop,Email,None,Same Day,0,4.3,Medium,Yes
CUST100566,Yug Dhaliwal,38,Male,Uttar Pradesh,Lucknow,17-04-2025,08-09-2025,Sports & Fitness,5,15434.64,3086.93,6265.23,Yes,1,0.2,27,108,21,13,0.333,Debit Card,Android,Instagram,None,Standard,1,5,Medium,No
CUST100567,Chandresh Mannan,40,Male,Telangana,Warangal,24-12-2024,04-07-2025,Fashion,4,1592.64,398.16,0,No,0,0,19,114,11,5,0.105,UPI,Windows Laptop,Organic Search,None,Express,2,4.2,Medium,Yes
CUST100568,Omya Kothari,30,Male,Gujarat,Ahmedabad,05-05-2024,22-08-2024,Home & Kitchen,6,10312.21,1718.7,0,No,1,0.17,23,92,19,10,0.261,Net Banking,Windows Laptop,Google Ads,Silver,Standard,0,5,Medium,Yes
CUST100569,Falak Munshi,36,Female,Assam,Dibrugarh,10-05-2026,15-08-2026,Mobile Accessories,4,6386.7,1596.68,2670.92,Yes,0,0,24,72,14,8,0.208,UPI,Android,Instagram,None,Standard,0,3.5,Medium,Yes
CUST100570,Nathaniel Tara,22,Female,Telangana,Hyderabad,07-12-2025,01-04-2026,Fashion,2,2681.1,1340.55,182.82,Yes,0,0,28,56,9,5,0.107,UPI,Android,Email,Platinum,Standard,0,3.9,Low,No
CUST100571,Wishi Morar,42,Female,Rajasthan,Jodhpur,16-11-2025,14-06-2026,Beauty & Personal Care,5,18977.13,3795.43,0,No,1,0.2,18,90,15,9,0.222,UPI,Android,Referral,Silver,Standard,0,2.7,Medium,Yes
CUST100572,Arin Chana,48,Male,Madhya Pradesh,Indore,27-03-2024,04-11-2024,Electronics,6,5849.55,974.92,0,No,0,0,14,70,9,3,0.071,Net Banking,MacBook,Referral,Silver,Express,1,4.2,Medium,Yes
CUST100573,Yashasvi Shankar,35,Male,Gujarat,Ahmedabad,08-12-2024,15-08-2026,Beauty & Personal Care,6,6849.93,1141.66,2201.48,Yes,0,0,19,38,8,5,0.158,UPI,Android,Email,None,Standard,1,3.9,Medium,No
CUST100574,Tanveer Pandit,18,Male,Bihar,Muzaffarpur,02-04-2026,15-08-2026,Electronics,10,10811.27,1081.13,0,No,0,0,19,76,6,3,0.105,UPI,Windows Laptop,Organic Search,Gold,Standard,1,4.4,Medium,No
CUST100575,Chandresh Manda,27,Female,Haryana,Faridabad,29-01-2025,15-08-2026,Mobile Accessories,8,33220.6,4152.58,0,No,1,0.12,16,32,6,4,0.062,Debit Card,Android,Instagram,None,Standard,1,,High,No
CUST100576,Upma Mangal,36,Male,Jharkhand,Ranchi,28-04-2025,20-05-2025,Grocery,3,3843.2,1281.07,0,No,0,0,18,54,6,4,0.111,UPI,Windows Laptop,Instagram,None,Standard,0,5,Low,No
CUST100577,Hritik Sankar,28,Female,Maharashtra,Mumbai,27-10-2025,26-03-2026,Grocery,4,7583.1,1895.78,2876.38,Yes,0,0,26,78,15,5,0.154,Credit Card,MacBook,Direct,Gold,Same Day,1,3.9,Medium,No
CUST100578,Aishani Pau,41,Female,Assam,Guwahati,31-03-2025,15-08-2026,Grocery,8,3052.33,381.54,0,No,0,0,16,48,4,1,0.062,Wallet,Windows Laptop,Direct,None,Express,0,4.5,Medium,No
CUST100579,Jasmit Bath,36,Female,Rajasthan,Udaipur,20-04-2025,20-01-2026,Beauty & Personal Care,5,6524.95,1304.99,0,No,0,0,23,46,5,2,0.043,Credit Card,iPhone,Instagram,None,Express,0,5,Medium,No
CUST100580,Charan Hayer,25,Female,Delhi,Delhi,28-07-2024,05-01-2025,Home & Kitchen,4,5693.46,1423.36,1953.3,Yes,1,0.25,26,156,16,6,0.154,Credit Card,Android,Organic Search,None,Standard,2,5,Medium,Yes
CUST100581,Bhavya Borah,31,Female,Gujarat,Ahmedabad,08-06-2025,15-08-2026,Sports & Fitness,1,1601.99,1601.99,0,No,1,1,19,76,16,7,0.211,Cash on Delivery,Android,Direct,None,Standard,1,4.4,Low,No
CUST100582,Yamini Seshadri,24,Female,Andhra Pradesh,Visakhapatnam,06-11-2025,15-08-2026,Mobile Accessories,3,3166.26,1055.42,1207.02,Yes,1,0.33,26,130,14,5,0.077,UPI,Windows Laptop,Organic Search,Silver,Standard,0,4.2,Low,No
CUST100583,Jagat Dave,30,Female,Rajasthan,Jaipur,05-02-2026,15-08-2026,Home & Kitchen,3,1970.71,656.9,485.2,Yes,1,0.33,21,126,16,9,0.333,UPI,Android,Instagram,Platinum,Standard,2,4.4,Low,No
CUST100584,Meera Prakash,27,Male,Tamil Nadu,Madurai,14-06-2026,15-08-2026,Mobile Accessories,9,10521.95,1169.11,0,No,1,0.11,29,58,7,3,0.034,Debit Card,Tablet,Instagram,None,Standard,0,5,Medium,No
CUST100585,Jasmit Dhawan,40,Male,Bihar,Patna,29-07-2025,01-04-2026,Beauty & Personal Care,9,30431.5,3381.28,3167.98,Yes,0,0,15,60,13,4,0.133,Net Banking,Tablet,Organic Search,Gold,Standard,1,4.2,High,No
CUST100586,Yashodhara Ratti,48,Female,Delhi,New Delhi,02-11-2024,25-02-2025,Beauty & Personal Care,6,8445.98,1407.66,2718.45,Yes,1,0.17,17,34,5,2,0.059,Debit Card,Android,Google Ads,None,Standard,0,4.2,Medium,No
CUST100587,Chakradev Barad,20,Other,Maharashtra,Mumbai,16-03-2024,24-08-2024,Home & Kitchen,5,2554.93,510.99,1031.17,Yes,0,0,16,80,10,5,0.125,Credit Card,Android,Referral,Gold,Express,0,3.5,Medium,Yes
CUST100588,Gauri Som,18,Male,Maharashtra,Pune,22-01-2024,26-06-2025,Fashion,7,4797.59,685.37,1568.06,Yes,0,0,17,34,7,3,0.118,Credit Card,Windows Laptop,Referral,None,Standard,0,3.6,Medium,Yes
CUST100589,Manthan Varma,29,Male,Maharashtra,Mumbai,29-02-2024,23-09-2025,Electronics,6,10347.41,1724.57,1828.94,Yes,0,0,26,52,9,3,0.077,Credit Card,Android,Email,Gold,Standard,1,4.5,Medium,No
CUST100590,Falak Nagar,19,Female,Maharashtra,Nagpur,20-01-2025,18-05-2025,Fashion,7,5376.24,768.03,1771.58,Yes,0,0,26,156,27,12,0.269,Credit Card,Windows Laptop,YouTube,Silver,Express,0,3.5,Medium,Yes
CUST100591,Maya Mistry,31,Female,Maharashtra,Nashik,25-02-2024,09-02-2025,Home & Kitchen,7,12014.79,1716.4,3051.48,Yes,0,0,21,42,6,2,0.048,Wallet,Android,Google Ads,Gold,Standard,1,4.3,Medium,No
CUST100592,Yashica Upadhyay,37,Male,Bihar,Patna,16-06-2024,19-09-2025,Fashion,9,20282.59,2253.62,7940.48,Yes,1,0.11,15,75,11,3,0.133,Cash on Delivery,Android,Organic Search,Silver,Standard,0,3.9,High,No
CUST100593,Chandani Soman,43,Female,Karnataka,Mysuru,15-02-2025,19-05-2026,Home & Kitchen,9,18047.94,2005.33,4220.67,Yes,0,0,25,150,27,13,0.4,UPI,iPhone,YouTube,Silver,Express,1,,High,No
CUST100594,Jyoti Narula,33,Female,Telangana,Hyderabad,17-12-2025,28-04-2026,Mobile Accessories,7,6141.95,877.42,0,No,1,0.14,23,46,3,1,0.043,UPI,Android,YouTube,Silver,Standard,1,3.5,Medium,No
CUST100595,Omaja Morar,29,Female,Assam,Dibrugarh,14-05-2026,15-08-2026,Fashion,7,11571.34,1653.05,0,No,1,0.14,23,46,6,4,0.13,Debit Card,Tablet,YouTube,None,Same Day,0,5,Medium,No
CUST100596,Urvi Lanka,18,Male,Rajasthan,Udaipur,09-02-2026,15-08-2026,Home & Kitchen,5,8837.7,1767.54,1435.48,Yes,0,0,32,96,20,8,0.125,Debit Card,Android,Direct,Gold,Standard,0,4.5,Medium,No
CUST100597,Charan Srinivasan,31,Male,Odisha,Cuttack,09-07-2024,05-01-2026,Electronics,5,4141.38,828.28,1140.6,Yes,0,0,16,48,8,5,0.188,Cash on Delivery,Tablet,Organic Search,Silver,Standard,1,3.1,Medium,No
CUST100598,Lajita Divan,32,Male,Karnataka,Mangaluru,26-04-2025,06-08-2025,Electronics,2,1748.6,874.3,206.36,Yes,0,0,16,96,12,5,0.188,UPI,Android,Referral,None,Express,1,,Low,No
CUST100599,Azad Choudhary,36,Male,Karnataka,Mysuru,20-07-2025,15-08-2026,Grocery,3,4480.57,1493.52,295.29,Yes,0,0,25,125,12,6,0.12,Debit Card,Windows Laptop,Organic Search,Platinum,Standard,1,4.2,Low,No
CUST100600,Anirudh Sastry,25,Male,West Bengal,Durgapur,19-02-2025,24-06-2026,Beauty & Personal Care,3,8565.6,2855.2,0,No,0,0,30,60,7,3,0.033,Debit Card,Tablet,Email,None,Standard,0,3.6,Medium,No
CUST100601,Omya Doshi,28,Female,Karnataka,Bengaluru,05-12-2024,18-04-2026,Grocery,8,6131.24,766.4,0,No,0,0,20,80,11,5,0.2,UPI,Android,Organic Search,Silver,Standard,1,4,Medium,No
CUST100602,Samar Roy,19,Male,Tamil Nadu,Chennai,06-03-2026,15-08-2026,Electronics,5,4650.89,930.18,1014.62,Yes,0,0,31,186,31,20,0.452,Cash on Delivery,iPhone,Google Ads,None,Standard,1,5,Medium,No
CUST100603,David Devi,18,Female,Karnataka,Bengaluru,10-06-2026,15-08-2026,Beauty & Personal Care,6,3848.29,641.38,891.47,Yes,2,0.33,18,108,23,8,0.222,Debit Card,Android,Google Ads,None,Same Day,1,3.6,Medium,No
CUST100604,Ekta Sridhar,22,Female,Maharashtra,Nagpur,14-02-2026,15-08-2026,Fashion,5,3954.09,790.82,0,No,1,0.2,16,32,4,1,0.062,Credit Card,Android,Email,Gold,Express,2,3.8,Medium,No
CUST100605,Dipta Ghose,18,Male,Maharashtra,Mumbai,15-09-2024,04-03-2025,Fashion,3,3200.73,1066.91,1390.3,Yes,0,0,23,138,18,8,0.13,UPI,Android,Instagram,Gold,Standard,2,4.5,Low,Yes
CUST100606,Hema Pandya,34,Other,Gujarat,Ahmedabad,15-12-2024,27-06-2025,Electronics,5,6401.47,1280.29,991.68,Yes,0,0,24,96,11,4,0.083,Credit Card,Windows Laptop,Instagram,None,Express,1,3.9,Medium,Yes
CUST100607,Veda Handa,27,Female,Karnataka,Bengaluru,23-08-2025,02-12-2025,Electronics,3,807.93,269.31,0,No,0,0,20,120,22,7,0.15,Cash on Delivery,Windows Laptop,Organic Search,Gold,Standard,1,5,Low,No
CUST100608,Arya Misra,27,Female,Telangana,Warangal,12-03-2025,06-05-2026,Fashion,8,11197.4,1399.68,1582.76,Yes,0,0,17,85,12,7,0.235,UPI,iPhone,Google Ads,None,Express,0,3.6,Medium,No
CUST100609,Chameli Mani,23,Male,Rajasthan,Udaipur,09-08-2024,01-01-2026,Electronics,5,17916.36,3583.27,0,No,0,0,26,104,18,12,0.269,Wallet,Android,Referral,None,Express,0,3.6,Medium,No
CUST100610,Vrinda Nadig,18,Female,Odisha,Bhubaneswar,16-02-2025,24-11-2025,Mobile Accessories,5,6929.69,1385.94,0,No,2,0.4,15,75,8,3,0.133,Cash on Delivery,Android,Direct,None,Same Day,0,3.8,Medium,No
CUST100611,Ikshita Mahal,43,Male,West Bengal,Howrah,15-12-2024,15-08-2026,Fashion,5,6777.61,1355.52,480.46,Yes,0,0,25,75,9,5,0.08,Cash on Delivery,Windows Laptop,Organic Search,Platinum,Standard,1,3.9,Medium,No
CUST100612,Jairaj Raghavan,23,Female,Madhya Pradesh,Indore,26-04-2025,13-07-2025,Electronics,6,6182.82,1030.47,2101.97,Yes,0,0,27,81,17,12,0.37,Credit Card,Android,Organic Search,None,Express,2,4.3,Medium,No
CUST100613,Hemani Dhingra,28,Male,Bihar,Gaya,23-08-2025,03-01-2026,Fashion,3,2109.53,703.18,0,No,1,0.33,19,38,4,1,0.053,UPI,iPhone,Instagram,Silver,Standard,1,4,Low,Yes
CUST100614,Brijesh Mani,19,Female,Maharashtra,Nagpur,28-02-2024,17-02-2025,Beauty & Personal Care,5,7153.16,1430.63,3019.27,Yes,0,0,17,34,4,1,0.059,Credit Card,Android,Email,Gold,Standard,1,3.6,Medium,No
CUST100615,Hiral Sathe,39,Male,Haryana,Faridabad,31-05-2024,23-04-2025,Electronics,6,10163.57,1693.93,3293.78,Yes,0,0,25,150,22,14,0.28,Debit Card,iPhone,Organic Search,None,Standard,0,4.5,Medium,Yes
CUST100616,Varenya Kala,32,Male,Assam,Dibrugarh,23-06-2025,17-12-2025,Sports & Fitness,6,23088.89,3848.15,0,No,1,0.17,20,60,9,3,0.1,Net Banking,Windows Laptop,YouTube,Platinum,Express,1,3.6,Medium,Yes
CUST100617,Anika Magar,24,Female,West Bengal,Durgapur,12-08-2024,13-01-2026,Mobile Accessories,6,5762.92,960.49,453.06,Yes,1,0.17,21,126,11,6,0.19,Debit Card,MacBook,Email,Silver,Express,1,4.7,Medium,No
CUST100618,Ikbal Khatri,28,Female,Tamil Nadu,Chennai,13-11-2024,16-09-2025,Fashion,5,13132.77,2626.55,1503.72,Yes,0,0,22,132,28,15,0.364,UPI,Android,Organic Search,Gold,Standard,2,2.8,Medium,No
CUST100619,Chandresh Wali,44,Male,Madhya Pradesh,Indore,16-07-2025,11-08-2026,Home & Kitchen,5,13336.61,2667.32,2067.07,Yes,0,0,27,135,16,10,0.259,UPI,iPhone,Google Ads,Silver,Express,0,4.3,Medium,No
CUST100620,Viraj Ben,30,Male,Kerala,Kozhikode,13-02-2026,15-08-2026,Electronics,7,7615.83,1087.98,0,No,0,0,23,92,8,4,0.087,Debit Card,iPhone,Organic Search,Gold,Same Day,1,4.1,Medium,No
CUST100621,Odika Narayanan,30,Female,Karnataka,Mangaluru,05-10-2024,24-11-2025,Beauty & Personal Care,4,3512.42,878.1,0,No,0,0,22,110,12,6,0.136,UPI,iPhone,Organic Search,Gold,Standard,0,4.4,Medium,Yes
CUST100622,Harish Devan,23,Female,Karnataka,Mysuru,11-07-2025,15-08-2026,Home & Kitchen,5,2632.37,526.47,823.55,Yes,1,0.2,25,125,16,10,0.2,UPI,Android,Instagram,None,Standard,1,4.5,Medium,No
CUST100623,Nakul Ray,18,Male,Telangana,Hyderabad,18-04-2025,05-06-2026,Fashion,3,4725.35,1575.12,1078.68,Yes,0,0,29,145,16,9,0.207,UPI,Windows Laptop,Referral,None,Same Day,1,4.1,Low,No
CUST100624,Vansha Iyengar,30,Female,Rajasthan,Jodhpur,25-04-2026,15-08-2026,Fashion,4,4896.57,1224.14,1762.81,Yes,0,0,19,76,7,5,0.105,Net Banking,Android,Direct,None,Express,1,5,Medium,No
CUST100625,Ekani Mangal,34,Male,Bihar,Muzaffarpur,09-09-2025,15-08-2026,Grocery,2,4814.82,2407.41,0,No,0,0,25,125,18,11,0.2,Debit Card,iPhone,Google Ads,Silver,Standard,0,4.6,Low,No
CUST100626,Gaurav Kata,40,Male,Telangana,Hyderabad,06-03-2026,13-04-2026,Home & Kitchen,5,8401.7,1680.34,0,No,0,0,29,58,11,7,0.172,UPI,Android,Google Ads,None,Same Day,1,,Medium,No
CUST100627,Parth Sahni,18,Female,Gujarat,Ahmedabad,24-01-2024,06-04-2024,Electronics,5,2034.94,406.99,776.41,Yes,0,0,27,162,28,14,0.296,Credit Card,Android,YouTube,Silver,Standard,0,4.3,Medium,Yes
CUST100628,Balhaar Ranganathan,22,Female,Kerala,Kozhikode,02-06-2025,11-02-2026,Grocery,5,6587.05,1317.41,0,No,0,0,21,105,14,10,0.381,Cash on Delivery,Android,Direct,Gold,Standard,0,3.7,Medium,No
CUST100629,Quincy Mann,26,Female,West Bengal,Siliguri,02-01-2025,23-11-2025,Beauty & Personal Care,4,6958.1,1739.52,0,No,0,0,24,72,7,3,0.042,UPI,Android,Organic Search,Gold,Standard,0,2.7,Medium,No
CUST100630,Aditya Misra,31,Male,Delhi,New Delhi,30-11-2024,31-10-2025,Sports & Fitness,8,9629.51,1203.69,0,No,0,0,17,68,14,6,0.235,Credit Card,Android,Organic Search,Platinum,Standard,0,4.4,Medium,Yes
CUST100631,Gautami Mane,30,Female,Kerala,Thiruvananthapuram,08-03-2025,16-07-2026,Electronics,5,10939.9,2187.98,0,No,0,0,19,114,14,10,0.263,Cash on Delivery,Windows Laptop,Email,None,Standard,1,4.5,Medium,No
CUST100632,Wakeeta Desai,30,Male,Haryana,Gurugram,03-01-2024,11-08-2025,Grocery,6,5857.94,976.32,339.27,Yes,0,0,29,145,13,6,0.103,UPI,iPhone,Organic Search,Gold,Express,1,3.2,Medium,Yes
CUST100633,Anjali Hans,34,Female,Rajasthan,Udaipur,14-09-2024,16-11-2025,Grocery,4,10453.95,2613.49,0,No,1,0.25,20,80,10,4,0.15,Net Banking,iPhone,Instagram,None,Express,1,4.1,Medium,Yes
CUST100634,Ganga Gaba,24,Male,Uttar Pradesh,Lucknow,19-09-2024,21-08-2025,Electronics,5,5429.08,1085.82,404.05,Yes,0,0,18,72,12,6,0.222,Credit Card,Android,Email,Platinum,Standard,0,3.1,Medium,Yes
CUST100635,Aarini Grewal,38,Male,Maharashtra,Nagpur,30-04-2024,20-06-2025,Grocery,4,4908.63,1227.16,0,No,2,0.5,16,48,5,3,0.125,Debit Card,iPhone,Google Ads,None,Standard,0,,Medium,Yes
CUST100636,Geetika Merchant,34,Female,Gujarat,Ahmedabad,20-12-2025,03-03-2026,Home & Kitchen,10,35815.9,3581.59,0,No,1,0.1,19,76,8,3,0.105,UPI,iPhone,YouTube,Platinum,Express,0,4.6,High,No
CUST100637,Parth Ravi,28,Male,Uttar Pradesh,Varanasi,21-01-2024,28-03-2024,Mobile Accessories,5,3408.31,681.66,418.54,Yes,0,0,21,126,14,9,0.286,Cash on Delivery,Windows Laptop,Email,None,Same Day,0,2.8,Medium,Yes
CUST100638,Yutika Narang,44,Female,Delhi,Delhi,19-05-2024,05-08-2024,Electronics,4,6256.86,1564.22,0,No,0,0,19,76,11,4,0.053,Debit Card,Android,Instagram,Gold,Same Day,0,3.1,Medium,Yes
CUST100639,Nandini Chandran,43,Female,Delhi,New Delhi,21-04-2025,15-08-2026,Beauty & Personal Care,6,10027.53,1671.26,3817.19,Yes,0,0,27,135,27,11,0.222,Net Banking,iPhone,Organic Search,None,Standard,0,2.7,Medium,No
CUST100640,Logan Sood,38,Male,Telangana,Hyderabad,02-03-2026,13-07-2026,Home & Kitchen,6,6351.04,1058.51,0,No,0,0,18,36,3,1,0.056,Credit Card,Android,Organic Search,None,Express,0,,Medium,No
CUST100641,Yuvraj Ahuja,18,Female,West Bengal,Siliguri,15-10-2024,11-08-2025,Mobile Accessories,1,1970.15,1970.15,521.52,Yes,1,1,20,80,8,3,0.05,Debit Card,Tablet,Direct,Silver,Standard,1,,Low,Yes
CUST100642,Leela Keer,44,Male,Tamil Nadu,Chennai,24-07-2024,25-08-2024,Fashion,7,12505.45,1786.49,643.18,Yes,1,0.14,19,114,15,8,0.316,Credit Card,Windows Laptop,Email,Silver,Standard,0,4.7,Medium,Yes
CUST100643,Amara Narayan,37,Male,Karnataka,Bengaluru,12-02-2024,02-03-2024,Mobile Accessories,4,5857.91,1464.48,0,No,1,0.25,20,100,9,3,0.05,Credit Card,Android,Google Ads,Gold,Same Day,2,3.3,Medium,No
CUST100644,Advay Lal,47,Other,Tamil Nadu,Madurai,29-04-2026,15-08-2026,Books,3,4673.5,1557.83,597.47,Yes,1,0.33,23,92,19,8,0.217,Debit Card,Windows Laptop,Organic Search,Silver,Standard,0,3.8,Low,No
CUST100645,Warinder Bhatia,41,Female,Maharashtra,Nashik,27-04-2024,18-10-2024,Fashion,6,9982.82,1663.8,2045.19,Yes,0,0,22,88,17,12,0.409,UPI,Android,Google Ads,Silver,Standard,1,3.6,Medium,Yes
CUST100646,Udyati Mohanty,44,Male,Haryana,Faridabad,05-01-2024,09-06-2024,Sports & Fitness,2,2068.57,1034.29,542.17,Yes,0,0,27,135,12,8,0.111,Debit Card,Android,Email,Silver,Standard,0,3.5,Low,Yes
CUST100647,Nidra Thakkar,38,Female,Uttar Pradesh,Lucknow,25-07-2024,09-09-2025,Mobile Accessories,2,1698.17,849.08,0,No,0,0,27,108,22,7,0.185,Credit Card,Android,YouTube,None,Standard,0,3.4,Low,Yes
CUST100648,Jacob Merchant,42,Male,Odisha,Cuttack,26-09-2025,28-10-2025,Fashion,4,6605.82,1651.46,0,No,0,0,21,105,12,8,0.238,Credit Card,MacBook,Referral,Silver,Standard,2,3.2,Medium,No
CUST100649,Timothy Kanda,47,Female,Madhya Pradesh,Bhopal,18-04-2026,15-08-2026,Home & Kitchen,5,6491.06,1298.21,1541.77,Yes,1,0.2,25,75,9,4,0.08,Credit Card,MacBook,Referral,Gold,Express,0,4.4,Medium,No
CUST100650,Vanya Dua,33,Female,Rajasthan,Jaipur,10-12-2024,17-04-2025,Home & Kitchen,4,4664.62,1166.16,0,No,0,0,21,42,5,3,0.095,UPI,MacBook,Direct,Silver,Express,1,5,Medium,Yes
CUST100651,Kashvi Sagar,18,Male,Maharashtra,Nagpur,21-05-2024,20-11-2025,Fashion,4,1322.8,330.7,0,No,0,0,19,76,6,2,0.053,UPI,Windows Laptop,Direct,None,Express,0,4.7,Medium,Yes
CUST100652,Tejas Kota,29,Female,Uttar Pradesh,Varanasi,06-01-2025,06-07-2026,Electronics,5,9108.77,1821.75,0,No,0,0,20,60,11,6,0.15,UPI,Android,YouTube,Silver,Standard,0,3.8,Medium,Yes
CUST100653,Sanya Wable,34,Male,Uttar Pradesh,Noida,19-08-2024,07-12-2025,Fashion,2,6220.77,3110.38,0,No,1,0.5,22,110,11,8,0.227,Credit Card,Android,YouTube,None,Standard,0,4,Low,No
CUST100654,Faras Choudhury,32,Male,Kerala,Kochi,12-06-2024,26-02-2026,Fashion,3,5271.21,1757.07,1172.6,Yes,1,0.33,23,46,5,2,0.043,UPI,MacBook,Organic Search,Silver,Standard,0,4.4,Low,Yes
CUST100655,Yashasvi Jain,21,Female,Gujarat,Surat,30-06-2025,15-08-2026,Home & Kitchen,5,9031.52,1806.3,0,No,0,0,30,120,22,15,0.267,UPI,iPhone,Direct,None,Standard,1,4.2,Medium,No
CUST100656,Nitesh Narang,18,Female,Maharashtra,Nashik,29-12-2024,25-10-2025,Electronics,6,15576.68,2596.11,0,No,0,0,23,69,6,4,0.13,Debit Card,Android,Organic Search,Silver,Express,0,3.5,Medium,Yes
CUST100657,Jackson Jha,25,Male,Tamil Nadu,Madurai,30-11-2024,19-12-2024,Books,5,5697.19,1139.44,0,No,0,0,23,115,14,5,0.087,Debit Card,Android,Referral,Gold,Standard,0,4.4,Medium,No
CUST100658,Gavin Uppal,37,Female,Telangana,Hyderabad,11-01-2024,02-06-2024,Grocery,6,5395.21,899.2,1889.49,Yes,0,0,25,100,15,6,0.16,Net Banking,Android,Referral,None,Express,2,4.5,Medium,Yes
CUST100659,Christopher Setty,44,Male,Bihar,Muzaffarpur,11-02-2025,09-07-2026,Electronics,3,4986.58,1662.19,603.39,Yes,0,0,15,45,4,1,0.067,Cash on Delivery,Android,Google Ads,Gold,Standard,0,3.4,Low,No
CUST100660,Yochana Sagar,38,Male,Uttar Pradesh,Lucknow,15-03-2024,30-12-2024,Grocery,5,10730.17,2146.03,0,No,0,0,21,42,5,2,0.048,Cash on Delivery,Windows Laptop,Organic Search,None,Standard,1,4.2,Medium,Yes
CUST100661,Dalbir Shere,39,Female,Telangana,Hyderabad,26-10-2024,31-01-2025,Grocery,6,4948.58,824.76,2135.2,Yes,0,0,19,38,4,2,0.053,Cash on Delivery,Android,Instagram,Silver,Standard,0,3.9,Medium,No
CUST100662,Anthony Randhawa,30,Female,Andhra Pradesh,Visakhapatnam,15-01-2025,27-05-2025,Mobile Accessories,8,13468.81,1683.6,3804.39,Yes,0,0,21,63,7,5,0.143,Net Banking,Android,Organic Search,Silver,Standard,1,4.4,Medium,Yes
CUST100663,Aarush Kamdar,18,Female,Uttar Pradesh,Varanasi,10-12-2025,22-01-2026,Electronics,5,7430.95,1486.19,0,No,1,0.2,18,36,4,2,0.056,Credit Card,iPhone,YouTube,Gold,Express,2,3.6,Medium,No
CUST100664,Chakradev Sampath,27,Male,Delhi,Delhi,02-05-2026,15-08-2026,Fashion,3,4195.22,1398.41,313.47,Yes,0,0,19,38,4,2,0.053,UPI,Windows Laptop,Organic Search,Silver,Standard,0,5,Low,Yes
CUST100665,Devansh Bhasin,29,Female,Maharashtra,Mumbai,14-02-2026,04-08-2026,Books,4,4691.59,1172.9,755.05,Yes,0,0,24,72,9,4,0.083,Credit Card,Android,Organic Search,Gold,Same Day,0,3.1,Medium,No
CUST100666,Urmi Balay,27,Female,Maharashtra,Nagpur,26-04-2026,10-06-2026,Mobile Accessories,8,13405.67,1675.71,0,No,1,0.12,17,85,8,4,0.118,Cash on Delivery,Android,YouTube,Gold,Express,1,5,Medium,No
CUST100667,Nilima Gole,31,Male,Delhi,Delhi,04-06-2026,15-08-2026,Grocery,6,4800.93,800.16,0,No,2,0.33,16,96,10,7,0.188,UPI,Windows Laptop,Organic Search,None,Standard,0,3.5,Medium,No
CUST100668,Osha Prasad,35,Male,Karnataka,Bengaluru,05-01-2026,15-08-2026,Grocery,3,23318.14,7772.71,7180.63,Yes,0,0,18,72,14,8,0.278,Cash on Delivery,Windows Laptop,Google Ads,None,Standard,0,4.5,Medium,Yes
CUST100669,Saumya Purohit,38,Female,Karnataka,Mangaluru,25-09-2025,15-08-2026,Electronics,4,2293.49,573.37,222.95,Yes,0,0,22,44,9,4,0.045,UPI,Android,Direct,None,Standard,0,3.3,Medium,No
CUST100670,Faris Zacharia,29,Male,Tamil Nadu,Coimbatore,08-08-2025,01-07-2026,Home & Kitchen,6,2217.64,369.61,0,No,0,0,17,85,18,10,0.353,UPI,Android,Organic Search,None,Standard,1,3.6,Medium,No
CUST100671,Ijaya Dani,18,Male,Karnataka,Mangaluru,28-01-2024,02-10-2025,Fashion,4,6485.69,1621.42,0,No,0,0,15,75,11,6,0.133,Debit Card,iPhone,Organic Search,None,Standard,1,3.5,Medium,No
CUST100672,Maya Wadhwa,27,Female,Assam,Guwahati,07-04-2025,22-08-2025,Fashion,2,3079.89,1539.94,0,No,0,0,19,114,11,4,0.158,Debit Card,Windows Laptop,Direct,Silver,Standard,1,3.7,Low,No
CUST100673,Udant Aggarwal,31,Other,Maharashtra,Mumbai,30-01-2025,19-02-2026,Sports & Fitness,7,11364.08,1623.44,1614.91,Yes,1,0.14,24,72,12,6,0.167,Net Banking,Android,Google Ads,Silver,Standard,0,3.4,Medium,No
CUST100674,Chanchal Sheth,41,Female,Uttar Pradesh,Varanasi,13-11-2025,15-08-2026,Electronics,10,2700.3,270.03,0,No,0,0,19,38,8,4,0.105,Debit Card,iPhone,Google Ads,Gold,Standard,1,5,Medium,No
CUST100675,Ladli Karpe,26,Female,Gujarat,Ahmedabad,10-01-2025,21-02-2025,Home & Kitchen,9,4914.34,546.04,530.64,Yes,1,0.11,17,68,5,3,0.059,UPI,Windows Laptop,YouTube,None,Standard,1,4.8,Medium,No
CUST100676,Triveni Pal,35,Female,Andhra Pradesh,Visakhapatnam,24-02-2025,12-08-2025,Mobile Accessories,6,7278.47,1213.08,0,No,0,0,22,44,3,1,0.045,Net Banking,iPhone,Instagram,None,Standard,0,3.9,Medium,Yes
CUST100677,Anya Gulati,33,Female,Maharashtra,Mumbai,29-12-2024,30-08-2025,Fashion,6,11839.64,1973.27,5243.2,Yes,1,0.17,14,56,9,6,0.286,Net Banking,Windows Laptop,Email,Silver,Same Day,0,4.8,Medium,No
CUST100678,Azad Saini,31,Male,Gujarat,Ahmedabad,13-06-2026,15-08-2026,Mobile Accessories,3,1648.75,549.58,441.11,Yes,0,0,13,52,4,1,0.077,Wallet,Android,Google Ads,Gold,Standard,1,5,Low,No
CUST100679,Wridesh Jhaveri,38,Male,Andhra Pradesh,Visakhapatnam,03-08-2024,23-08-2024,Mobile Accessories,6,8905.76,1484.29,2944.34,Yes,1,0.17,22,132,17,10,0.273,Debit Card,MacBook,Organic Search,Gold,Standard,1,4.8,Medium,No
CUST100680,Harrison Bandi,26,Male,Haryana,Faridabad,10-04-2026,15-08-2026,Beauty & Personal Care,4,4591.16,1147.79,0,No,0,0,23,92,12,7,0.174,Net Banking,Android,YouTube,None,Standard,0,5,Medium,No
CUST100681,Chanakya Konda,26,Male,Punjab,Chandigarh,10-04-2024,08-03-2025,Electronics,5,8529.62,1705.92,0,No,0,0,15,45,4,2,0.067,UPI,Android,Instagram,None,Standard,0,5,Medium,Yes
CUST100682,Neelima Sarna,31,Male,Delhi,New Delhi,27-01-2026,15-08-2026,Fashion,4,6175.15,1543.79,2398.71,Yes,1,0.25,26,104,19,13,0.308,Credit Card,Windows Laptop,Google Ads,Silver,Standard,1,5,Medium,No
CUST100683,Teerth Bhalla,26,Male,Karnataka,Mangaluru,02-04-2024,19-05-2024,Home & Kitchen,3,3716.87,1238.96,367.3,Yes,1,0.33,18,90,8,5,0.111,UPI,Android,Google Ads,None,Standard,1,4.8,Low,Yes
CUST100684,Yahvi Mann,35,Male,Odisha,Cuttack,28-07-2025,08-11-2025,Fashion,9,10674.79,1186.09,4468.87,Yes,1,0.11,27,135,15,9,0.259,UPI,Tablet,Direct,None,Express,1,3.4,Medium,No
CUST100685,Eiravati Nagi,25,Male,Jharkhand,Jamshedpur,22-09-2024,05-09-2025,Fashion,6,12992.49,2165.42,1772.55,Yes,0,0,23,46,8,5,0.087,Cash on Delivery,Android,Email,None,Standard,1,5,Medium,Yes
CUST100686,Chasmum Dhar,33,Female,Uttar Pradesh,Kanpur,24-07-2024,16-09-2024,Mobile Accessories,7,9566.06,1366.58,4131.56,Yes,0,0,21,84,13,8,0.238,Debit Card,Windows Laptop,Organic Search,Gold,Standard,2,4.1,Medium,No
CUST100687,Odika Mital,30,Male,Uttar Pradesh,Varanasi,20-03-2024,13-04-2025,Electronics,6,12093.45,2015.58,0,No,0,0,25,150,21,11,0.32,Net Banking,Android,Instagram,Platinum,Standard,0,4.3,Medium,No
CUST100688,Darsh Gill,33,Female,Tamil Nadu,Coimbatore,06-02-2024,14-12-2024,Grocery,3,3015.06,1005.02,0,No,0,0,21,84,7,4,0.095,Cash on Delivery,Android,Referral,None,Standard,0,2.7,Low,Yes
CUST100689,Warhi Batta,27,Male,Madhya Pradesh,Bhopal,11-01-2024,21-02-2025,Electronics,3,6187.55,2062.52,0,No,1,0.33,18,72,13,6,0.167,UPI,iPhone,Instagram,None,Standard,0,3.6,Low,Yes
CUST100690,Lakshmi Vohra,28,Female,Karnataka,Mysuru,18-09-2025,20-10-2025,Beauty & Personal Care,11,11912.11,1082.92,0,No,0,0,12,48,9,6,0.167,Net Banking,Android,Direct,None,Standard,2,5,Medium,No
CUST100691,Omaja Rege,32,Female,Tamil Nadu,Madurai,30-03-2024,22-09-2025,Books,3,4095.74,1365.25,610.03,Yes,1,0.33,22,132,12,7,0.182,UPI,Android,Referral,Silver,Standard,2,4.8,Low,Yes
CUST100692,Charita Puri,33,Female,Gujarat,Surat,13-01-2026,08-06-2026,Fashion,7,3489.42,498.49,1094.43,Yes,0,0,16,32,6,3,0.125,UPI,MacBook,Organic Search,None,Standard,0,4.7,Medium,No
CUST100693,Urvashi Khosla,31,Female,Rajasthan,Udaipur,19-01-2024,18-11-2024,Fashion,9,6260.29,695.59,0,No,1,0.11,16,64,8,4,0.125,UPI,Windows Laptop,Google Ads,None,Standard,0,3.1,Medium,Yes
CUST100694,Charita Dhawan,45,Female,Delhi,New Delhi,17-07-2025,25-02-2026,Grocery,6,5798.44,966.41,1712.51,Yes,0,0,14,28,3,1,0.071,Cash on Delivery,Android,Direct,None,Standard,0,4.3,Medium,No
CUST100695,Dalbir Sachar,23,Male,Maharashtra,Mumbai,08-01-2025,15-12-2025,Grocery,4,2324.05,581.01,145.15,Yes,0,0,17,102,14,6,0.176,Net Banking,iPhone,Google Ads,None,Same Day,2,4.1,Medium,No
CUST100696,Krish Rama,30,Other,Uttar Pradesh,Lucknow,24-02-2026,15-08-2026,Grocery,8,6630.14,828.77,543.6,Yes,0,0,22,44,7,4,0.091,Debit Card,Windows Laptop,Instagram,None,Standard,1,4.6,Medium,Yes
CUST100697,Aadhya Jani,18,Female,Tamil Nadu,Coimbatore,03-04-2024,21-01-2025,Fashion,9,18521.31,2057.92,6052.57,Yes,0,0,27,54,8,5,0.074,Net Banking,Android,Email,Silver,Standard,1,4,High,Yes
CUST100698,Farhan Sengupta,34,Female,Uttar Pradesh,Varanasi,01-02-2024,03-03-2025,Fashion,4,9632.29,2408.07,3748.53,Yes,0,0,28,84,13,6,0.107,Debit Card,Windows Laptop,Organic Search,Platinum,Express,2,3.6,Medium,Yes
CUST100699,George Wason,22,Male,Maharashtra,Nashik,24-10-2025,15-08-2026,Mobile Accessories,4,2075.03,518.76,402.08,Yes,0,0,24,96,18,11,0.292,Wallet,Windows Laptop,Organic Search,None,Standard,1,3.7,Medium,No
CUST100700,Charan Loyal,29,Female,Rajasthan,Jodhpur,19-05-2024,06-03-2025,Books,6,21408.91,3568.15,2496.13,Yes,1,0.17,29,58,12,4,0.069,Credit Card,Android,Google Ads,Silver,Standard,0,2.3,Medium,No
CUST100701,Balveer Bora,28,Female,Uttar Pradesh,Kanpur,23-07-2025,21-10-2025,Home & Kitchen,3,6287.84,2095.95,1089.95,Yes,0,0,16,64,12,4,0.188,Wallet,Tablet,Referral,Gold,Same Day,1,3.9,Low,No
CUST100702,Teerth Srinivas,33,Female,West Bengal,Siliguri,21-01-2024,28-11-2024,Sports & Fitness,6,29663.6,4943.93,0,No,0,0,19,57,10,7,0.211,UPI,Android,Google Ads,None,Standard,2,4,Medium,Yes
CUST100703,Gaurangi Mitter,27,Female,Tamil Nadu,Coimbatore,28-05-2024,24-06-2025,Home & Kitchen,3,7453.34,2484.45,2251.31,Yes,0,0,20,60,5,3,0.1,UPI,MacBook,Instagram,Silver,Standard,0,3.1,Medium,No
CUST100704,Siddharth Gupta,26,Male,Maharashtra,Nagpur,08-08-2024,29-10-2025,Home & Kitchen,6,26113.36,4352.23,5582.76,Yes,0,0,23,46,5,2,0.043,UPI,MacBook,Google Ads,None,Standard,2,3.7,Medium,No
CUST100705,Varenya Kibe,42,Male,West Bengal,Howrah,02-01-2026,08-05-2026,Electronics,2,3408.02,1704.01,1393.25,Yes,0,0,21,42,3,1,0.048,UPI,Windows Laptop,Email,Platinum,Same Day,1,5,Low,No
CUST100706,Mekhala Khatri,33,Male,Andhra Pradesh,Vijayawada,23-01-2026,19-04-2026,Home & Kitchen,5,4671,934.2,983.18,Yes,1,0.2,19,57,11,5,0.158,Credit Card,Android,YouTube,None,Express,0,3.5,Medium,No
CUST100707,Barkha Rai,27,Male,Tamil Nadu,Coimbatore,06-08-2024,03-07-2025,Beauty & Personal Care,3,4484.3,1494.77,0,No,1,0.33,16,80,13,7,0.25,Credit Card,Windows Laptop,Organic Search,Gold,Express,0,4.8,Low,Yes
CUST100708,Jagrati Morar,29,Male,Madhya Pradesh,Indore,24-06-2025,29-07-2025,Electronics,3,1360.45,453.48,0,No,0,0,22,44,3,2,0.045,Cash on Delivery,Android,Direct,None,Standard,1,4.1,Low,Yes
CUST100709,Jagvi Varghese,44,Male,Delhi,New Delhi,12-07-2025,30-01-2026,Home & Kitchen,5,6505.2,1301.04,1535.66,Yes,0,0,18,90,16,6,0.167,UPI,Android,Organic Search,None,Standard,1,4.3,Medium,No
CUST100710,Unnati Chaudhari,29,Male,Odisha,Bhubaneswar,27-02-2024,11-07-2024,Grocery,3,3267.74,1089.25,1186.14,Yes,1,0.33,23,138,17,9,0.174,Net Banking,Android,Instagram,Silver,Standard,1,4.7,Low,Yes
CUST100711,Ekaja Jani,25,Male,Kerala,Kozhikode,28-02-2025,19-02-2026,Grocery,5,9477.63,1895.53,3769.85,Yes,0,0,16,96,14,9,0.375,Cash on Delivery,iPhone,Email,None,Standard,0,,Medium,Yes
CUST100712,Dhriti Sachdev,26,Male,Uttar Pradesh,Lucknow,01-10-2024,15-08-2025,Beauty & Personal Care,3,4826.39,1608.8,599.03,Yes,0,0,22,132,21,7,0.136,Cash on Delivery,Android,Instagram,None,Standard,2,4.5,Low,Yes
CUST100713,Timothy Dhingra,27,Female,Rajasthan,Jodhpur,19-05-2024,23-08-2025,Books,6,5472.04,912.01,281.2,Yes,1,0.17,20,40,4,1,0.05,Wallet,Android,Google Ads,None,Standard,1,3.4,Medium,Yes
CUST100714,Advika Sahni,26,Female,Gujarat,Vadodara,23-01-2024,16-06-2025,Electronics,6,4047.41,674.57,1609.91,Yes,0,0,29,58,7,3,0.034,UPI,iPhone,Direct,None,Standard,0,4.6,Medium,Yes
CUST100715,Michael Hayre,21,Female,Telangana,Hyderabad,12-01-2025,01-07-2026,Beauty & Personal Care,6,5011.66,835.28,708.04,Yes,0,0,9,54,7,4,0.111,Wallet,Android,Referral,None,Standard,2,4.4,Medium,Yes
CUST100716,Victor Raghavan,22,Male,Jharkhand,Ranchi,07-01-2025,25-07-2025,Grocery,5,6051.26,1210.25,0,No,1,0.2,13,65,10,6,0.231,UPI,Android,Instagram,None,Standard,0,2.9,Medium,Yes
CUST100717,Xalak Nazareth,24,Female,Punjab,Amritsar,03-03-2024,12-02-2025,Beauty & Personal Care,5,4046.67,809.33,0,No,0,0,25,50,10,4,0.08,UPI,Android,Direct,Platinum,Standard,2,5,Medium,Yes
CUST100718,Vrinda Swaminathan,36,Female,Andhra Pradesh,Visakhapatnam,17-07-2025,15-08-2026,Fashion,4,1159.94,289.98,245.5,Yes,0,0,21,42,6,3,0.095,Credit Card,Android,Direct,None,Standard,0,4.6,Medium,No
CUST100719,Om Pandey,28,Other,Maharashtra,Pune,16-02-2026,15-08-2026,Electronics,7,9176.29,1310.9,0,No,0,0,20,80,14,6,0.15,Debit Card,Windows Laptop,Google Ads,Silver,Standard,0,4.2,Medium,No
CUST100720,Logan Suresh,29,Female,Kerala,Thiruvananthapuram,07-12-2024,06-11-2025,Books,5,5534.76,1106.95,1764.56,Yes,0,0,18,72,12,5,0.111,UPI,iPhone,Google Ads,None,Standard,1,5,Medium,No
CUST100721,Daniel Viswanathan,41,Female,Jharkhand,Jamshedpur,15-06-2024,18-12-2025,Home & Kitchen,8,7246.88,905.86,2733.98,Yes,2,0.25,28,112,10,3,0.036,Credit Card,Windows Laptop,Google Ads,None,Standard,3,3.5,Medium,Yes
CUST100722,Falan Bava,41,Female,Karnataka,Mangaluru,30-05-2024,30-07-2025,Books,3,4083.58,1361.19,957.34,Yes,0,0,22,66,8,3,0.045,UPI,iPhone,Google Ads,Silver,Standard,0,4,Low,Yes
CUST100723,Nitara Devan,29,Male,West Bengal,Howrah,06-06-2025,23-11-2025,Beauty & Personal Care,3,2819.26,939.75,0,No,0,0,19,38,5,3,0.105,UPI,Android,Organic Search,None,Standard,0,4.8,Low,No
CUST100724,Ekansh Dora,26,Male,Kerala,Kochi,29-08-2025,15-08-2026,Grocery,4,11041.54,2760.38,0,No,0,0,23,138,19,10,0.304,Net Banking,iPhone,YouTube,None,Express,0,4.7,Medium,No
CUST100725,Tejas Tiwari,24,Female,Uttar Pradesh,Varanasi,06-08-2025,15-08-2026,Sports & Fitness,4,3791.32,947.83,948.01,Yes,0,0,19,57,11,7,0.158,UPI,Android,Google Ads,None,Standard,1,4.5,Medium,No
CUST100726,Kashvi Bhasin,37,Male,Punjab,Amritsar,15-05-2025,15-08-2026,Grocery,7,5943.87,849.12,2165.03,Yes,0,0,22,66,10,6,0.182,UPI,iPhone,Instagram,Gold,Standard,2,3.5,Medium,No
CUST100727,Vinaya Babu,29,Male,Maharashtra,Nagpur,14-06-2026,15-08-2026,Home & Kitchen,2,2065.77,1032.88,0,No,0,0,16,48,9,6,0.25,UPI,Android,Instagram,Silver,Standard,0,4.4,Low,No
CUST100728,Nisha Arora,28,Female,Madhya Pradesh,Bhopal,13-07-2025,03-10-2025,Home & Kitchen,4,6457.57,1614.39,2538.16,Yes,1,0.25,25,150,31,23,0.72,UPI,Windows Laptop,Referral,Silver,Standard,0,5,Medium,Yes
CUST100729,Anvi Wason,24,Male,Karnataka,Mysuru,13-12-2024,03-05-2026,Sports & Fitness,3,5115.68,1705.23,0,No,0,0,23,69,12,5,0.13,UPI,Android,Email,None,Standard,0,4.9,Low,No
CUST100730,Anay Thakkar,25,Female,Karnataka,Mangaluru,28-09-2024,22-11-2024,Fashion,3,3081.33,1027.11,362.6,Yes,0,0,18,72,6,2,0.056,Credit Card,Android,Direct,Silver,Standard,1,4.6,Low,Yes
CUST100731,Praneel Chhabra,34,Female,Karnataka,Mangaluru,05-03-2025,15-08-2026,Home & Kitchen,2,2331.35,1165.68,146.68,Yes,1,0.5,14,42,4,2,0.071,UPI,iPhone,Instagram,None,Standard,1,5,Low,Yes
CUST100732,Manthan Khosla,20,Male,Punjab,Ludhiana,29-08-2025,28-02-2026,Electronics,5,8847.4,1769.48,0,No,0,0,19,95,18,13,0.421,Debit Card,Windows Laptop,Direct,None,Standard,0,4.9,Medium,No
CUST100733,Zayyan Pandya,39,Male,Bihar,Gaya,20-08-2024,24-12-2024,Books,9,15077.9,1675.32,1116.46,Yes,1,0.11,24,96,15,6,0.167,Credit Card,Android,Instagram,Silver,Standard,0,4.5,High,Yes
CUST100734,Mekhala Brar,27,Male,Uttar Pradesh,Kanpur,13-07-2025,15-08-2026,Electronics,6,7177.17,1196.2,3098.9,Yes,0,0,13,26,3,1,0.077,UPI,Android,Direct,Silver,Express,0,3.9,Medium,No
CUST100735,Nidra Sharaf,30,Male,Telangana,Warangal,26-07-2024,30-09-2024,Beauty & Personal Care,6,5268.07,878.01,0,No,2,0.33,25,50,10,5,0.12,Credit Card,iPhone,Referral,None,Standard,1,3.8,Medium,No
CUST100736,Upkaar Mital,20,Male,Haryana,Gurugram,28-03-2025,22-12-2025,Home & Kitchen,6,4605.78,767.63,1517.48,Yes,0,0,18,72,9,5,0.167,Debit Card,iPhone,Referral,Silver,Same Day,0,3.3,Medium,No
CUST100737,Azad Chander,31,Male,Telangana,Warangal,08-01-2026,15-08-2026,Home & Kitchen,8,10327.15,1290.89,3512.51,Yes,1,0.12,19,38,3,1,0.053,Credit Card,Android,Instagram,Gold,Standard,1,4.1,Medium,No
CUST100738,Ladli Purohit,28,Male,Punjab,Ludhiana,15-05-2025,03-11-2025,Grocery,8,15088.91,1886.11,2520.96,Yes,0,0,23,138,15,11,0.261,UPI,Windows Laptop,Google Ads,Silver,Same Day,0,3.7,High,Yes
CUST100739,Daksh Andra,31,Male,Gujarat,Ahmedabad,11-08-2025,21-06-2026,Electronics,7,11465.54,1637.93,4271.87,Yes,0,0,25,150,17,11,0.32,UPI,Android,Email,Gold,Standard,0,4,Medium,No
CUST100740,Fitan Tata,43,Female,Telangana,Hyderabad,10-05-2026,15-08-2026,Beauty & Personal Care,5,4504.99,901,1930.37,Yes,1,0.2,23,69,10,6,0.174,Credit Card,Android,YouTube,Gold,Standard,0,4.3,Medium,No
CUST100741,Garima Chandran,32,Female,Gujarat,Ahmedabad,06-08-2024,23-06-2025,Grocery,8,6784.61,848.08,1342.95,Yes,1,0.12,17,85,6,2,0.059,Debit Card,iPhone,Organic Search,Platinum,Standard,0,3.7,Medium,Yes
CUST100742,Victor Kakar,25,Female,Tamil Nadu,Madurai,21-05-2026,15-08-2026,Sports & Fitness,4,9344.94,2336.24,3589.76,Yes,0,0,31,93,20,13,0.323,UPI,Windows Laptop,Instagram,Silver,Standard,2,4.8,Medium,No
CUST100743,Anika Batra,25,Female,Kerala,Thiruvananthapuram,21-03-2024,03-08-2024,Electronics,4,2556.96,639.24,917.48,Yes,0,0,16,80,7,3,0.125,Net Banking,Android,Organic Search,None,Standard,1,4,Medium,Yes
CUST100744,Avni Bali,36,Male,Rajasthan,Jaipur,02-07-2025,15-08-2026,Books,5,6016.54,1203.31,0,No,1,0.2,18,36,4,2,0.056,UPI,Windows Laptop,Organic Search,None,Standard,0,3.8,Medium,No
CUST100745,Divya Babu,41,Female,Delhi,Delhi,05-09-2025,19-10-2025,Grocery,3,8556.04,2852.01,1685.94,Yes,0,0,27,108,18,11,0.222,UPI,Windows Laptop,Direct,Gold,Standard,3,4.6,Medium,Yes
CUST100746,Maanas Rao,33,Male,Assam,Dibrugarh,03-12-2025,04-08-2026,Books,10,28427.78,2842.78,0,No,0,0,18,54,11,6,0.111,UPI,Android,Instagram,Gold,Standard,1,4.2,High,No
CUST100747,Chandani Gaba,37,Male,Telangana,Warangal,24-06-2025,19-03-2026,Home & Kitchen,6,8257.54,1376.26,1428.91,Yes,0,0,25,150,22,9,0.16,Net Banking,MacBook,Email,None,Express,,3.3,Medium,No
CUST100748,Lopa Zachariah,36,Female,Uttar Pradesh,Noida,05-04-2026,15-08-2026,Beauty & Personal Care,10,8703.25,870.32,1919.14,Yes,0,0,14,42,5,2,0.071,Wallet,Tablet,Instagram,Silver,Express,1,3.1,Medium,No
CUST100749,Leena Dey,42,Male,Assam,Dibrugarh,03-02-2026,15-08-2026,Books,4,5343.09,1335.77,2382.22,Yes,0,0,19,114,11,7,0.211,Net Banking,Android,YouTube,Gold,Standard,1,3.8,Medium,No
CUST100750,Xiti Pal,18,Male,Bihar,Muzaffarpur,07-09-2024,22-10-2024,Books,8,13067.31,1633.41,0,No,0,0,21,84,17,10,0.286,Cash on Delivery,Windows Laptop,Direct,Platinum,Standard,0,5,Medium,No
CUST100751,Guneet Sarkar,36,Female,Maharashtra,Pune,07-01-2026,02-07-2026,Home & Kitchen,6,27753.67,4625.61,8775.82,Yes,0,0,29,116,10,6,0.138,UPI,Android,Referral,None,Standard,1,4.5,Medium,No
CUST100752,Faqid Oak,39,Female,Jharkhand,Jamshedpur,28-08-2025,15-08-2026,Fashion,6,15611.51,2601.92,2776.39,Yes,0,0,29,116,10,5,0.103,Cash on Delivery,Windows Laptop,Organic Search,None,Standard,0,4.5,Medium,No
CUST100753,Eta Balan,20,Male,Bihar,Gaya,18-02-2025,07-08-2025,Home & Kitchen,9,16323.35,1813.71,3863.07,Yes,0,0,18,54,4,2,0.056,UPI,Windows Laptop,Email,Platinum,Standard,1,4,High,No
CUST100754,Shravya Swaminathan,24,Male,Tamil Nadu,Madurai,26-03-2024,26-02-2025,Home & Kitchen,8,10822.25,1352.78,0,No,0,0,22,132,19,11,0.318,UPI,Windows Laptop,Direct,None,Express,0,4.4,Medium,Yes
CUST100755,Ishani Prashad,24,Female,Maharashtra,Pune,13-09-2025,15-08-2026,Fashion,5,5086.12,1017.22,0,No,0,0,17,34,7,4,0.059,UPI,Android,Google Ads,None,Standard,0,4.7,Medium,No
CUST100756,Quincy Rai,25,Female,Madhya Pradesh,Bhopal,04-08-2024,25-02-2025,Fashion,5,5954.57,1190.91,1872.18,Yes,0,0,19,95,14,7,0.211,Credit Card,MacBook,Organic Search,Silver,Standard,0,4,Medium,No
CUST100757,Chakrika Koshy,27,Male,Bihar,Gaya,14-07-2024,20-01-2025,Sports & Fitness,4,9471.48,2367.87,1790.05,Yes,1,0.25,26,104,13,8,0.154,Cash on Delivery,Android,Google Ads,None,Standard,1,3.1,Medium,Yes
CUST100758,Fitan Loyal,33,Female,Uttar Pradesh,Lucknow,23-10-2024,07-04-2026,Electronics,13,39386.32,3029.72,10238,Yes,0,0,22,44,4,1,0.045,Debit Card,Android,Organic Search,Platinum,Express,2,3.5,High,No
CUST100759,Lajita Dube,38,Female,Haryana,Faridabad,13-02-2024,04-08-2025,Grocery,8,7232.51,904.06,0,No,0,0,28,84,12,6,0.107,UPI,Windows Laptop,Organic Search,Silver,Standard,1,3.5,Medium,Yes
CUST100760,Edhitha Patel,40,Male,Madhya Pradesh,Indore,27-01-2025,15-08-2026,Electronics,5,1768.08,353.62,0,No,3,0.6,19,95,13,5,0.105,Debit Card,MacBook,Referral,None,Standard,2,5,Medium,No
CUST100761,Gavin Ahluwalia,24,Female,Maharashtra,Pune,18-03-2025,06-03-2026,Fashion,6,7205.44,1200.91,3041.32,Yes,0,0,19,38,3,1,0.053,Debit Card,Tablet,Google Ads,None,Standard,2,,Medium,No
CUST100762,Sai Parsa,24,Female,Tamil Nadu,Chennai,30-03-2024,09-12-2025,Electronics,5,10517.32,2103.46,2506.49,Yes,0,0,21,42,3,1,0.048,Credit Card,Android,Direct,None,Same Day,1,3.9,Medium,No
CUST100763,Harsh Deo,42,Male,Delhi,New Delhi,03-06-2024,02-05-2025,Fashion,5,5242.65,1048.53,2064.88,Yes,0,0,28,112,18,10,0.25,UPI,Android,Google Ads,Gold,Express,0,3.2,Medium,Yes
CUST100764,Rachit Sankar,36,Female,Kerala,Kozhikode,22-04-2025,25-08-2025,Grocery,6,9228.91,1538.15,0,No,0,0,24,48,9,6,0.125,UPI,Android,Direct,None,Express,0,4.7,Medium,No
CUST100765,Yauvani Reddy,32,Male,West Bengal,Howrah,12-09-2025,15-08-2026,Books,6,3845.53,640.92,282.59,Yes,0,0,25,50,8,4,0.12,UPI,MacBook,Organic Search,None,Standard,2,4.4,Medium,Yes
CUST100766,Atharv Chakraborty,35,Female,Uttar Pradesh,Kanpur,28-02-2024,30-03-2024,Fashion,4,3806.8,951.7,0,No,1,0.25,20,100,12,8,0.25,Wallet,Windows Laptop,Organic Search,Gold,Standard,1,4.2,Medium,Yes
CUST100767,Girik Nair,31,Female,Madhya Pradesh,Indore,19-04-2024,09-12-2024,Home & Kitchen,5,3778.85,755.77,1296.7,Yes,0,0,15,75,7,3,0.133,Net Banking,Android,Email,Gold,Standard,0,4.4,Medium,Yes
CUST100768,Advik Manne,35,Male,Haryana,Gurugram,23-04-2025,15-08-2026,Home & Kitchen,4,4486.79,1121.7,301.86,Yes,1,0.25,26,78,14,7,0.115,UPI,Android,Referral,Silver,Express,0,3.3,Medium,No
CUST100769,Lipika Chad,28,Female,Tamil Nadu,Madurai,09-09-2025,25-07-2026,Books,6,8151.51,1358.58,3474.3,Yes,1,0.17,22,88,15,9,0.318,UPI,Windows Laptop,Referral,Platinum,Standard,1,4.1,Medium,No
CUST100770,Omkaar Rai,33,Female,Punjab,Amritsar,17-06-2026,15-08-2026,Grocery,3,5554.96,1851.65,0,No,0,0,21,84,16,9,0.238,UPI,Windows Laptop,Instagram,Silver,Standard,0,4.2,Low,No
CUST100771,Liam Luthra,19,Male,Maharashtra,Pune,02-01-2026,25-05-2026,Home & Kitchen,6,5399.68,899.95,631.84,Yes,0,0,24,48,10,4,0.083,Credit Card,Windows Laptop,Organic Search,None,Express,0,4.6,Medium,Yes
CUST100772,Amrita Tailor,25,Male,Punjab,Amritsar,13-02-2026,15-08-2026,Grocery,5,4178.82,835.76,0,No,0,0,21,84,8,4,0.143,UPI,Android,Organic Search,Platinum,Standard,1,4.8,Medium,No
CUST100773,Dev Ganesh,26,Male,Maharashtra,Pune,16-08-2025,23-09-2025,Sports & Fitness,6,3028.52,504.75,832.2,Yes,0,0,20,80,9,3,0.05,Net Banking,Windows Laptop,Email,None,Same Day,0,2.2,Medium,No
CUST100774,Anya Sama,28,Female,Gujarat,Ahmedabad,22-02-2026,15-08-2026,Electronics,3,7879.46,2626.49,579.41,Yes,0,0,30,180,23,9,0.167,Cash on Delivery,Android,Direct,Silver,Express,0,3.9,Medium,No
CUST100775,Veda Bose,24,Female,Madhya Pradesh,Bhopal,18-02-2024,13-07-2024,Home & Kitchen,4,3492.83,873.21,0,No,0,0,14,28,4,1,0.071,Credit Card,Tablet,Direct,Silver,Same Day,3,4.7,Medium,Yes
CUST100776,Zayan Koshy,27,Female,Maharashtra,Nagpur,11-01-2025,04-08-2026,Books,7,12787.15,1826.74,0,No,1,0.14,15,90,7,2,0.067,Net Banking,MacBook,Google Ads,None,Standard,1,5,Medium,No
CUST100777,Rohan Shankar,19,Male,Delhi,Delhi,01-02-2024,01-01-2025,Grocery,8,3861,482.62,0,No,0,0,17,51,6,2,0.059,Credit Card,Tablet,Referral,None,Standard,0,3.4,Medium,No
CUST100778,Krishna Modi,35,Female,Kerala,Thiruvananthapuram,30-04-2025,15-08-2026,Beauty & Personal Care,3,8716.19,2905.4,2574.72,Yes,0,0,24,120,22,15,0.375,UPI,iPhone,Google Ads,None,Express,0,4.1,Medium,No
CUST100779,Meghana Natarajan,30,Male,Kerala,Kozhikode,23-08-2025,15-08-2026,Home & Kitchen,6,41219.46,6869.91,5503.95,Yes,1,0.17,22,88,7,4,0.091,Credit Card,iPhone,Direct,Gold,Express,0,4.6,Medium,No
CUST100780,Forum Sarraf,18,Male,Bihar,Gaya,14-06-2025,30-01-2026,Fashion,7,11179.18,1597.03,1536.09,Yes,0,0,19,76,14,8,0.316,Credit Card,Android,YouTube,None,Standard,0,4.5,Medium,No
CUST100781,Qushi Deshpande,24,Male,Odisha,Cuttack,03-01-2024,13-07-2025,Home & Kitchen,7,7934.9,1133.56,1811.79,Yes,0,0,15,90,9,6,0.267,Debit Card,Android,Direct,Platinum,Standard,1,3.2,Medium,Yes
CUST100782,Ekani Iyer,34,Male,Uttar Pradesh,Noida,12-01-2025,06-02-2025,Grocery,4,12111.14,3027.78,0,No,0,0,18,72,8,5,0.167,UPI,Windows Laptop,Referral,Gold,Standard,2,3.3,Medium,Yes
CUST100783,Dipta Goel,27,Female,Delhi,New Delhi,25-07-2025,29-10-2025,Home & Kitchen,7,7022.07,1003.15,362.14,Yes,0,0,17,85,15,8,0.235,UPI,iPhone,Organic Search,Silver,Standard,0,2.6,Medium,Yes
CUST100784,Eiravati Manne,25,Female,Telangana,Warangal,29-08-2024,15-02-2025,Grocery,4,6163.55,1540.89,417.33,Yes,0,0,28,56,10,6,0.107,Wallet,Android,Organic Search,Silver,Standard,1,,Medium,Yes
CUST100785,Xavier Nanda,30,Female,Karnataka,Mangaluru,24-06-2025,21-12-2025,Sports & Fitness,3,963.74,321.25,383.61,Yes,0,0,25,150,16,10,0.32,Net Banking,MacBook,Direct,Gold,Standard,1,3.5,Low,Yes
CUST100786,Avni Ramaswamy,34,Female,Assam,Guwahati,09-08-2025,19-03-2026,Electronics,3,3626.2,1208.73,0,No,0,0,25,100,13,7,0.16,Net Banking,Android,Instagram,Platinum,Standard,1,2.6,Low,Yes
CUST100787,Ishaan Iyengar,20,Male,Uttar Pradesh,Noida,04-08-2025,11-09-2025,Home & Kitchen,6,17021.09,2836.85,5580.75,Yes,0,0,19,95,10,3,0.105,Credit Card,iPhone,Google Ads,Platinum,Standard,0,4.4,Medium,Yes
CUST100788,Avi Shenoy,35,Other,Gujarat,Surat,17-08-2025,29-07-2026,Home & Kitchen,7,7385.42,1055.06,1844.97,Yes,0,0,23,92,13,4,0.087,Cash on Delivery,Windows Laptop,Email,Gold,Standard,0,3.9,Medium,No
CUST100789,Raksha Manne,25,Female,Gujarat,Surat,22-12-2024,21-07-2026,Grocery,6,6636.36,1106.06,,No,0,0,19,76,13,5,0.158,Wallet,Android,Organic Search,None,Standard,1,,Medium,No
CUST100790,Nilima Tata,31,Female,Jharkhand,Ranchi,15-11-2025,15-08-2026,Fashion,2,2403.82,1201.91,218.49,Yes,0,0,20,40,4,2,0.05,Wallet,Windows Laptop,Instagram,Platinum,Same Day,1,4.4,Low,No
CUST100791,Chavvi Khurana,31,Male,Maharashtra,Nagpur,15-07-2024,22-12-2025,Beauty & Personal Care,4,15756.57,3939.14,6494.08,Yes,0,0,17,102,14,7,0.294,UPI,Android,Instagram,Gold,Express,1,4.7,Medium,Yes
CUST100792,Mitesh Sampath,27,Male,Uttar Pradesh,Lucknow,07-05-2026,15-08-2026,Books,5,8354.78,1670.96,1696.09,Yes,1,0.2,22,132,20,11,0.364,UPI,Windows Laptop,Organic Search,Silver,Standard,0,3.9,Medium,No
CUST100793,Ethan Sen,23,Female,Rajasthan,Jaipur,22-02-2025,15-08-2026,Home & Kitchen,9,12984.78,1442.75,0,No,0,0,17,85,11,5,0.176,Credit Card,Windows Laptop,Referral,None,Express,2,4.1,Medium,Yes
CUST100794,Nandini Warrior,29,Male,Uttar Pradesh,Varanasi,20-10-2025,02-07-2026,Books,9,9468.68,1052.08,0,No,0,0,21,126,19,12,0.429,Net Banking,Android,Direct,None,Standard,0,4,Medium,No
CUST100795,Balhaar Parsa,44,Female,West Bengal,Kolkata,29-09-2024,12-04-2025,Mobile Accessories,3,7871.32,2623.77,2694.92,Yes,1,0.33,18,54,5,3,0.056,Credit Card,iPhone,Direct,Silver,Standard,0,4.8,Medium,Yes
CUST100796,Ikbal Kothari,20,Female,Haryana,Gurugram,16-05-2025,19-03-2026,Electronics,4,2974.05,743.51,378.67,Yes,0,0,19,38,3,1,0.053,Cash on Delivery,Windows Laptop,YouTube,Silver,Express,1,4.6,Medium,No
CUST100797,Ojas Basu,45,Male,Jharkhand,Ranchi,04-02-2024,11-05-2024,Fashion,7,19425.74,2775.11,4736.52,Yes,0,0,24,96,8,3,0.042,Credit Card,Android,Organic Search,Gold,Standard,2,4.4,Medium,No
CUST100798,Garima Sani,29,Male,Uttar Pradesh,Varanasi,16-09-2025,15-08-2026,Mobile Accessories,6,6354.27,1059.04,1275.6,Yes,0,0,23,138,29,16,0.348,Cash on Delivery,iPhone,Google Ads,Silver,Express,0,3.2,Medium,No
CUST100799,Advaith Chaudhari,31,Female,Odisha,Cuttack,05-04-2025,18-07-2025,Mobile Accessories,5,11264.74,2252.95,1667.42,Yes,0,0,13,39,3,1,0.077,UPI,Android,Instagram,Gold,Same Day,2,5,Medium,No
CUST100800,Tristan Uppal,22,Male,Assam,Dibrugarh,18-12-2025,15-08-2026,Electronics,3,3423.85,1141.28,989.78,Yes,1,0.33,21,126,16,6,0.143,Cash on Delivery,iPhone,Direct,Silver,Standard,2,3.8,Low,Yes
CUST100801,Sanaya Prasad,25,Female,Odisha,Cuttack,31-10-2025,15-08-2026,Electronics,8,15765.51,1970.69,0,No,1,0.12,26,104,19,6,0.077,Cash on Delivery,MacBook,Instagram,None,Standard,0,3.9,High,No
CUST100802,Ubika Tella,27,Female,Maharashtra,Nagpur,09-09-2024,04-04-2025,Electronics,2,3322.46,1661.23,824.89,Yes,0,0,24,144,28,20,0.583,UPI,Android,Google Ads,None,Standard,2,5,Low,Yes
CUST100803,Hemani Bakshi,23,Male,Uttar Pradesh,Varanasi,25-09-2025,15-08-2026,Mobile Accessories,5,7603.7,1520.74,2178.01,Yes,1,0.2,19,76,8,3,0.105,Net Banking,Android,Direct,None,Express,0,4.2,Medium,Yes
CUST100804,Henry Merchant,29,Female,Uttar Pradesh,Lucknow,26-05-2025,15-08-2026,Electronics,3,8183.24,2727.75,0,No,0,0,21,105,17,8,0.286,UPI,Tablet,Instagram,Gold,Standard,0,3.8,Medium,Yes
CUST100805,Frederick D’Alia,28,Female,Gujarat,Surat,17-02-2024,14-02-2025,Home & Kitchen,8,22541.03,2817.63,0,No,0,0,17,102,18,10,0.235,Cash on Delivery,Android,Direct,None,Express,0,4.6,High,No
CUST100806,Ijaya Muni,46,Female,Kerala,Kozhikode,03-07-2024,14-10-2024,Sports & Fitness,10,9586.47,958.65,1724.32,Yes,0,0,27,54,11,4,0.074,Cash on Delivery,Android,Google Ads,Gold,Standard,1,3.4,Medium,Yes
CUST100807,Tamanna Jhaveri,22,Female,Jharkhand,Ranchi,05-05-2025,19-09-2025,Electronics,3,2299.77,766.59,0,No,0,0,17,68,13,8,0.235,Cash on Delivery,Tablet,Referral,None,Standard,0,2.9,Low,Yes
CUST100808,Ijaya Soni,32,Female,Assam,Dibrugarh,29-09-2024,22-10-2025,Beauty & Personal Care,4,5024.19,1256.05,323,Yes,0,0,24,48,6,3,0.042,UPI,Windows Laptop,Email,None,Standard,1,3.6,Medium,No
CUST100809,Raksha Sethi,33,Male,Gujarat,Surat,04-09-2025,04-11-2025,Fashion,7,8059.64,1151.38,1311.89,Yes,1,0.14,23,115,17,10,0.304,UPI,iPhone,Direct,None,Express,1,5,Medium,No
CUST100810,Ekalinga Mital,22,Male,Maharashtra,Mumbai,10-06-2025,15-08-2026,Sports & Fitness,6,13734.78,2289.13,5731.77,Yes,0,0,22,44,8,3,0.091,UPI,Windows Laptop,Google Ads,None,Standard,1,3.5,Medium,Yes
CUST100811,Ishwar Bajaj,36,Male,Andhra Pradesh,Visakhapatnam,07-05-2024,14-10-2024,Fashion,2,2774.87,1387.44,0,No,0,0,14,28,4,2,0.071,UPI,Windows Laptop,Direct,None,Express,1,3.9,Low,Yes
CUST100812,Ikbal Gala,28,Male,Punjab,Ludhiana,28-07-2024,14-08-2024,Grocery,3,2285.47,761.82,0,No,2,0.67,16,80,10,3,0.125,Credit Card,Android,Referral,Gold,Express,0,4.2,Low,Yes
CUST100813,Zaitra Ghosh,18,Female,Maharashtra,Nagpur,15-09-2025,15-08-2026,Grocery,3,2883.65,961.22,0,No,0,0,20,120,25,11,0.25,UPI,Android,Organic Search,Silver,Express,2,4.5,Low,Yes
CUST100814,Ganga Sandhu,36,Male,Assam,Guwahati,20-02-2026,15-08-2026,Fashion,6,7605.88,1267.65,525.85,Yes,1,0.17,21,105,23,12,0.429,Net Banking,Android,Referral,Silver,Standard,0,4.4,Medium,No
CUST100815,Vincent Ravel,22,Female,Haryana,Faridabad,21-05-2024,27-04-2025,Electronics,7,13679.78,1954.25,0,No,0,0,19,57,12,4,0.158,UPI,Android,Email,Gold,Standard,1,3.5,Medium,Yes
CUST100816,Quincy Sankaran,23,Male,Rajasthan,Jodhpur,21-06-2024,24-09-2024,Home & Kitchen,3,8561.14,2853.71,3357.19,Yes,2,0.67,27,108,13,7,0.148,Debit Card,Windows Laptop,Organic Search,None,Standard,0,5,Medium,Yes
CUST100817,Ayush Hora,37,Male,Uttar Pradesh,Varanasi,14-05-2026,15-08-2026,Fashion,4,6769.84,1692.46,0,No,0,0,16,64,7,3,0.125,Net Banking,Android,Organic Search,None,Standard,0,4,Medium,No
CUST100818,Pushti Ramachandran,28,Female,Gujarat,Vadodara,08-11-2025,15-08-2026,Sports & Fitness,7,9461.15,1351.59,1415.46,Yes,1,0.14,20,120,17,6,0.25,Wallet,Windows Laptop,Organic Search,Platinum,Express,1,4.9,Medium,No
CUST100819,Tanish Jha,38,Male,West Bengal,Durgapur,22-03-2025,06-08-2026,Sports & Fitness,2,2715.42,1357.71,457.5,Yes,0,0,17,85,16,7,0.235,Cash on Delivery,Android,Instagram,None,Standard,1,3.3,Low,No
CUST100820,Dev Chaudry,41,Female,Tamil Nadu,Madurai,28-04-2024,18-07-2024,Home & Kitchen,4,4155.62,1038.9,0,No,0,0,24,96,11,6,0.167,UPI,Tablet,Referral,None,Standard,1,4.4,Medium,Yes
CUST100821,Jasmit Nanda,26,Male,Madhya Pradesh,Bhopal,15-12-2025,28-03-2026,Beauty & Personal Care,6,8956.38,1492.73,1259.45,Yes,1,0.17,18,72,9,3,0.056,Credit Card,Android,Google Ads,Platinum,Standard,0,4.5,Medium,No
CUST100822,Tanvi Comar,37,Female,West Bengal,Kolkata,11-01-2024,08-06-2024,Beauty & Personal Care,6,6164.99,1027.5,679.98,Yes,0,0,22,44,4,2,0.045,UPI,iPhone,Organic Search,Silver,Same Day,0,3.6,Medium,Yes
CUST100823,Vrishti Wable,25,Female,Tamil Nadu,Chennai,30-01-2026,15-08-2026,Sports & Fitness,6,6414.03,1069,1413.6,Yes,0,0,21,105,18,11,0.381,Debit Card,iPhone,Google Ads,Gold,Standard,0,4.6,Medium,No
CUST100824,Lipika Ramanathan,49,Female,Gujarat,Surat,30-10-2024,15-01-2026,Home & Kitchen,2,4188.12,2094.06,0,No,1,0.5,16,32,5,2,0.062,UPI,Windows Laptop,Referral,Gold,Express,0,3.1,Low,Yes
CUST100825,Ijaya Pandey,25,Male,Uttar Pradesh,Kanpur,29-01-2026,10-08-2026,Fashion,5,2872.83,574.57,1171.22,Yes,1,0.2,26,78,11,7,0.115,UPI,Android,Organic Search,Platinum,Standard,2,3.4,Medium,No
CUST100826,Orinder Mishra,39,Male,Assam,Guwahati,02-06-2024,21-05-2025,Fashion,1,389.59,389.59,71.56,Yes,0,0,21,63,11,6,0.095,Credit Card,Android,YouTube,Gold,Standard,1,4.6,Low,No
CUST100827,Krish Munshi,38,Female,Telangana,Warangal,18-11-2024,19-02-2025,Beauty & Personal Care,2,1503.02,751.51,277.33,Yes,0,0,33,99,16,8,0.182,UPI,Android,YouTube,None,Standard,0,3.1,Low,Yes
CUST100828,William Mody,34,Female,Telangana,Warangal,20-06-2025,15-08-2026,Home & Kitchen,5,11245.06,2249.01,4121.87,Yes,1,0.2,18,108,22,12,0.333,UPI,iPhone,Referral,Gold,Express,3,4.6,Medium,Yes
CUST100829,Qadim Prakash,26,Male,Kerala,Kochi,20-03-2025,15-08-2026,Home & Kitchen,5,7074.65,1414.93,0,No,0,0,20,100,16,7,0.15,UPI,Android,Google Ads,None,Standard,2,3.3,Medium,No
CUST100830,Yasti Rama,30,Male,Gujarat,Ahmedabad,07-12-2024,03-01-2026,Electronics,3,7491.13,2497.04,0,No,1,0.33,17,102,13,9,0.353,Credit Card,Windows Laptop,Direct,None,Standard,0,4.6,Medium,No
CUST100831,Lakshit Rajagopal,18,Male,Delhi,Delhi,08-08-2024,03-02-2025,Grocery,5,3032.79,606.56,0,No,0,0,10,30,5,3,0.2,Credit Card,Android,Direct,None,Standard,0,2.9,Medium,No
CUST100832,Quincy Sur,33,Male,Gujarat,Surat,19-04-2024,25-10-2025,Fashion,4,6129.18,1532.3,1603.36,Yes,0,0,16,96,8,5,0.125,UPI,iPhone,Email,None,Standard,0,3.9,Medium,Yes
CUST100833,Ojas Suri,34,Female,Maharashtra,Pune,13-02-2025,01-08-2025,Fashion,3,1570.56,523.52,0,No,0,0,35,140,20,8,0.171,Net Banking,Android,Organic Search,None,Standard,1,4.5,Low,Yes
CUST100834,Logan Grover,32,Male,Karnataka,Bengaluru,21-02-2025,08-07-2025,Home & Kitchen,3,1992.22,664.07,458.13,Yes,0,0,23,138,29,19,0.478,Debit Card,iPhone,Google Ads,None,Standard,1,5,Low,Yes
CUST100835,Shravya Bera,18,Male,Rajasthan,Udaipur,24-08-2025,15-08-2026,Fashion,3,1881.8,627.27,148.15,Yes,1,0.33,12,60,10,7,0.333,Cash on Delivery,Android,Organic Search,Platinum,Standard,1,3.5,Low,No
CUST100836,Aditya Sundaram,21,Female,Gujarat,Surat,19-05-2025,21-12-2025,Beauty & Personal Care,8,5870.97,733.87,0,No,1,0.12,17,34,7,4,0.118,Credit Card,Windows Laptop,Organic Search,None,Standard,0,2.8,Medium,No
CUST100837,Robert Rajagopalan,25,Male,Assam,Guwahati,15-02-2026,10-04-2026,Fashion,6,34460.54,5743.42,0,No,0,0,32,160,21,14,0.188,UPI,Android,Direct,Platinum,Standard,1,3.3,Medium,No
CUST100838,Nilima Swamy,33,Female,Telangana,Warangal,09-02-2024,10-08-2024,Home & Kitchen,2,4074.93,2037.46,719.5,Yes,0,0,11,22,2,1,0.091,UPI,Android,Organic Search,Silver,Express,1,4.5,Low,Yes
CUST100839,Sachi Suresh,33,Female,Uttar Pradesh,Varanasi,23-05-2025,15-08-2025,Beauty & Personal Care,7,2979.34,425.62,0,No,0,0,30,180,15,6,0.067,UPI,Android,Google Ads,Gold,Express,1,5,Medium,No
CUST100840,Fitan Balasubramanian,30,Male,Bihar,Patna,03-04-2025,13-03-2026,Fashion,9,5481.69,609.08,0,No,1,0.11,22,132,17,9,0.273,Cash on Delivery,Android,Google Ads,None,Express,1,3.6,Medium,No
CUST100841,Brinda Bali,36,Female,West Bengal,Durgapur,19-09-2024,17-12-2025,Electronics,3,4308.29,1436.1,0,No,1,0.33,13,65,6,2,0.077,Cash on Delivery,iPhone,Email,Gold,Standard,0,4.8,Low,Yes
CUST100842,Umang Yogi,23,Male,Bihar,Patna,31-10-2025,15-08-2026,Books,7,11249.42,1607.06,0,No,0,0,29,58,7,4,0.103,UPI,MacBook,Instagram,Silver,Express,1,4.2,Medium,No
CUST100843,Om Shankar,36,Male,Karnataka,Bengaluru,27-04-2024,16-09-2025,Home & Kitchen,5,4486.91,897.38,860.71,Yes,1,0.2,16,48,3,1,0.062,Cash on Delivery,Android,Google Ads,None,Standard,1,4.4,Medium,Yes
CUST100844,Yasti Chowdhury,35,Male,Andhra Pradesh,Vijayawada,25-03-2025,28-03-2026,Home & Kitchen,4,13531.8,3382.95,0,No,0,0,21,63,8,3,0.095,Cash on Delivery,Android,Google Ads,Silver,Standard,1,3.9,Medium,No
CUST100845,Amrita Peri,34,Male,Maharashtra,Mumbai,06-02-2026,15-08-2026,Electronics,6,4122.13,687.02,224.73,Yes,1,0.17,20,120,25,11,0.25,Debit Card,MacBook,Instagram,Silver,Express,0,3.3,Medium,No
CUST100846,Ridhi Kamdar,30,Male,Gujarat,Ahmedabad,17-02-2025,14-07-2026,Home & Kitchen,4,7757.9,1939.48,2199.39,Yes,1,0.25,21,126,23,13,0.429,Cash on Delivery,iPhone,Organic Search,None,Standard,0,5,Medium,Yes
CUST100847,Harsh Kota,46,Male,Maharashtra,Nashik,08-12-2025,15-08-2026,Beauty & Personal Care,4,8064.33,2016.08,1435.87,Yes,0,0,25,100,11,6,0.16,Net Banking,Tablet,YouTube,None,Standard,1,3.8,Medium,No
CUST100848,Bachittar Sengupta,35,Female,Andhra Pradesh,Vijayawada,05-04-2026,15-08-2026,Beauty & Personal Care,7,35199.32,5028.47,0,No,1,0.14,25,150,17,9,0.2,Credit Card,MacBook,Email,None,Standard,0,3.6,Medium,No
CUST100849,Ijaya Chahal,23,Female,Rajasthan,Udaipur,02-04-2026,15-08-2026,Grocery,5,22050.49,4410.1,0,No,1,0.2,17,102,12,4,0.118,Cash on Delivery,MacBook,Direct,Silver,Same Day,0,4.2,Medium,No
CUST100850,Jacob Khalsa,33,Female,Uttar Pradesh,Kanpur,09-06-2025,03-06-2026,Electronics,5,11044.14,2208.83,0,No,1,0.2,19,76,7,3,0.105,Wallet,Android,YouTube,None,Standard,2,4,Medium,No
CUST100851,Indali Sangha,37,Female,West Bengal,Siliguri,05-04-2025,01-05-2026,Fashion,8,12785.7,1598.21,4797.53,Yes,0,0,30,120,26,18,0.367,UPI,iPhone,Email,Gold,Standard,0,5,Medium,No
CUST100852,Liam Jhaveri,26,Male,Kerala,Thiruvananthapuram,27-04-2024,02-03-2025,Sports & Fitness,6,10201.11,1700.19,3191.86,Yes,0,0,17,85,14,10,0.353,Credit Card,Windows Laptop,Organic Search,Platinum,Standard,1,4.2,Medium,Yes
CUST100853,Daniel Panchal,40,Male,Karnataka,Mangaluru,04-08-2024,02-06-2025,Mobile Accessories,7,11120.34,1588.62,0,No,1,0.14,23,138,25,13,0.348,Debit Card,Windows Laptop,Instagram,None,Standard,0,4.1,Medium,Yes
CUST100854,Om Naik,34,Male,Assam,Guwahati,17-12-2025,15-08-2026,Electronics,5,2635.43,527.09,0,No,0,0,18,54,9,4,0.111,Credit Card,iPhone,Google Ads,Silver,Standard,0,4.8,Medium,No
CUST100855,Bimala Loke,18,Male,Karnataka,Mangaluru,17-03-2024,08-06-2025,Home & Kitchen,8,4255.32,531.92,0,No,0,0,19,114,16,11,0.368,UPI,Tablet,Direct,Silver,Standard,1,4.1,Medium,No
CUST100856,Krishna Sabharwal,33,Female,Karnataka,Mangaluru,24-02-2025,24-07-2026,Fashion,5,12508.87,2501.77,3200.17,Yes,0,0,20,120,23,10,0.25,Debit Card,MacBook,Google Ads,None,Standard,2,4.6,Medium,No
CUST100857,Aradhana Date,28,Female,West Bengal,Durgapur,10-06-2026,15-08-2026,Electronics,4,11179.62,2794.9,0,No,1,0.25,17,34,3,2,0.059,Cash on Delivery,Android,Organic Search,Gold,Standard,1,4.3,Medium,No
CUST100858,Zaid Dhingra,35,Male,Rajasthan,Jodhpur,20-06-2024,07-12-2025,Fashion,4,10269.43,2567.36,2272.99,Yes,0,0,19,38,5,2,0.053,UPI,Android,Email,Silver,Express,1,4.8,Medium,Yes
CUST100859,Yug Ramaswamy,39,Male,Uttar Pradesh,Varanasi,24-01-2025,15-08-2026,Electronics,6,6630.95,1105.16,0,No,0,0,23,115,14,9,0.304,UPI,Android,Instagram,None,Standard,0,4.8,Medium,No
CUST100860,Lucky Luthra,33,Male,West Bengal,Howrah,26-01-2024,06-07-2025,Grocery,6,9443.47,1573.91,1809.15,Yes,0,0,26,78,16,6,0.077,Wallet,Android,Organic Search,Silver,Express,1,3.5,Medium,Yes
CUST100861,Keya Seth,44,Male,Madhya Pradesh,Indore,07-05-2024,19-10-2025,Beauty & Personal Care,6,6830.75,1138.46,929.5,Yes,0,0,18,36,3,1,0.056,Cash on Delivery,Windows Laptop,Email,Gold,Standard,2,3.3,Medium,Yes
CUST100862,Girik Rau,30,Male,Gujarat,Vadodara,08-01-2025,22-06-2026,Electronics,3,9666.05,3222.02,0,No,1,0.33,24,72,6,3,0.042,Wallet,Windows Laptop,Instagram,Platinum,Express,1,3.3,Medium,Yes
CUST100863,Jyoti Sha,36,Female,Uttar Pradesh,Kanpur,15-10-2025,15-08-2026,Electronics,6,6040.23,1006.7,1885.46,Yes,1,0.17,23,92,19,7,0.217,Debit Card,Android,Email,None,Standard,1,4.4,Medium,No
CUST100864,Falak Agate,37,Male,Gujarat,Ahmedabad,24-01-2024,01-10-2025,Sports & Fitness,2,1492.85,746.42,246.51,Yes,0,0,31,186,32,16,0.419,Credit Card,Android,Referral,Silver,Express,2,5,Low,Yes
CUST100865,Tara Parmar,30,Female,Gujarat,Ahmedabad,14-04-2025,07-10-2025,Electronics,4,5152.21,1288.05,1423.52,Yes,0,0,15,75,12,6,0.267,UPI,MacBook,YouTube,None,Standard,2,2.9,Medium,No
CUST100866,Mitali Kamdar,37,Male,Uttar Pradesh,Lucknow,13-01-2026,15-08-2026,Beauty & Personal Care,8,8628.25,1078.53,3376.09,Yes,1,0.12,20,60,11,6,0.1,UPI,Windows Laptop,Referral,None,Same Day,0,5,Medium,Yes
CUST100867,Siddharth Talwar,26,Male,Maharashtra,Mumbai,26-02-2025,12-03-2026,Fashion,7,10486.94,1498.13,,Yes,0,0,20,40,8,2,0.05,Credit Card,Windows Laptop,Direct,Silver,Standard,3,4.7,Medium,No
CUST100868,Ekantika Mander,28,Female,Karnataka,Bengaluru,25-06-2024,04-01-2026,Beauty & Personal Care,5,12046.94,2409.39,963.93,Yes,1,0.2,23,138,28,17,0.435,UPI,Android,Instagram,None,Express,1,3.3,Medium,No
CUST100869,Kalpit Sundaram,21,Female,Haryana,Faridabad,02-05-2026,15-08-2026,Fashion,5,7962.78,1592.56,2904.53,Yes,1,0.2,24,144,29,14,0.25,UPI,Android,Direct,None,Express,0,3.8,Medium,No
CUST100870,Chanakya Batra,33,Male,Jharkhand,Ranchi,16-01-2026,15-08-2026,Electronics,3,2571.47,857.16,,Yes,0,0,19,114,22,9,0.211,UPI,Tablet,Organic Search,Gold,Express,2,3.5,Low,No
CUST100871,Tripti Babu,34,Female,Telangana,Warangal,10-04-2026,15-08-2026,Fashion,6,5179.23,863.2,1226.95,Yes,1,0.17,18,90,8,3,0.056,Credit Card,Windows Laptop,Direct,None,Standard,1,5,Medium,No
CUST100872,Nakul Sastry,40,Male,Delhi,Delhi,21-06-2025,21-10-2025,Fashion,6,6060.13,1010.02,2716.23,Yes,1,0.17,19,76,12,7,0.158,Debit Card,Windows Laptop,Organic Search,Platinum,Standard,0,4.6,Medium,No
CUST100873,Aadi Sangha,37,Male,Bihar,Patna,22-09-2024,20-10-2024,Home & Kitchen,4,1528.58,382.14,661.62,Yes,0,0,11,66,9,4,0.182,Debit Card,MacBook,Instagram,None,Standard,0,3.9,Medium,Yes
CUST100874,Kevin Mittal,29,Female,Gujarat,Ahmedabad,23-05-2026,29-06-2026,Grocery,4,10061.05,2515.26,3146.66,Yes,0,0,15,90,17,10,0.533,Credit Card,Android,Instagram,None,Standard,0,4.1,Medium,Yes
CUST100875,Anusha Chander,22,Female,West Bengal,Howrah,20-09-2025,15-08-2026,Fashion,7,14595.55,2085.08,0,No,0,0,15,90,19,6,0.267,UPI,Tablet,Organic Search,None,Standard,0,4.7,Medium,No
CUST100876,Zashil Butala,34,Male,Maharashtra,Pune,23-07-2025,23-06-2026,Electronics,4,10696.84,2674.21,0,No,0,0,18,72,9,6,0.167,Net Banking,Android,Organic Search,Silver,Express,1,3.9,Medium,Yes
CUST100877,Noah Ben,40,Male,Kerala,Kochi,26-09-2024,04-03-2026,Home & Kitchen,5,9367.98,1873.6,0,No,0,0,20,40,7,2,0.05,Cash on Delivery,Windows Laptop,Email,Gold,Standard,1,3.5,Medium,No
CUST100878,Dalaja Kaur,37,Female,Bihar,Muzaffarpur,24-11-2024,18-01-2025,Beauty & Personal Care,5,2421.74,484.35,694.45,Yes,0,0,23,69,7,3,0.043,Debit Card,Android,Google Ads,Silver,Standard,1,4,Medium,No
CUST100879,Gavin Chandran,40,Male,West Bengal,Durgapur,30-03-2025,11-02-2026,Mobile Accessories,8,10110.6,1263.82,2566.74,Yes,0,0,29,174,24,14,0.207,Cash on Delivery,Windows Laptop,Organic Search,Gold,Standard,1,4.3,Medium,No
CUST100880,Tanay Sood,29,Male,Delhi,Delhi,21-10-2024,24-12-2025,Beauty & Personal Care,4,5019.78,1254.94,1928.92,Yes,0,0,26,156,28,16,0.423,Net Banking,Android,Email,Silver,Standard,2,3.4,Medium,Yes
CUST100881,Kevin Kara,27,Female,Delhi,New Delhi,01-05-2024,08-08-2025,Home & Kitchen,6,12089.21,2014.87,0,No,0,0,28,56,5,3,0.071,UPI,Tablet,Direct,None,Express,0,3.9,Medium,No
CUST100882,Aditya Anand,25,Female,Odisha,Cuttack,07-06-2024,20-07-2025,Beauty & Personal Care,6,24000.21,4000.04,7932.06,Yes,0,0,17,68,13,9,0.235,UPI,Android,Instagram,Gold,Express,0,4.1,Medium,Yes
CUST100883,Jai Sami,31,Male,West Bengal,Durgapur,26-06-2024,24-02-2026,Books,5,3026.19,605.24,181.62,Yes,0,0,13,52,10,6,0.308,UPI,Windows Laptop,YouTube,None,Standard,1,4.1,Medium,No
CUST100884,Vanya Bobal,30,Female,Maharashtra,Pune,17-10-2025,15-08-2026,Sports & Fitness,5,10120.67,2024.13,0,No,1,0.2,24,72,14,8,0.208,Credit Card,Android,Organic Search,Silver,Standard,1,5,Medium,No
CUST100885,Leela Chakraborty,33,Female,Madhya Pradesh,Indore,23-11-2024,09-02-2026,Fashion,3,3273.11,1091.04,0,No,0,0,19,76,6,2,0.053,Debit Card,iPhone,Direct,None,Standard,0,4.5,Low,Yes
CUST100886,Harshil Munshi,30,Male,Karnataka,Bengaluru,29-05-2026,15-08-2026,Fashion,4,26095.73,6523.93,0,No,1,0.25,17,68,13,6,0.235,UPI,Android,Organic Search,None,Standard,2,4.4,Medium,No
CUST100887,Chandani Devan,30,Female,Bihar,Gaya,02-11-2024,02-08-2025,Fashion,3,7415.56,2471.85,,No,0,0,26,52,10,4,0.077,Credit Card,Android,Instagram,None,Express,1,3.3,Medium,No
CUST100888,Kiaan Dhar,25,Female,Delhi,Delhi,29-03-2024,24-11-2025,Home & Kitchen,7,8876.17,1268.02,3629.71,Yes,0,0,29,58,12,6,0.138,Cash on Delivery,Windows Laptop,Direct,Platinum,Standard,0,3.8,Medium,Yes
CUST100889,Abhiram Gala,39,Male,Maharashtra,Nashik,20-01-2026,15-08-2026,Grocery,4,11781.09,2945.27,0,No,1,0.25,26,52,4,1,0.038,Debit Card,Android,Instagram,Silver,Standard,0,4.3,Medium,No
CUST100890,Indali Kala,32,Male,Delhi,Delhi,07-02-2024,13-11-2024,Home & Kitchen,8,8560.37,1070.05,0,No,0,0,24,72,11,7,0.208,Credit Card,Android,Organic Search,Silver,Standard,0,4.1,Medium,Yes
CUST100891,Nisha Savant,30,Female,Kerala,Kozhikode,22-05-2026,15-08-2026,Electronics,4,6774.21,1693.55,0,No,1,0.25,20,80,16,8,0.2,Credit Card,Android,Organic Search,Gold,Express,1,4.7,Medium,No
CUST100892,Gabriel Chaudhry,25,Female,Haryana,Faridabad,13-08-2025,15-08-2026,Grocery,7,7532.87,1076.12,2282.75,Yes,0,0,20,40,7,2,0.05,UPI,Android,Organic Search,Silver,Express,2,4.6,Medium,No
CUST100893,Jatin Rajagopalan,20,Male,Punjab,Chandigarh,06-05-2026,15-08-2026,Sports & Fitness,2,2714.58,1357.29,424.52,Yes,0,0,25,125,24,13,0.32,Credit Card,Android,Google Ads,None,Standard,1,2.7,Low,No
CUST100894,Pushti Murty,41,Female,Gujarat,Vadodara,18-04-2026,15-08-2026,Fashion,5,14452.74,2890.55,4587.02,Yes,0,0,16,96,17,8,0.25,UPI,Android,YouTube,None,Standard,0,4.3,Medium,No
CUST100895,Yug Malhotra,35,Female,Odisha,Bhubaneswar,11-12-2024,10-05-2025,Grocery,3,2916.93,972.31,1077.82,Yes,2,0.67,23,115,9,4,0.087,Debit Card,MacBook,Instagram,None,Standard,1,4.4,Low,Yes
CUST100896,Yuvraj Mane,18,Female,Karnataka,Mangaluru,08-09-2024,19-06-2026,Home & Kitchen,8,2079.6,259.95,443.95,Yes,0,0,19,57,11,4,0.105,Debit Card,Android,Google Ads,Gold,Express,0,2.7,Medium,Yes
CUST100897,Charvi Jha,37,Female,Tamil Nadu,Chennai,19-04-2026,15-08-2026,Books,4,3810.93,952.73,214.3,Yes,0,0,22,88,14,9,0.227,UPI,Android,Organic Search,Silver,Standard,0,,Medium,No
CUST100898,Manya Merchant,38,Male,Assam,Dibrugarh,28-05-2024,23-02-2026,Sports & Fitness,6,16987.35,2831.22,6728.71,Yes,0,0,25,100,11,3,0.04,UPI,Windows Laptop,Referral,Silver,Same Day,0,5,Medium,No
CUST100899,Wriddhish Talwar,32,Male,West Bengal,Siliguri,16-01-2024,21-06-2024,Home & Kitchen,3,10661.2,3553.73,2874.29,Yes,0,0,21,126,22,8,0.286,Wallet,Android,Direct,None,Standard,0,3.7,Medium,No
CUST100900,Isaiah Khosla,44,Female,Maharashtra,Mumbai,01-01-2025,26-03-2025,Grocery,6,5328.67,888.11,937.4,Yes,0,0,17,51,7,4,0.118,UPI,Android,Google Ads,None,Standard,2,3.8,Medium,Yes
CUST100901,Ekavir Wable,33,Male,Karnataka,Mangaluru,14-04-2026,21-06-2026,Books,2,987.33,493.66,299.67,Yes,0,0,11,33,5,3,0.091,Debit Card,Android,Instagram,Silver,Express,2,4.3,Low,No
CUST100902,Jalsa Nadig,20,Female,West Bengal,Howrah,12-04-2026,15-08-2026,Home & Kitchen,6,5575.35,929.22,1782.76,Yes,0,0,19,95,13,4,0.158,Credit Card,iPhone,Organic Search,None,Standard,4,4.8,Medium,No
CUST100903,Lila Salvi,34,Male,Karnataka,Bengaluru,19-02-2026,15-08-2026,Fashion,3,6341.71,2113.9,691.16,Yes,1,0.33,22,66,6,3,0.091,UPI,iPhone,Organic Search,Silver,Standard,1,4.7,Low,No
CUST100904,Orinder Sinha,33,Male,Uttar Pradesh,Noida,27-04-2024,07-06-2024,Grocery,5,5247.06,1049.41,0,No,1,0.2,15,60,12,5,0.267,UPI,Windows Laptop,Organic Search,Silver,Standard,1,3.5,Medium,Yes
CUST100905,Anay Bir,26,Male,Gujarat,Surat,04-12-2025,15-08-2026,Fashion,3,1386.43,462.14,228.31,Yes,1,0.33,26,104,18,7,0.154,Cash on Delivery,Tablet,Organic Search,None,Standard,0,4.3,Low,No
CUST100906,Adweta Kale,36,Female,Haryana,Faridabad,12-11-2024,07-06-2026,Home & Kitchen,5,10712.48,2142.5,3979.15,Yes,0,0,22,88,15,5,0.091,Debit Card,Android,YouTube,Gold,Standard,0,3.8,Medium,No
CUST100907,Darpan Rao,18,Female,Punjab,Ludhiana,14-10-2024,13-09-2025,Sports & Fitness,6,16327.47,2721.24,6965.37,Yes,0,0,24,96,17,9,0.167,UPI,Windows Laptop,Referral,None,Standard,2,3.7,Medium,No
CUST100908,Yachana Sagar,39,Male,Tamil Nadu,Madurai,16-12-2024,20-03-2026,Grocery,5,15098.39,3019.68,1374.96,Yes,0,0,18,90,13,8,0.333,UPI,Windows Laptop,Direct,None,Express,2,4.7,Medium,No
CUST100909,Neelima Butala,24,Male,Delhi,New Delhi,23-10-2024,12-02-2025,Home & Kitchen,7,3440.01,491.43,1434.29,Yes,1,0.14,27,108,19,11,0.222,UPI,Windows Laptop,Direct,Gold,Standard,0,5,Medium,Yes
CUST100910,Arunima Chacko,23,Male,Telangana,Hyderabad,12-07-2024,29-11-2024,Fashion,6,17689.47,2948.25,0,No,0,0,21,84,9,6,0.19,Credit Card,Windows Laptop,Instagram,None,Standard,0,4,Medium,Yes
CUST100911,Farhan Vaidya,30,Female,Uttar Pradesh,Lucknow,26-01-2025,08-04-2025,Fashion,3,4154.53,1384.84,777.57,Yes,0,0,22,132,19,10,0.318,UPI,iPhone,Organic Search,Silver,Standard,0,3.7,Low,Yes
CUST100912,Nachiket Yadav,34,Male,Delhi,New Delhi,18-03-2025,25-09-2025,Fashion,5,5379.73,1075.95,331.04,Yes,1,0.2,22,110,19,6,0.136,Cash on Delivery,Windows Laptop,Instagram,Silver,Standard,1,3.3,Medium,No
CUST100913,Mahika Bhatti,32,Female,Bihar,Gaya,07-10-2024,02-08-2025,Electronics,9,5788.34,643.15,1825.01,Yes,0,0,21,105,20,13,0.476,UPI,Android,Direct,Gold,Standard,0,4.9,Medium,No
CUST100914,Rajeshri Khare,25,Male,Gujarat,Ahmedabad,27-10-2024,07-12-2024,Grocery,6,3232.55,538.76,0,No,0,0,14,42,9,6,0.214,Credit Card,Windows Laptop,Referral,Gold,Standard,2,5,Medium,Yes
CUST100915,Yash Chadha,27,Male,Uttar Pradesh,Kanpur,16-06-2026,15-08-2026,Fashion,4,3399.33,849.83,430.56,Yes,0,0,13,39,7,4,0.231,Credit Card,Tablet,YouTube,Gold,Same Day,1,3,Medium,No
CUST100916,Jack Setty,22,Female,Gujarat,Vadodara,01-03-2025,01-02-2026,Home & Kitchen,5,4479.49,895.9,418.5,Yes,0,0,16,32,2,1,0.062,UPI,Android,Referral,Silver,Express,0,3.9,Medium,No
CUST100917,Dayamai Gill,29,Male,Tamil Nadu,Coimbatore,06-09-2024,28-05-2025,Home & Kitchen,4,4844.34,1211.08,622.06,Yes,0,0,22,88,9,6,0.227,UPI,Android,Organic Search,None,Express,1,,Medium,Yes
CUST100918,Advik Devan,40,Female,Jharkhand,Jamshedpur,12-01-2026,15-08-2026,Mobile Accessories,6,21553.45,3592.24,0,No,0,0,22,88,15,11,0.273,Credit Card,Android,Google Ads,None,Standard,2,4.5,Medium,Yes
CUST100919,Nihal Taneja,31,Male,Madhya Pradesh,Bhopal,29-05-2025,10-09-2025,Home & Kitchen,4,4386.84,1096.71,0,No,0,0,19,114,10,6,0.158,UPI,Windows Laptop,Organic Search,Gold,Standard,0,,Medium,Yes
CUST100920,Zansi Lad,38,Male,Maharashtra,Pune,16-11-2025,10-04-2026,Electronics,4,2639.5,659.88,959.53,Yes,0,0,19,95,20,11,0.316,Net Banking,Android,Direct,None,Standard,2,3.4,Medium,No
CUST100921,Kamya Date,43,Male,Haryana,Faridabad,21-01-2026,15-08-2026,Electronics,3,1958.81,652.94,485.33,Yes,0,0,23,115,16,6,0.174,UPI,iPhone,Organic Search,None,Same Day,,3.7,Low,No
CUST100922,Jacob Balan,26,Male,Rajasthan,Jodhpur,09-02-2025,24-03-2025,Beauty & Personal Care,7,9489.97,1355.71,2574.91,Yes,0,0,22,132,23,9,0.227,Cash on Delivery,Windows Laptop,Organic Search,Silver,Standard,0,3.2,Medium,Yes
CUST100923,Pushti Magar,30,Female,Haryana,Faridabad,07-09-2025,15-08-2026,Beauty & Personal Care,4,4135.28,1033.82,1724.94,Yes,1,0.25,18,90,7,3,0.111,Credit Card,Windows Laptop,Direct,Gold,Standard,1,4.9,Medium,No
CUST100924,Adya Bose,48,Female,Madhya Pradesh,Indore,11-03-2026,19-06-2026,Home & Kitchen,3,4301.05,1433.68,1777.26,Yes,0,0,21,126,17,12,0.286,UPI,iPhone,Direct,Gold,Standard,0,4.7,Low,No
CUST100925,Tamanna Vaidya,43,Female,Gujarat,Vadodara,31-08-2024,11-11-2024,Home & Kitchen,4,9676.18,2419.04,3691.17,Yes,0,0,16,64,7,3,0.125,Debit Card,Windows Laptop,Referral,None,Express,1,5,Medium,Yes
CUST100926,Christopher Tata,18,Male,West Bengal,Howrah,10-03-2026,20-05-2026,Electronics,9,20229.49,2247.72,4040.02,Yes,0,0,24,96,9,4,0.083,Credit Card,Android,Direct,None,Standard,0,3.7,High,No
CUST100927,Jhalak Dugar,34,Female,Delhi,New Delhi,01-01-2025,13-02-2026,Home & Kitchen,3,3384.97,1128.32,665.56,Yes,0,0,20,120,20,10,0.2,Debit Card,MacBook,Organic Search,Silver,Express,2,4.4,Low,No
CUST100928,Harshil D’Alia,31,Female,Uttar Pradesh,Lucknow,23-02-2026,03-04-2026,Home & Kitchen,5,4503.22,900.64,1824.49,Yes,1,0.2,12,48,10,6,0.25,Debit Card,Android,Referral,None,Standard,1,4.4,Medium,No
CUST100929,Yashodhara Agate,38,Male,Bihar,Patna,29-04-2024,19-11-2024,Electronics,4,16497.48,4124.37,6938.93,Yes,1,0.25,11,33,4,1,0.091,Debit Card,Android,Organic Search,None,Standard,2,4.5,Medium,Yes
CUST100930,Advik Konda,25,Female,Delhi,New Delhi,29-04-2026,28-07-2026,Electronics,6,6419.49,1069.92,0,No,0,0,15,45,9,5,0.133,Debit Card,Android,Google Ads,None,Express,0,3.8,Medium,Yes
CUST100931,Urmi Patla,24,Female,Maharashtra,Nashik,15-03-2025,04-04-2026,Electronics,4,22360.67,5590.17,0,No,1,0.25,17,34,2,1,0.059,UPI,Windows Laptop,Google Ads,None,Standard,1,4.5,Medium,No
CUST100932,Mason Gola,26,Male,Punjab,Ludhiana,09-02-2026,15-08-2026,Electronics,7,26672.72,3810.39,7288.74,Yes,1,0.14,19,114,19,12,0.316,Wallet,iPhone,Direct,Gold,Standard,2,4.7,Medium,No
CUST100933,Oni Kapur,26,Female,Andhra Pradesh,Vijayawada,18-05-2025,01-12-2025,Beauty & Personal Care,11,13023.68,1183.97,2413.73,Yes,0,0,19,95,14,8,0.263,Credit Card,Windows Laptop,Organic Search,Gold,Standard,2,4.3,Medium,No
CUST100934,Yuvraj Saha,38,Male,Uttar Pradesh,Noida,04-08-2025,19-01-2026,Fashion,6,4188.89,698.15,612.64,Yes,1,0.17,23,115,15,7,0.13,Net Banking,Android,Google Ads,None,Standard,1,4.3,Medium,No
CUST100935,Anika Brahmbhatt,22,Male,Karnataka,Mangaluru,08-03-2025,16-12-2025,Fashion,7,10929.7,1561.39,0,No,0,0,22,44,6,3,0.091,UPI,Android,Referral,Silver,Standard,0,5,Medium,Yes
CUST100936,Jagdish Thakkar,26,Male,Tamil Nadu,Chennai,01-07-2024,19-04-2025,Electronics,8,22925.53,2865.69,7824.04,Yes,0,0,21,63,10,4,0.095,UPI,Android,Referral,Silver,Same Day,0,,High,Yes
CUST100937,Praneel Kapoor,18,Female,West Bengal,Durgapur,05-04-2025,25-03-2026,Mobile Accessories,7,8498.89,1214.13,0,No,0,0,27,162,25,15,0.296,Wallet,Android,Instagram,Platinum,Standard,0,,Medium,No
CUST100938,Nandini Biswas,39,Male,Assam,Dibrugarh,28-01-2026,06-03-2026,Sports & Fitness,4,3062.03,765.51,592.37,Yes,1,0.25,20,40,6,2,0.05,Net Banking,Android,Email,None,Standard,2,3.9,Medium,No
CUST100939,Barkha Mukhopadhyay,41,Female,Maharashtra,Pune,27-04-2024,17-07-2025,Fashion,3,3304.53,1101.51,0,No,0,0,28,84,18,10,0.179,Cash on Delivery,Android,Organic Search,None,Standard,1,5,Low,No
CUST100940,Gabriel Shan,28,Female,Uttar Pradesh,Noida,31-01-2024,24-07-2025,Fashion,5,7809.92,1561.98,3322.64,Yes,0,0,16,96,18,11,0.312,UPI,iPhone,Organic Search,Platinum,Same Day,0,5,Medium,Yes
CUST100941,Jyoti Iyer,29,Female,Tamil Nadu,Chennai,28-05-2024,07-02-2026,Fashion,2,3018.47,1509.24,678.66,Yes,0,0,22,88,9,3,0.091,Debit Card,Android,Organic Search,Silver,Standard,1,3.7,Low,Yes
CUST100942,Daksha Kibe,35,Male,Uttar Pradesh,Lucknow,11-06-2025,03-06-2026,Home & Kitchen,2,2592.73,1296.36,1140.38,Yes,0,0,26,78,16,7,0.192,UPI,iPhone,Email,Gold,Standard,3,4.5,Low,Yes
CUST100943,Jyoti Tak,43,Female,Bihar,Gaya,29-09-2024,04-12-2024,Electronics,1,1105.91,1105.91,354.93,Yes,0,0,26,156,23,12,0.231,Debit Card,Android,Instagram,None,Standard,1,4.4,Low,No
CUST100944,Yatan Dora,34,Female,Punjab,Chandigarh,13-05-2026,15-08-2026,Grocery,7,7279.85,1039.98,0,No,0,0,24,72,5,3,0.083,Wallet,Android,Google Ads,None,Standard,3,4.4,Medium,No
CUST100945,Nimrat Bajwa,25,Male,Karnataka,Mangaluru,19-01-2025,15-03-2025,Home & Kitchen,4,3724.14,931.04,673.25,Yes,0,0,15,45,8,3,0.133,UPI,Android,Organic Search,Gold,Same Day,0,3.5,Medium,Yes
CUST100946,Hiral Andra,18,Female,West Bengal,Howrah,29-05-2026,15-08-2026,Books,3,4090.9,1363.63,1279.72,Yes,0,0,23,46,5,2,0.043,Credit Card,Windows Laptop,Organic Search,Silver,Standard,2,4.5,Low,No
CUST100947,Aarav Puri,22,Female,Maharashtra,Pune,11-04-2024,06-06-2025,Electronics,3,5311.73,1770.58,,Yes,0,0,20,80,17,7,0.25,UPI,Android,YouTube,Gold,Standard,0,3.5,Low,Yes
CUST100948,Hemang Jha,32,Female,Assam,Guwahati,12-03-2024,11-08-2024,Sports & Fitness,3,2969.31,989.77,424,Yes,3,1,21,126,19,8,0.286,UPI,MacBook,YouTube,None,Standard,2,2.9,Low,Yes
CUST100949,Oni Swamy,26,Male,Haryana,Faridabad,05-12-2025,28-03-2026,Sports & Fitness,5,3558.87,711.77,0,No,0,0,21,63,7,3,0.048,Wallet,Tablet,Organic Search,None,Standard,0,4.7,Medium,No
CUST100950,Lucky Mammen,33,Male,Uttar Pradesh,Kanpur,13-04-2026,15-08-2026,Electronics,6,16418.26,2736.38,,No,0,0,22,110,20,7,0.227,UPI,iPhone,Organic Search,None,Standard,1,5,Medium,No
CUST100951,Caleb Kata,27,Male,Uttar Pradesh,Varanasi,14-09-2025,10-08-2026,Home & Kitchen,4,5623.77,1405.94,0,No,0,0,21,84,9,6,0.19,Wallet,Android,Referral,Gold,Express,0,3.8,Medium,No
CUST100952,Kashish Shanker,23,Male,Bihar,Gaya,15-03-2026,15-08-2026,Electronics,5,9081.3,1816.26,0,No,1,0.2,17,51,4,2,0.059,Debit Card,Android,Instagram,None,Standard,2,4.1,Medium,No
CUST100953,Girish Tiwari,22,Female,Karnataka,Mangaluru,11-02-2025,08-10-2025,Fashion,2,1591.14,795.57,526.21,Yes,0,0,23,115,10,6,0.13,UPI,Android,Google Ads,Silver,Standard,1,3.5,Low,Yes
CUST100954,Meera Borde,43,Female,Assam,Guwahati,12-12-2024,13-09-2025,Fashion,2,2645.35,1322.68,1052.85,Yes,0,0,23,46,7,4,0.087,Debit Card,Windows Laptop,Instagram,None,Standard,0,4.2,Low,No
CUST100955,Radhika De,38,Female,Gujarat,Surat,01-05-2026,15-08-2026,Beauty & Personal Care,5,3726.65,745.33,770.11,Yes,0,0,19,114,12,6,0.211,UPI,iPhone,Organic Search,Silver,Standard,0,4,Medium,No
CUST100956,Bishakha Lal,45,Female,Telangana,Warangal,01-01-2025,04-04-2025,Home & Kitchen,6,20425.9,3404.32,1078.44,Yes,1,0.17,15,60,6,2,0.067,UPI,Android,Organic Search,None,Standard,0,3.5,Medium,No
CUST100957,Maya Narain,35,Female,Rajasthan,Udaipur,09-04-2026,15-08-2026,Mobile Accessories,4,2573.28,643.32,0,No,0,0,22,88,8,4,0.045,UPI,iPhone,Google Ads,None,Express,0,3.7,Medium,No
CUST100958,Sneha Magar,28,Male,West Bengal,Siliguri,27-02-2026,29-05-2026,Electronics,5,4507.3,901.46,787.69,Yes,1,0.2,18,108,12,4,0.167,UPI,Android,Google Ads,Silver,Standard,1,,Medium,No
CUST100959,Falan Jain,42,Female,Karnataka,Mysuru,09-09-2025,12-06-2026,Mobile Accessories,6,9250.25,1541.71,1165.36,Yes,1,0.17,23,69,12,4,0.087,Debit Card,Windows Laptop,Google Ads,Silver,Standard,0,2.9,Medium,No
CUST100960,Ikbal Dugal,31,Male,Kerala,Thiruvananthapuram,02-07-2025,18-07-2025,Fashion,5,3971.98,794.4,0,No,0,0,21,126,19,10,0.333,UPI,iPhone,Instagram,Gold,Express,1,2.7,Medium,Yes
CUST100961,Nitesh Sengupta,33,Male,Maharashtra,Mumbai,17-10-2024,17-11-2024,Grocery,8,20719.42,2589.93,5544.86,Yes,0,0,17,102,11,7,0.235,Cash on Delivery,iPhone,Email,Gold,Standard,0,3.6,High,No
CUST100962,Dipta Ray,31,Female,Uttar Pradesh,Lucknow,25-02-2025,18-02-2026,Fashion,7,4617.58,659.65,269.82,Yes,1,0.14,31,124,14,10,0.226,UPI,Android,Direct,None,Standard,0,3.9,Medium,No
CUST100963,Ishita Johal,18,Male,Delhi,Delhi,29-06-2024,25-07-2024,Electronics,6,7918.73,1319.79,599.55,Yes,0,0,21,63,8,5,0.095,Net Banking,Windows Laptop,Organic Search,None,Express,0,4.3,Medium,No
CUST100964,Darika Sheth,44,Male,Telangana,Hyderabad,16-10-2025,06-11-2025,Sports & Fitness,8,8765.25,1095.66,0,No,1,0.12,25,150,32,17,0.4,Credit Card,iPhone,Google Ads,Silver,Express,3,4.8,Medium,No
CUST100965,Jagdish Chana,35,Female,Tamil Nadu,Chennai,23-04-2024,08-01-2025,Fashion,9,14598.86,1622.1,3780.05,Yes,1,0.11,14,42,4,1,0.071,UPI,Android,Organic Search,Silver,Standard,0,3.1,Medium,Yes
CUST100966,Daksha Baria,34,Male,Telangana,Hyderabad,25-08-2024,12-02-2025,Grocery,4,3047.58,761.9,0,No,0,0,17,34,6,3,0.059,UPI,Windows Laptop,YouTube,Platinum,Express,0,4.8,Medium,Yes
CUST100967,Falak Divan,31,Male,Kerala,Kochi,03-04-2024,08-10-2024,Beauty & Personal Care,8,12059.38,1507.42,618.77,Yes,1,0.12,23,92,18,13,0.348,Debit Card,Android,Google Ads,None,Standard,1,3.9,Medium,No
CUST100968,Yuvraj Parekh,32,Male,Tamil Nadu,Madurai,16-09-2024,30-01-2026,Home & Kitchen,1,735,735,36.79,Yes,0,0,26,104,22,15,0.423,Wallet,Android,Instagram,Silver,Standard,1,4.6,Low,No
CUST100969,Yochana Bawa,26,Male,Uttar Pradesh,Lucknow,16-04-2024,05-02-2025,Home & Kitchen,6,5440.79,906.8,1881.64,Yes,0,0,17,34,5,2,0.059,UPI,Windows Laptop,Organic Search,None,Standard,2,4.6,Medium,Yes
CUST100970,Abha Ghosh,36,Male,Rajasthan,Jaipur,31-08-2024,20-07-2025,Grocery,5,6357.61,1271.52,1529.01,Yes,0,0,24,144,13,8,0.167,Debit Card,iPhone,Email,None,Standard,1,4.3,Medium,No
CUST100971,Nidhi Sethi,21,Female,Bihar,Muzaffarpur,26-02-2025,04-11-2025,Electronics,4,4269.56,1067.39,0,No,1,0.25,26,52,4,2,0.038,Debit Card,Android,Referral,None,Standard,0,4.4,Medium,Yes
CUST100972,Girindra Shere,32,Male,Jharkhand,Jamshedpur,30-11-2024,20-05-2025,Grocery,9,10324.81,1147.2,3764.77,Yes,0,0,17,34,4,2,0.059,Credit Card,iPhone,Organic Search,Silver,Standard,0,4.6,Medium,Yes
CUST100973,Logan Dara,35,Female,Kerala,Thiruvananthapuram,23-01-2024,14-10-2024,Books,7,8014.63,1144.95,0,No,0,0,16,64,8,4,0.125,UPI,MacBook,Organic Search,None,Express,0,5,Medium,Yes
CUST100974,David Kapadia,29,Male,Karnataka,Bengaluru,22-05-2026,15-08-2026,Electronics,6,14658.62,2443.1,0,No,0,0,25,125,25,13,0.28,UPI,Android,Organic Search,None,Standard,1,5,Medium,No
CUST100975,Rudra Rattan,34,Male,West Bengal,Durgapur,27-09-2024,14-09-2025,Electronics,5,8441.71,1688.34,3161.19,Yes,1,0.2,16,64,10,3,0.062,Wallet,Android,Instagram,None,Express,1,3.9,Medium,No
CUST100976,Frado Lad,23,Female,Delhi,Delhi,19-05-2024,11-01-2025,Grocery,5,6823.39,1364.68,2534.77,Yes,0,0,22,44,8,3,0.045,Credit Card,Windows Laptop,Email,None,Standard,0,5,Medium,Yes
CUST100977,Anthony Bhattacharyya,23,Female,Uttar Pradesh,Varanasi,10-04-2025,21-11-2025,Home & Kitchen,4,9424.81,2356.2,1515.3,Yes,0,0,12,48,7,2,0.083,UPI,Android,Referral,None,Same Day,1,4.1,Medium,Yes
CUST100978,Sachi Dave,33,Female,West Bengal,Durgapur,29-03-2025,15-03-2026,Home & Kitchen,1,667.78,667.78,0,No,1,1,17,85,9,6,0.235,Net Banking,Android,YouTube,Gold,Standard,1,4.5,Low,No
CUST100979,Garima Das,36,Female,Rajasthan,Jodhpur,18-01-2025,15-06-2025,Electronics,3,12088.11,4029.37,3714.45,Yes,0,0,19,38,4,2,0.053,UPI,Android,Email,Silver,Same Day,0,3.6,Medium,No
CUST100980,Triya Bedi,18,Male,Uttar Pradesh,Kanpur,16-08-2025,15-08-2026,Home & Kitchen,6,3078.75,513.12,1208.21,Yes,2,0.33,22,88,11,5,0.091,Debit Card,MacBook,Instagram,Silver,Standard,0,4.9,Medium,No
CUST100981,Rachita Rana,35,Male,Tamil Nadu,Chennai,11-01-2025,26-07-2026,Electronics,1,2986.23,2986.23,1186.82,Yes,1,1,29,174,14,5,0.069,UPI,Android,Referral,Gold,Express,0,4.5,Low,No
CUST100982,Ayushman Raja,27,Female,Madhya Pradesh,Indore,13-03-2025,26-09-2025,Home & Kitchen,6,2994.81,499.14,471.12,Yes,0,0,17,34,5,1,0.059,Debit Card,Windows Laptop,Email,None,Standard,0,5,Medium,Yes
CUST100983,Orinder Pandya,29,Male,Maharashtra,Pune,05-05-2026,15-08-2026,Grocery,7,9630.26,1375.75,3870.37,Yes,1,0.14,21,105,12,5,0.143,Debit Card,Android,YouTube,None,Standard,0,3.6,Medium,No
CUST100984,Rachit Maharaj,20,Male,Maharashtra,Mumbai,25-02-2025,15-08-2026,Fashion,7,7571.6,1081.66,0,No,0,0,23,92,7,3,0.043,Credit Card,Android,YouTube,None,Standard,2,2.2,Medium,No
CUST100985,Sanaya Dixit,24,Male,Kerala,Kozhikode,04-06-2024,10-07-2025,Home & Kitchen,7,19152.64,2736.09,1797.56,Yes,0,0,17,34,4,2,0.059,Credit Card,iPhone,YouTube,Gold,Express,1,5,Medium,No
CUST100986,Yatan Merchant,39,Female,Rajasthan,Jodhpur,30-11-2024,29-06-2025,Mobile Accessories,6,10354.71,1725.78,2894.13,Yes,0,0,26,104,17,8,0.231,Credit Card,Android,Direct,Gold,Standard,1,3.6,Medium,Yes
CUST100987,Nisha Srinivas,31,Male,Odisha,Bhubaneswar,14-06-2025,15-08-2026,Grocery,7,9014.61,1287.8,2024.55,Yes,0,0,26,78,7,3,0.077,Net Banking,MacBook,Instagram,None,Standard,1,4,Medium,Yes
CUST100988,Gagan Mammen,28,Male,Gujarat,Vadodara,03-08-2025,15-08-2026,Sports & Fitness,6,11050.85,1841.81,0,No,0,0,24,48,7,4,0.042,UPI,Android,Organic Search,None,Same Day,2,5,Medium,No
CUST100989,Laksh Saini,30,Male,Delhi,Delhi,11-05-2024,26-09-2025,Home & Kitchen,3,5286.94,1762.31,1754.9,Yes,0,0,18,36,7,2,0.056,Net Banking,MacBook,Direct,Silver,Standard,0,3.4,Low,No
CUST100990,Zaid Bahl,35,Female,Punjab,Amritsar,06-02-2026,15-08-2026,Grocery,6,10684.29,1780.72,1087.95,Yes,0,0,17,51,6,3,0.059,Credit Card,Windows Laptop,Organic Search,Silver,Standard,0,4.5,Medium,No
CUST100991,Jagrati Srinivasan,35,Male,Madhya Pradesh,Bhopal,21-12-2025,15-08-2026,Electronics,6,8139.97,1356.66,3076.73,Yes,0,0,18,72,15,6,0.111,UPI,Windows Laptop,Organic Search,Gold,Standard,1,5,Medium,No
CUST100992,Hemangini Thakkar,30,Male,Odisha,Bhubaneswar,15-05-2025,18-01-2026,Electronics,4,3149.12,787.28,190.96,Yes,0,0,19,114,21,13,0.474,Debit Card,Android,Organic Search,None,Standard,0,4.3,Medium,No
CUST100993,Lipika Madan,40,Female,Tamil Nadu,Madurai,05-06-2025,15-08-2026,Fashion,8,3723.2,465.4,1047.41,Yes,0,0,22,132,10,4,0.091,UPI,Android,Organic Search,Gold,Standard,3,5,Medium,No
CUST100994,Atharv Nagar,39,Female,Uttar Pradesh,Lucknow,19-05-2024,16-07-2025,Home & Kitchen,6,7480.06,1246.68,0,No,0,0,26,156,33,13,0.385,Credit Card,iPhone,Instagram,Gold,Standard,0,4.2,Medium,Yes
CUST100995,Ayushman Mand,34,Female,Telangana,Warangal,14-05-2024,28-02-2025,Sports & Fitness,6,8932.89,1488.81,2831.62,Yes,0,0,17,51,7,4,0.118,Debit Card,Android,Direct,Silver,Standard,1,4.8,Medium,Yes
CUST100996,Urmi Wagle,31,Female,Maharashtra,Mumbai,05-02-2026,15-08-2026,Fashion,11,8898.42,808.95,0,No,0,0,21,105,17,11,0.333,UPI,Android,Organic Search,None,Standard,1,4,Medium,No
CUST100997,Viraj Dutta,36,Male,Assam,Dibrugarh,22-03-2026,15-08-2026,Grocery,5,6115.76,1223.15,0,No,0,0,31,62,10,5,0.065,UPI,Android,Organic Search,Silver,Standard,1,3.6,Medium,No
CUST100998,Yug Khosla,34,Male,Maharashtra,Mumbai,10-02-2025,13-04-2026,Grocery,3,6671.35,2223.78,2634.71,Yes,2,0.67,14,70,9,3,0.071,Credit Card,Android,Google Ads,Silver,Express,2,4.3,Low,Yes
CUST100999,Daksh Kanda,39,Male,Jharkhand,Jamshedpur,08-02-2026,12-03-2026,Beauty & Personal Care,6,8370.82,1395.14,1545.7,Yes,0,0,25,50,7,3,0.04,Debit Card,MacBook,Google Ads,None,Standard,0,2.5,Medium,No
CUST101000,Isha Ghose,38,Female,Gujarat,Vadodara,03-04-2024,28-06-2024,Fashion,5,4751.52,950.3,0,No,0,0,17,85,12,6,0.176,UPI,Android,Direct,Platinum,Standard,0,3.4,Medium,Yes
CUST101001,Warjas Nadkarni,23,Male,Karnataka,Mangaluru,02-06-2026,15-08-2026,Beauty & Personal Care,5,13228.1,2645.62,2343.02,Yes,1,0.2,21,105,22,8,0.143,Debit Card,Android,Referral,Silver,Express,0,4,Medium,No
CUST101002,Ayaan Pandey,22,Female,Uttar Pradesh,Varanasi,28-08-2024,01-09-2025,Fashion,9,15272.44,1696.94,5215.8,Yes,0,0,20,60,6,2,0.05,Cash on Delivery,MacBook,Organic Search,Silver,Standard,0,4.4,High,Yes
CUST101003,Raghav Tailor,25,Other,Haryana,Faridabad,18-01-2026,02-07-2026,Electronics,6,8781.8,1463.63,1922.91,Yes,0,0,22,66,13,8,0.273,UPI,Windows Laptop,Google Ads,Silver,Standard,2,5,Medium,No
CUST101004,Parth Swaminathan,39,Male,Kerala,Kozhikode,13-06-2024,15-03-2025,Mobile Accessories,4,4639.1,1159.78,446.17,Yes,0,0,24,120,25,13,0.25,Wallet,Android,YouTube,Silver,Standard,0,3.9,Medium,Yes
CUST101005,Gautam Bhalla,18,Male,Madhya Pradesh,Bhopal,20-11-2024,22-02-2025,Electronics,5,2899.01,579.8,911.22,Yes,0,0,27,54,7,2,0.037,UPI,Android,Organic Search,None,Standard,0,3.6,Medium,Yes
CUST101006,Theodore Bahri,34,Male,Bihar,Patna,21-10-2025,18-02-2026,Electronics,8,11969.02,1496.13,651.43,Yes,0,0,19,76,8,5,0.158,Credit Card,Windows Laptop,Referral,Gold,Express,0,4.3,Medium,No
CUST101007,Aadi Narula,34,Male,Odisha,Cuttack,05-08-2024,24-01-2026,Books,7,11254.96,1607.85,1901.14,Yes,0,0,18,90,13,8,0.278,Net Banking,iPhone,Direct,None,Standard,0,3.6,Medium,No
CUST101008,Kalpit Oak,40,Male,Punjab,Chandigarh,11-09-2025,15-08-2026,Fashion,8,8587.94,1073.49,3545.59,Yes,1,0.12,14,42,3,1,0.071,UPI,Windows Laptop,Direct,Gold,Express,1,3,Medium,No
CUST101009,Ekiya Bhargava,32,Female,Delhi,New Delhi,18-08-2024,09-01-2025,Grocery,5,7065.83,1413.17,0,No,0,0,28,56,10,4,0.071,Debit Card,Android,Organic Search,None,Express,0,3.6,Medium,Yes
CUST101010,Manbir Dhar,20,Male,Rajasthan,Jodhpur,04-08-2025,05-02-2026,Fashion,9,17269.04,1918.78,4347.83,Yes,1,0.11,22,88,10,3,0.045,UPI,Android,Email,None,Standard,0,,High,No
CUST101011,Janya Bora,23,Male,Delhi,Delhi,02-01-2026,15-08-2026,Home & Kitchen,3,1955.05,651.68,0,No,0,0,33,165,20,12,0.242,Credit Card,Windows Laptop,Instagram,None,Same Day,0,4.6,Low,No
CUST101012,Meghana Chaudhuri,22,Male,Andhra Pradesh,Visakhapatnam,08-08-2025,24-09-2025,Fashion,4,7298.14,1824.54,3005.38,Yes,0,0,20,60,10,6,0.2,Debit Card,Android,Instagram,None,Standard,0,3.6,Medium,No
CUST101013,Chasmum Naidu,27,Female,Jharkhand,Ranchi,27-06-2024,29-12-2025,Fashion,4,4722.84,1180.71,0,No,0,0,24,144,22,14,0.25,Credit Card,Windows Laptop,YouTube,Silver,Same Day,0,4.6,Medium,Yes
CUST101014,Nakul Sarkar,30,Female,West Bengal,Kolkata,20-03-2024,17-10-2024,Home & Kitchen,4,10371.18,2592.8,1154.03,Yes,0,0,19,38,6,3,0.105,UPI,Android,Google Ads,Silver,Same Day,0,3.6,Medium,Yes
CUST101015,Edhitha Ghosh,22,Female,Odisha,Bhubaneswar,19-12-2024,17-02-2025,Grocery,4,9705.67,2426.42,4137.94,Yes,0,0,25,100,14,5,0.12,UPI,Windows Laptop,Referral,Silver,Standard,2,4.3,Medium,Yes
CUST101016,Udant Gill,43,Female,Assam,Guwahati,01-11-2025,15-08-2026,Home & Kitchen,6,7867.66,1311.28,0,No,1,0.17,27,81,11,5,0.148,Credit Card,Android,Google Ads,Gold,Standard,1,4.5,Medium,No
CUST101017,Damyanti Menon,20,Male,Karnataka,Mangaluru,17-05-2026,15-08-2026,Mobile Accessories,5,7369.26,1473.85,1534.78,Yes,2,0.4,25,150,18,8,0.16,UPI,Windows Laptop,Referral,None,Standard,0,3.6,Medium,No
CUST101018,Peter Agarwal,42,Male,Uttar Pradesh,Noida,11-11-2025,15-08-2026,Electronics,4,4633.06,1158.27,0,No,0,0,16,80,9,6,0.25,UPI,iPhone,Direct,None,Express,0,3.4,Medium,No
CUST101019,Bachittar Gopal,40,Male,Assam,Dibrugarh,05-04-2026,15-08-2026,Home & Kitchen,6,4912.43,818.74,0,No,0,0,22,44,9,4,0.091,Cash on Delivery,Android,Organic Search,None,Standard,1,4.6,Medium,No
CUST101020,Timothy Chawla,38,Male,West Bengal,Siliguri,09-06-2024,25-06-2025,Beauty & Personal Care,3,5417.07,1805.69,685.65,Yes,0,0,28,112,15,8,0.143,Credit Card,Android,Instagram,None,Same Day,0,3.5,Low,Yes
CUST101021,Lohit Narula,25,Female,Odisha,Bhubaneswar,02-03-2025,21-03-2025,Books,7,10558.48,1508.35,0,No,0,0,22,66,9,5,0.136,UPI,Windows Laptop,Organic Search,None,Standard,0,3.1,Medium,No
CUST101022,Wazir Palan,34,Male,Tamil Nadu,Madurai,06-02-2025,16-11-2025,Electronics,6,6033.37,1005.56,563.82,Yes,0,0,27,135,18,10,0.259,Debit Card,Android,Instagram,Gold,Express,1,3.5,Medium,No
CUST101023,Oliver Chakrabarti,21,Male,Assam,Guwahati,01-02-2024,11-04-2025,Beauty & Personal Care,4,2060.6,515.15,209.7,Yes,0,0,20,60,10,6,0.2,Credit Card,Android,Instagram,Silver,Same Day,0,3.6,Medium,No
CUST101024,Sanya Apte,38,Female,Andhra Pradesh,Vijayawada,30-04-2024,25-04-2025,Sports & Fitness,5,9678.86,1935.77,1242.51,Yes,0,0,15,90,9,5,0.133,UPI,Android,Referral,Silver,Express,0,4.8,Medium,Yes
CUST101025,Shaurya Krish,30,Female,Jharkhand,Ranchi,27-12-2025,20-03-2026,Fashion,2,2584.93,1292.46,0,No,0,0,21,105,9,4,0.095,Debit Card,Android,Google Ads,Gold,Standard,1,,Low,No
CUST101026,Inaya Kunda,28,Female,Rajasthan,Jaipur,29-05-2025,05-06-2026,Books,4,6510.04,1627.51,817.85,Yes,0,0,25,75,16,8,0.24,Net Banking,Windows Laptop,Direct,None,Standard,0,5,Medium,Yes
CUST101027,Aarav Bava,21,Male,Haryana,Gurugram,19-01-2025,23-02-2026,Electronics,4,2946.14,736.54,0,No,0,0,25,50,7,2,0.04,Cash on Delivery,iPhone,Google Ads,Gold,Standard,1,3.5,Medium,No
CUST101028,Raksha Saini,18,Female,Punjab,Chandigarh,09-01-2026,15-08-2026,Grocery,8,9811.95,1226.49,1501.84,Yes,0,0,15,30,4,2,0.067,Wallet,Android,YouTube,None,Standard,0,4.3,Medium,No
CUST101029,Odika Tailor,23,Female,Tamil Nadu,Madurai,28-02-2025,08-07-2026,Mobile Accessories,5,5944.59,1188.92,0,No,1,0.2,27,108,15,8,0.222,UPI,Android,Google Ads,Silver,Express,2,4.7,Medium,Yes
CUST101030,Indali Prashad,40,Male,Punjab,Chandigarh,20-04-2025,30-10-2025,Grocery,5,6701.69,1340.34,0,No,2,0.4,23,46,4,2,0.043,Credit Card,Android,Organic Search,None,Standard,1,3.9,Medium,Yes
CUST101031,Varenya Kar,28,Female,West Bengal,Howrah,13-07-2025,09-04-2026,Home & Kitchen,2,6209,3104.5,2185.08,Yes,0,0,26,52,9,3,0.038,UPI,iPhone,Referral,None,Standard,0,3.4,Low,No
CUST101032,Siya Borah,30,Female,Uttar Pradesh,Kanpur,15-06-2024,22-08-2025,Electronics,8,11482.13,1435.27,0,No,1,0.12,22,88,14,8,0.136,Wallet,Android,Instagram,None,Standard,,5,Medium,Yes
CUST101033,Chaitaly Bahri,36,Male,Delhi,New Delhi,23-01-2025,05-09-2025,Books,5,2381.39,476.28,347.7,Yes,1,0.2,22,110,10,4,0.136,UPI,Android,YouTube,None,Standard,1,3.9,Medium,Yes
CUST101034,Advika Cheema,45,Male,Maharashtra,Mumbai,28-11-2024,19-07-2026,Home & Kitchen,4,3902.13,975.53,612.37,Yes,1,0.25,22,66,10,5,0.136,Wallet,Android,YouTube,None,Standard,0,3.8,Medium,Yes
CUST101035,Hema Garde,42,Male,Maharashtra,Nagpur,06-06-2025,22-06-2026,Electronics,6,2862.26,477.04,0,No,0,0,20,100,11,5,0.1,Credit Card,Windows Laptop,Instagram,Gold,Standard,3,5,Medium,No
CUST101036,Naveen Borde,23,Male,Odisha,Cuttack,19-01-2026,15-08-2026,Grocery,7,18336,2619.43,0,No,0,0,17,51,8,3,0.118,Cash on Delivery,Tablet,Google Ads,Gold,Standard,0,3.8,Medium,No
CUST101037,Hamsini Subramanian,18,Female,Tamil Nadu,Madurai,28-02-2026,15-08-2026,Home & Kitchen,2,3165.94,1582.97,256.08,Yes,0,0,24,48,8,3,0.042,Wallet,Windows Laptop,Organic Search,Silver,Same Day,1,2.6,Low,No
CUST101038,Raagini Gala,50,Male,Kerala,Kozhikode,22-01-2026,15-08-2026,Electronics,4,5312.95,1328.24,640.44,Yes,1,0.25,20,120,14,5,0.1,UPI,Android,Organic Search,Platinum,Standard,3,5,Medium,No
CUST101039,Naksh Bera,49,Female,West Bengal,Durgapur,15-04-2025,15-08-2026,Fashion,6,4049.02,674.84,732.63,Yes,0,0,22,88,8,5,0.136,Cash on Delivery,iPhone,Instagram,Gold,Express,1,3.3,Medium,No
CUST101040,Garima Jha,33,Female,Tamil Nadu,Coimbatore,04-12-2025,09-06-2026,Electronics,4,5660.76,1415.19,0,No,1,0.25,21,105,20,8,0.143,Net Banking,Android,Google Ads,Silver,Express,0,5,Medium,No
CUST101041,Nimrat Zachariah,21,Female,Uttar Pradesh,Noida,07-06-2025,28-10-2025,Beauty & Personal Care,3,8306.71,2768.9,0,No,2,0.67,17,51,8,4,0.176,Credit Card,Android,YouTube,None,Standard,2,4.2,Medium,No
CUST101042,Baghyawati Mishra,39,Male,Madhya Pradesh,Bhopal,22-02-2024,10-03-2024,Beauty & Personal Care,6,10523.03,1753.84,1231.28,Yes,1,0.17,19,114,18,7,0.263,Debit Card,Android,Email,None,Standard,1,4.1,Medium,Yes
CUST101043,Gopal Bawa,30,Male,Tamil Nadu,Chennai,20-07-2025,12-10-2025,Home & Kitchen,4,6292.06,1573.02,2258.5,Yes,0,0,22,66,10,6,0.182,Credit Card,Android,Instagram,Silver,Same Day,2,3.2,Medium,No
CUST101044,Vritti Dube,30,Male,Bihar,Gaya,31-03-2026,05-06-2026,Sports & Fitness,8,27578.23,3447.28,0,No,0,0,15,60,10,6,0.133,Credit Card,Android,Instagram,None,Standard,1,4.5,High,Yes
CUST101045,Jalsa Aggarwal,38,Male,Haryana,Gurugram,21-01-2024,16-04-2025,Sports & Fitness,3,9524.57,3174.86,3491.86,Yes,1,0.33,19,95,10,5,0.105,UPI,Android,Direct,None,Standard,0,3.4,Medium,Yes
CUST101046,Gagan Menon,34,Male,Bihar,Patna,19-01-2024,14-02-2025,Beauty & Personal Care,2,3351.71,1675.86,848.9,Yes,1,0.5,23,92,12,7,0.174,Debit Card,Windows Laptop,Google Ads,Gold,Standard,1,4.5,Low,Yes
CUST101047,Ryan Chatterjee,22,Female,Delhi,Delhi,05-05-2026,15-08-2026,Electronics,6,10767.41,1794.57,3802.42,Yes,0,0,18,90,9,5,0.167,UPI,Windows Laptop,Organic Search,None,Express,0,4.2,Medium,No
CUST101048,Samuel Garde,28,Male,West Bengal,Siliguri,11-05-2026,15-08-2026,Grocery,5,18928.38,3785.68,0,No,0,0,27,108,9,5,0.074,UPI,Windows Laptop,Direct,Gold,Standard,0,5,Medium,No
CUST101049,Finn Solanki,36,Female,Haryana,Faridabad,31-03-2025,15-08-2026,Home & Kitchen,6,4007.62,667.94,1644.82,Yes,0,0,11,55,11,4,0.182,Credit Card,iPhone,Organic Search,Silver,Express,1,3.5,Medium,No
CUST101050,Darika Rao,35,Male,West Bengal,Siliguri,17-11-2024,27-07-2026,Beauty & Personal Care,3,5939.29,1979.76,0,No,1,0.33,24,48,4,2,0.042,Credit Card,Android,YouTube,None,Standard,0,3.2,Low,No
CUST101051,Vrinda Lanka,33,Female,Haryana,Gurugram,06-04-2026,15-07-2026,Beauty & Personal Care,3,2034.76,678.25,0,No,1,0.33,23,115,9,5,0.087,Debit Card,MacBook,Direct,Silver,Standard,0,3.7,Low,No
CUST101052,Lila Goyal,38,Female,Uttar Pradesh,Kanpur,08-03-2025,15-08-2026,Fashion,5,4642.52,928.5,535.6,Yes,0,0,28,56,7,3,0.036,Credit Card,MacBook,Referral,Silver,Express,1,4.3,Medium,Yes
CUST101053,Lakshmi Pingle,28,Male,Jharkhand,Jamshedpur,28-02-2024,17-05-2025,Books,6,14459.95,2409.99,5828.2,Yes,0,0,20,120,14,7,0.25,UPI,iPhone,Email,Silver,Standard,0,5,Medium,Yes
CUST101054,Sanaya Basu,32,Female,Madhya Pradesh,Bhopal,30-05-2024,26-07-2024,Electronics,7,6063.9,866.27,0,No,0,0,25,125,10,6,0.12,UPI,MacBook,Instagram,Silver,Express,0,3.8,Medium,Yes
CUST101055,Ria Shroff,18,Female,Andhra Pradesh,Vijayawada,09-02-2026,15-08-2026,Grocery,5,11374.86,2274.97,2650.05,Yes,1,0.2,24,72,13,7,0.125,Credit Card,Android,Instagram,Silver,Standard,2,4,Medium,No
CUST101056,Upkaar Luthra,27,Female,Telangana,Warangal,15-03-2025,07-05-2026,Electronics,5,5635.37,1127.07,0,No,0,0,21,105,10,4,0.048,Credit Card,iPhone,Organic Search,Platinum,Standard,3,4.2,Medium,No
CUST101057,Matthew Chatterjee,37,Female,Madhya Pradesh,Bhopal,02-06-2026,15-08-2026,Books,5,13925.44,2785.09,4170.9,Yes,1,0.2,22,110,10,5,0.091,UPI,Windows Laptop,Referral,None,Standard,3,3.5,Medium,No
CUST101058,Hemangini Sachdev,28,Male,Gujarat,Ahmedabad,27-02-2024,10-09-2024,Electronics,5,16743.47,3348.69,3790.28,Yes,2,0.4,22,132,12,6,0.136,Debit Card,iPhone,Referral,None,Standard,0,3.2,Medium,No
CUST101059,Darsh Ram,27,Male,Rajasthan,Jaipur,28-12-2025,29-06-2026,Electronics,3,2734.25,911.42,0,No,0,0,24,72,12,7,0.167,UPI,Windows Laptop,Instagram,None,Express,0,4,Low,No
CUST101060,Vaishnavi Keer,23,Male,Bihar,Muzaffarpur,27-07-2025,01-03-2026,Fashion,6,13122.46,2187.08,5179.19,Yes,0,0,28,56,5,3,0.071,UPI,iPhone,Direct,Gold,Same Day,2,,Medium,Yes
CUST101061,Chandani Brar,39,Female,Haryana,Faridabad,19-10-2025,15-08-2026,Fashion,6,16871.52,2811.92,0,No,0,0,19,95,15,7,0.158,UPI,Android,Organic Search,Silver,Standard,0,3.9,Medium,No
CUST101062,Bakhshi Thakkar,35,Other,Andhra Pradesh,Vijayawada,12-06-2026,15-08-2026,Fashion,3,3684.53,1228.18,544.05,Yes,0,0,21,105,11,5,0.143,Credit Card,Windows Laptop,Organic Search,Gold,Standard,0,4.7,Low,No
CUST101063,Jai Sen,38,Female,Madhya Pradesh,Indore,20-01-2026,15-08-2026,Beauty & Personal Care,5,10671.88,2134.38,0,No,0,0,23,69,13,7,0.174,Net Banking,Windows Laptop,Organic Search,Gold,Express,0,3,Medium,No
CUST101064,Oliver Kakar,18,Male,Gujarat,Vadodara,19-10-2024,14-10-2025,Home & Kitchen,4,2594.92,648.73,366.47,Yes,2,0.5,19,114,12,7,0.263,Cash on Delivery,iPhone,Direct,None,Express,3,4,Medium,Yes
CUST101065,Jonathan Basak,30,Female,Gujarat,Surat,30-06-2024,09-03-2026,Electronics,2,8102.21,4051.1,3340.23,Yes,0,0,13,39,5,2,0.077,UPI,iPhone,Organic Search,Silver,Express,1,2.6,Medium,No
CUST101066,Farhan Saran,29,Female,Kerala,Kochi,30-05-2026,15-08-2026,Fashion,6,5654.02,942.34,0,No,0,0,27,81,12,4,0.074,UPI,Windows Laptop,Organic Search,None,Standard,2,4.3,Medium,No
CUST101067,Manbir Kuruvilla,29,Male,Delhi,Delhi,29-08-2025,20-05-2026,Sports & Fitness,2,1991.41,995.7,164.78,Yes,0,0,13,52,10,7,0.308,UPI,Windows Laptop,Email,Silver,Standard,1,3.4,Low,No
CUST101068,Ekalinga Chahal,26,Male,Maharashtra,Pune,18-03-2024,01-10-2024,Grocery,4,4497.02,1124.26,0,No,0,0,34,68,7,2,0.029,Cash on Delivery,Android,Referral,None,Express,2,4.7,Medium,Yes
CUST101069,Mekhala Nanda,28,Male,Telangana,Hyderabad,15-10-2025,15-08-2026,Grocery,7,10855.51,1550.79,0,No,0,0,23,138,23,16,0.522,Cash on Delivery,Windows Laptop,Organic Search,None,Standard,2,1.9,Medium,No
CUST101070,Zinal Shanker,38,Female,Tamil Nadu,Chennai,14-04-2024,02-02-2025,Grocery,6,10919.88,1819.98,,Yes,1,0.17,26,130,10,7,0.154,Wallet,Windows Laptop,Referral,Silver,Standard,0,4.8,Medium,Yes
CUST101071,Oni Chowdhury,18,Female,Tamil Nadu,Chennai,17-09-2024,29-12-2024,Fashion,4,7218.58,1804.64,0,No,0,0,22,132,24,10,0.318,Credit Card,Android,Google Ads,None,Standard,2,3.1,Medium,No
CUST101072,Mason Divan,45,Male,Delhi,Delhi,29-08-2025,15-08-2026,Electronics,4,3408.47,852.12,498.7,Yes,1,0.25,19,114,17,11,0.316,UPI,Android,Organic Search,Gold,Express,1,3.7,Medium,No
CUST101073,Hitesh Chaudhuri,35,Male,West Bengal,Siliguri,10-08-2024,05-06-2025,Fashion,2,1440.54,720.27,0,No,0,0,15,45,9,4,0.133,Net Banking,Android,Organic Search,Silver,Standard,2,3.4,Low,Yes
CUST101074,Hemangini Roy,31,Female,West Bengal,Durgapur,28-04-2025,19-09-2025,Sports & Fitness,7,23449.96,3349.99,0,No,0,0,26,130,24,12,0.192,UPI,Android,Organic Search,Gold,Express,0,4.6,Medium,Yes
CUST101075,Leela Sunder,38,Female,Andhra Pradesh,Vijayawada,02-12-2025,15-08-2026,Mobile Accessories,6,14101.31,2350.22,1650.5,Yes,0,0,15,75,10,4,0.133,Cash on Delivery,Android,Email,None,Same Day,1,4.3,Medium,No
CUST101076,Baljiwan Gera,19,Female,Gujarat,Surat,08-05-2024,27-11-2024,Home & Kitchen,5,3106.13,621.23,712.65,Yes,0,0,23,92,12,6,0.174,Credit Card,Windows Laptop,Google Ads,Gold,Standard,1,4.7,Medium,Yes
CUST101077,Neha Dhawan,26,Female,Telangana,Warangal,14-11-2024,27-02-2025,Electronics,5,7721.55,1544.31,0,No,0,0,14,70,5,3,0.143,Wallet,Android,Google Ads,None,Standard,0,4.4,Medium,Yes
CUST101078,Balvan Randhawa,30,Male,Odisha,Bhubaneswar,07-12-2025,15-08-2026,Electronics,5,8786.91,1757.38,0,No,0,0,26,104,20,10,0.308,UPI,Windows Laptop,Email,Silver,Standard,0,3.8,Medium,No
CUST101079,Wazir Bawa,42,Female,Karnataka,Mysuru,23-05-2025,18-11-2025,Fashion,7,26873.29,3839.04,5723.68,Yes,0,0,20,60,11,4,0.1,Credit Card,Android,YouTube,Gold,Standard,0,3.4,Medium,Yes
CUST101080,Amruta Pradhan,31,Male,Jharkhand,Ranchi,20-01-2024,04-08-2025,Beauty & Personal Care,5,5826.16,1165.23,643.29,Yes,1,0.2,17,34,5,2,0.059,UPI,iPhone,Direct,Gold,Standard,0,4.5,Medium,Yes
CUST101081,Geetika Mitter,35,Female,Madhya Pradesh,Indore,21-03-2026,15-08-2026,Electronics,4,10249.53,2562.38,3488.95,Yes,0,0,24,144,19,13,0.333,Debit Card,iPhone,Organic Search,Silver,Standard,,4.5,Medium,No
CUST101082,Avni Swamy,26,Male,Maharashtra,Nashik,21-01-2026,15-08-2026,Mobile Accessories,8,16812.96,2101.62,0,No,1,0.12,28,168,32,21,0.536,UPI,iPhone,Organic Search,Silver,Standard,1,3.6,High,No
CUST101083,Vedant Desai,35,Female,Gujarat,Ahmedabad,22-08-2024,24-11-2024,Fashion,6,6350.05,1058.34,1754.93,Yes,0,0,17,85,14,5,0.118,UPI,Windows Laptop,Direct,Gold,Same Day,1,3.4,Medium,Yes
CUST101084,Saanvi Nagi,44,Male,Haryana,Faridabad,19-08-2025,18-02-2026,Books,5,5110.65,1022.13,1482.38,Yes,0,0,28,140,14,7,0.107,Debit Card,Android,Direct,Silver,Standard,2,4.3,Medium,No
CUST101085,Omaja Chakraborty,39,Female,Jharkhand,Ranchi,28-08-2025,15-08-2026,Grocery,10,9180.28,918.03,2498.69,Yes,0,0,20,120,13,7,0.15,UPI,Android,Google Ads,Gold,Express,1,5,Medium,No
CUST101086,Riya Kakar,30,Male,Gujarat,Vadodara,07-07-2025,22-10-2025,Grocery,4,5473.68,1368.42,0,No,0,0,24,48,7,3,0.042,Wallet,Android,Organic Search,Silver,Standard,1,4.1,Medium,No
CUST101087,Vedhika Varty,36,Male,Uttar Pradesh,Varanasi,25-05-2026,15-08-2026,Beauty & Personal Care,2,1316.92,658.46,438.94,Yes,0,0,18,36,6,3,0.056,UPI,Windows Laptop,Organic Search,None,Express,1,3.9,Low,No
CUST101088,Daksh Varma,36,Female,Karnataka,Mangaluru,15-12-2024,12-01-2026,Beauty & Personal Care,3,3524.83,1174.94,0,No,1,0.33,17,34,3,1,0.059,Credit Card,Android,Organic Search,Gold,Standard,0,3.9,Low,No
CUST101089,Dominic Mukhopadhyay,35,Male,Andhra Pradesh,Visakhapatnam,28-03-2025,06-11-2025,Beauty & Personal Care,7,6862.98,980.43,1451.34,Yes,0,0,17,85,16,8,0.353,UPI,Windows Laptop,Referral,None,Standard,0,3.1,Medium,No
CUST101090,Krishna Viswanathan,40,Female,Delhi,New Delhi,08-08-2025,04-03-2026,Beauty & Personal Care,3,1192.68,397.56,84.5,Yes,0,0,19,95,14,6,0.158,UPI,Windows Laptop,Google Ads,Gold,Standard,0,4.9,Low,No
CUST101091,Oscar Hans,40,Female,Jharkhand,Jamshedpur,26-05-2026,15-08-2026,Beauty & Personal Care,6,10801.09,1800.18,1971.26,Yes,0,0,28,56,6,3,0.036,Net Banking,Android,Google Ads,None,Express,1,3.9,Medium,No
CUST101092,Dalbir Krish,30,Male,Bihar,Muzaffarpur,23-05-2025,08-02-2026,Mobile Accessories,4,6734.1,1683.52,1286.07,Yes,0,0,18,108,17,6,0.167,Net Banking,Android,Google Ads,None,Express,0,3.5,Medium,No
CUST101093,Tanmayi Bedi,36,Female,Uttar Pradesh,Kanpur,18-09-2025,15-08-2026,Grocery,6,4208.85,701.48,0,No,0,0,14,56,11,7,0.214,UPI,iPhone,Organic Search,None,Express,0,2.9,Medium,No
CUST101094,Rushil Mahal,28,Female,Rajasthan,Jaipur,26-02-2025,03-06-2026,Grocery,1,1290.39,1290.39,0,No,0,0,24,144,12,7,0.167,UPI,Windows Laptop,Organic Search,None,Express,0,4.6,Low,No
CUST101095,Ucchal Tiwari,24,Female,Delhi,Delhi,08-07-2024,25-12-2025,Books,5,2883.02,576.6,0,No,0,0,23,92,10,7,0.174,UPI,Android,Instagram,None,Standard,1,4.7,Medium,Yes
CUST101096,Jatin Balasubramanian,29,Female,Karnataka,Mysuru,04-05-2024,09-09-2025,Fashion,4,5425.69,1356.42,0,No,2,0.5,18,36,5,3,0.056,Cash on Delivery,Android,Organic Search,Gold,Standard,0,4.2,Medium,No
CUST101097,Kashish Suresh,30,Male,Delhi,New Delhi,06-01-2024,23-10-2024,Electronics,6,14903.67,2483.95,3952.48,Yes,1,0.17,22,110,8,3,0.091,Credit Card,Android,Instagram,Silver,Standard,1,4.5,Medium,Yes
CUST101098,Peter Som,18,Male,Karnataka,Mysuru,02-04-2025,23-08-2025,Home & Kitchen,5,5193.79,1038.76,0,No,0,0,17,34,3,1,0.059,Cash on Delivery,Android,Instagram,Gold,Same Day,0,4,Medium,Yes
CUST101099,Hemangini Gade,38,Female,Madhya Pradesh,Bhopal,09-06-2026,15-08-2026,Home & Kitchen,3,3553.09,1184.36,491.79,Yes,0,0,18,54,6,3,0.056,Cash on Delivery,Android,Google Ads,None,Standard,0,3.3,Low,No
CUST101100,Gautam Mane,18,Male,Telangana,Warangal,07-07-2025,15-08-2026,Sports & Fitness,5,21181.35,4236.27,0,No,0,0,23,115,23,15,0.391,Cash on Delivery,Android,Organic Search,Gold,Standard,0,5,Medium,No
CUST101101,Libni Bawa,53,Male,West Bengal,Siliguri,23-07-2025,15-08-2026,Home & Kitchen,3,2636.61,878.87,598.88,Yes,1,0.33,25,100,15,7,0.16,Credit Card,iPhone,Referral,Silver,Express,0,4.7,Low,No
CUST101102,Tanish Kant,43,Male,Andhra Pradesh,Visakhapatnam,05-06-2025,14-06-2026,Beauty & Personal Care,6,4467.69,744.61,1514.59,Yes,0,0,18,90,15,11,0.278,UPI,Windows Laptop,YouTube,Platinum,Standard,1,3.5,Medium,No
CUST101103,Samuel Luthra,29,Male,Haryana,Faridabad,29-03-2024,04-04-2025,Home & Kitchen,8,10318.47,1289.81,3649.95,Yes,0,0,23,46,3,1,0.043,Debit Card,MacBook,Referral,Gold,Express,1,4.7,Medium,Yes
CUST101104,Yochana Bahri,31,Female,Jharkhand,Jamshedpur,25-04-2026,15-08-2026,Electronics,4,20157.82,5039.46,0,No,0,0,19,76,10,5,0.105,UPI,Windows Laptop,Instagram,None,Standard,0,4.9,Medium,No
CUST101105,Urvi Deo,33,Female,Andhra Pradesh,Visakhapatnam,20-04-2024,23-10-2024,Beauty & Personal Care,6,9638.39,1606.4,0,No,0,0,17,51,7,3,0.059,Cash on Delivery,Windows Laptop,Instagram,Gold,Standard,1,,Medium,Yes
CUST101106,Abhiram Kapur,26,Other,Karnataka,Mangaluru,04-07-2025,14-10-2025,Sports & Fitness,5,4075.72,815.14,988.67,Yes,0,0,14,84,16,6,0.143,UPI,Windows Laptop,Organic Search,Gold,Standard,2,3.8,Medium,No
CUST101107,Dalaja Maharaj,33,Female,Gujarat,Ahmedabad,31-01-2025,29-06-2026,Electronics,6,12309.25,2051.54,0,No,0,0,30,90,9,5,0.067,Debit Card,MacBook,Google Ads,Gold,Standard,0,4.4,Medium,No
CUST101108,Krisha Palla,30,Male,Kerala,Kochi,09-11-2025,14-02-2026,Beauty & Personal Care,4,8663.76,2165.94,0,No,1,0.25,18,108,9,3,0.056,UPI,Android,Instagram,Silver,Same Day,0,4.2,Medium,No
CUST101109,Zayyan Kamdar,30,Male,Odisha,Bhubaneswar,11-01-2024,25-06-2025,Beauty & Personal Care,6,10489.32,1748.22,2520.83,Yes,0,0,17,85,16,10,0.353,Cash on Delivery,Windows Laptop,Organic Search,Gold,Express,0,3.7,Medium,No
CUST101110,Chasmum Verma,32,Male,Maharashtra,Nashik,13-09-2025,15-08-2026,Electronics,4,8183.64,2045.91,0,No,0,0,16,32,3,1,0.062,UPI,Android,Referral,None,Standard,1,5,Medium,No
CUST101111,Harsh Amble,20,Female,Punjab,Amritsar,11-05-2025,12-04-2026,Electronics,3,7867.25,2622.42,2280.55,Yes,0,0,22,44,7,4,0.091,Wallet,Tablet,Direct,None,Same Day,1,4.7,Medium,No
CUST101112,Barkha Misra,31,Male,Delhi,New Delhi,16-01-2024,09-05-2025,Mobile Accessories,4,4162.81,1040.7,0,No,0,0,20,120,11,7,0.25,Credit Card,Windows Laptop,Direct,Silver,Same Day,0,4.3,Medium,Yes
CUST101113,Vasatika Bhatt,32,Male,Delhi,Delhi,02-02-2024,25-09-2025,Home & Kitchen,3,4196.49,1398.83,1796.27,Yes,1,0.33,26,52,9,4,0.115,UPI,Android,Email,None,Standard,1,3.9,Low,No
CUST101114,Aradhana Nair,32,Female,Uttar Pradesh,Kanpur,14-01-2026,15-08-2026,Fashion,5,10765.25,2153.05,1997.34,Yes,1,0.2,20,100,13,4,0.1,UPI,iPhone,Email,Silver,Standard,0,5,Medium,No
CUST101115,Advika Misra,29,Female,Uttar Pradesh,Noida,03-05-2025,05-10-2025,Electronics,7,2569.11,367.02,0,No,1,0.14,19,57,11,7,0.211,Wallet,iPhone,Organic Search,None,Express,2,3.7,Medium,Yes
CUST101116,Mason Varughese,40,Male,Uttar Pradesh,Kanpur,06-07-2024,17-03-2026,Grocery,5,1729.85,345.97,640.91,Yes,1,0.2,19,95,10,6,0.211,UPI,Windows Laptop,Google Ads,Gold,Standard,2,4.5,Medium,Yes
CUST101117,Dakshesh Raval,28,Male,Maharashtra,Mumbai,05-01-2026,15-08-2026,Beauty & Personal Care,2,1912.85,956.42,451.64,Yes,0,0,13,65,5,3,0.077,Debit Card,iPhone,Referral,None,Standard,0,3.7,Low,No
CUST101118,Logan Bal,33,Female,Haryana,Faridabad,24-07-2025,15-08-2026,Beauty & Personal Care,6,5962.87,993.81,0,No,2,0.33,20,60,9,3,0.05,UPI,Android,Organic Search,Gold,Express,0,5,Medium,No
CUST101119,Chakrika Lad,41,Female,Delhi,Delhi,02-04-2025,15-08-2026,Electronics,6,13616.21,2269.37,5418.5,Yes,0,0,17,68,14,7,0.235,UPI,iPhone,Organic Search,None,Express,1,3.8,Medium,No
CUST101120,Nidhi Rama,30,Male,Maharashtra,Nashik,20-02-2024,19-07-2024,Books,1,1126.26,1126.26,0,No,0,0,20,80,8,5,0.15,Credit Card,Android,YouTube,None,Standard,1,3.9,Low,Yes
CUST101121,Ranveer Oza,33,Male,Haryana,Faridabad,27-09-2024,06-09-2025,Home & Kitchen,2,5254.56,2627.28,1690.66,Yes,0,0,22,132,25,9,0.227,UPI,Windows Laptop,Instagram,None,Same Day,1,4,Low,Yes
CUST101122,Vamakshi Parmer,30,Female,Jharkhand,Jamshedpur,08-04-2025,22-05-2026,Fashion,6,8605.39,1434.23,3216.02,Yes,0,0,28,168,21,11,0.286,Credit Card,Android,Referral,None,Standard,1,3.5,Medium,Yes
CUST101123,Onkar Golla,41,Female,Haryana,Faridabad,12-02-2024,31-07-2024,Home & Kitchen,6,5272.77,878.8,2178.46,Yes,0,0,26,104,9,6,0.154,Debit Card,Android,Google Ads,None,Standard,0,5,Medium,No
CUST101124,Gunbir Sinha,29,Female,Madhya Pradesh,Indore,22-06-2025,14-08-2025,Home & Kitchen,5,15098.18,3019.64,0,No,0,0,25,100,16,9,0.24,UPI,Android,Organic Search,Silver,Standard,0,4.6,Medium,No
CUST101125,Aarna Goswami,41,Female,Bihar,Gaya,21-07-2025,13-05-2026,Sports & Fitness,1,1296.51,1296.51,0,No,0,0,20,100,15,7,0.25,UPI,Android,Email,Gold,Standard,4,4.2,Low,No
CUST101126,Gaurav Kapadia,30,Female,Uttar Pradesh,Lucknow,30-04-2024,03-11-2025,Books,3,2243.72,747.91,978.56,Yes,0,0,22,44,8,5,0.136,Credit Card,Tablet,Email,None,Standard,1,,Low,Yes
CUST101127,Udant Mohanty,24,Male,Maharashtra,Mumbai,16-09-2025,15-08-2026,Fashion,6,10322.83,1720.47,0,No,0,0,22,132,12,6,0.091,UPI,MacBook,Instagram,None,Same Day,0,4.5,Medium,Yes
CUST101128,Garima Prabhu,36,Male,Gujarat,Ahmedabad,11-11-2024,10-01-2025,Sports & Fitness,5,10702.87,2140.57,3162.6,Yes,0,0,23,46,7,4,0.087,Debit Card,iPhone,Direct,Gold,Express,1,3.3,Medium,Yes
CUST101129,Chaitaly Sheth,29,Female,Telangana,Hyderabad,24-04-2024,07-01-2025,Grocery,11,6914.95,628.63,475.52,Yes,1,0.09,21,63,10,5,0.143,Debit Card,Windows Laptop,Organic Search,None,Standard,1,3.2,Medium,Yes
CUST101130,Upma Bera,36,Female,Delhi,Delhi,12-09-2025,15-08-2026,Mobile Accessories,2,3047.82,1523.91,356.99,Yes,0,0,25,100,21,9,0.2,UPI,Android,Google Ads,None,Express,1,3.6,Low,No
CUST101131,Urmi Hayer,18,Female,Kerala,Thiruvananthapuram,29-03-2025,06-07-2026,Fashion,2,3203.66,1601.83,0,No,0,0,22,110,13,9,0.227,UPI,Android,Organic Search,Gold,Standard,0,4.7,Low,No
CUST101132,Lakshmi Wagle,31,Male,Rajasthan,Jodhpur,17-11-2025,15-08-2026,Beauty & Personal Care,7,3858.47,551.21,1196.29,Yes,0,0,18,54,4,2,0.056,UPI,Android,Organic Search,None,Standard,2,4.7,Medium,Yes
CUST101133,Odika Bhagat,27,Female,Maharashtra,Mumbai,15-09-2025,15-08-2026,Fashion,5,13604.71,2720.94,0,No,1,0.2,18,108,14,6,0.222,Net Banking,Android,Referral,Silver,Express,1,,Medium,No
CUST101134,Laksh Iyer,22,Male,Delhi,Delhi,03-09-2025,02-11-2025,Sports & Fitness,4,3690.74,922.68,0,No,0,0,24,120,17,7,0.125,UPI,Android,YouTube,Silver,Standard,1,4,Medium,No
CUST101135,Nimrat Shankar,27,Female,Odisha,Cuttack,03-06-2025,15-08-2026,Electronics,4,2853.28,713.32,0,No,1,0.25,21,63,8,5,0.095,Net Banking,Android,Instagram,Silver,Express,2,4.1,Medium,No
CUST101136,Diya Gole,26,Male,Maharashtra,Nashik,08-10-2025,20-07-2026,Beauty & Personal Care,5,4812.03,962.41,564.85,Yes,0,0,21,63,10,5,0.143,UPI,Android,Direct,None,Standard,0,4.6,Medium,No
CUST101137,Vinaya Natarajan,31,Female,Punjab,Ludhiana,01-02-2026,15-08-2026,Fashion,3,6209.01,2069.67,0,No,0,0,25,50,5,3,0.04,UPI,Windows Laptop,Instagram,None,Standard,0,2.7,Low,Yes
CUST101138,Dhriti Bhardwaj,20,Female,Rajasthan,Jodhpur,02-12-2024,11-08-2025,Fashion,5,9870.87,1974.17,2714.88,Yes,0,0,28,112,11,4,0.107,Net Banking,Android,Instagram,Silver,Standard,1,4.4,Medium,No
CUST101139,Siya Mahal,34,Male,Rajasthan,Jaipur,27-08-2024,24-02-2025,Beauty & Personal Care,7,19969.22,2852.75,0,No,0,0,23,115,16,6,0.087,Debit Card,Android,Referral,None,Standard,1,4.6,Medium,No
CUST101140,Om Dutt,42,Male,Uttar Pradesh,Noida,03-01-2026,15-08-2026,Sports & Fitness,4,3215.21,803.8,0,No,0,0,17,85,15,5,0.118,UPI,iPhone,Organic Search,None,Express,1,4.6,Medium,No
CUST101141,Gaurang Dayal,33,Female,Punjab,Chandigarh,20-01-2025,15-08-2026,Beauty & Personal Care,4,5916.38,1479.1,0,No,0,0,17,85,17,8,0.235,Credit Card,Android,Google Ads,None,Standard,2,4.3,Medium,No
CUST101142,Pushti Raval,37,Female,Telangana,Hyderabad,24-05-2024,25-12-2024,Sports & Fitness,7,12286.28,1755.18,4859.27,Yes,0,0,22,66,11,6,0.136,UPI,Android,Email,Platinum,Standard,3,4.5,Medium,Yes
CUST101143,Vansha Rajagopal,40,Male,Odisha,Bhubaneswar,11-01-2025,14-09-2025,Fashion,8,14003.23,1750.4,1915.79,Yes,0,0,17,68,9,4,0.176,UPI,Windows Laptop,Organic Search,Platinum,Standard,2,5,Medium,Yes
CUST101144,Baljiwan Walla,41,Male,Uttar Pradesh,Varanasi,04-01-2024,08-04-2025,Home & Kitchen,6,4353.18,725.53,0,No,0,0,20,100,18,10,0.2,Credit Card,Android,Email,Gold,Standard,0,3.6,Medium,Yes
CUST101145,Kashvi Atwal,46,Male,Delhi,New Delhi,04-03-2026,15-08-2026,Home & Kitchen,2,2795.08,1397.54,0,No,0,0,18,54,5,1,0.056,Net Banking,Android,YouTube,None,Standard,0,4.1,Low,No
CUST101146,Rayaan Badami,27,Female,Haryana,Faridabad,25-04-2026,15-08-2026,Electronics,9,14575.29,1619.48,0,No,1,0.11,29,116,21,15,0.345,UPI,Android,Email,Silver,Standard,0,4,Medium,No
CUST101147,Yuvraj Kara,25,Male,Madhya Pradesh,Bhopal,23-11-2024,10-12-2025,Beauty & Personal Care,2,1767.39,883.7,404.61,Yes,0,0,17,51,7,3,0.059,Debit Card,Windows Laptop,Organic Search,Platinum,Express,1,4.9,Low,No
CUST101148,Devika Dayal,37,Male,Bihar,Gaya,15-07-2024,24-10-2024,Grocery,8,11959.94,1494.99,2273.05,Yes,0,0,17,85,10,7,0.294,UPI,Android,Referral,Silver,Standard,0,3.9,Medium,No
CUST101149,Leela Thakur,37,Female,Punjab,Chandigarh,23-01-2025,21-07-2026,Beauty & Personal Care,5,8068.75,1613.75,1223.03,Yes,1,0.2,28,56,9,5,0.071,Credit Card,iPhone,Email,Silver,Standard,0,3.5,Medium,No
CUST101150,Oliver Bhattacharyya,37,Female,Haryana,Faridabad,01-10-2025,08-12-2025,Grocery,2,1322.66,661.33,92.45,Yes,0,0,25,125,17,9,0.2,UPI,Android,Organic Search,None,Standard,0,,Low,No
CUST101151,Chanchal Mannan,46,Male,Kerala,Kochi,17-09-2024,12-11-2024,Beauty & Personal Care,3,5143.2,1714.4,624.21,Yes,0,0,24,144,24,9,0.25,UPI,iPhone,Referral,Gold,Standard,0,3,Low,No
CUST101152,Zinal Viswanathan,31,Other,Punjab,Ludhiana,25-08-2025,15-08-2026,Electronics,7,10361.85,1480.26,0,No,1,0.14,19,114,19,7,0.263,Debit Card,MacBook,Instagram,Gold,Standard,0,4,Medium,Yes
CUST101153,Radha Desai,34,Female,Odisha,Bhubaneswar,16-04-2026,15-08-2026,Electronics,6,3332.35,555.39,0,No,0,0,23,46,6,3,0.087,UPI,Android,Organic Search,None,Standard,2,4,Medium,No
CUST101154,Vrishti Parmer,23,Male,Odisha,Bhubaneswar,09-02-2026,15-08-2026,Beauty & Personal Care,9,11995.69,1332.85,5293.45,Yes,0,0,19,95,20,9,0.263,Debit Card,Windows Laptop,YouTube,None,Standard,1,3.2,Medium,No
CUST101155,Nitesh Raval,48,Male,Bihar,Patna,03-04-2024,05-09-2024,Fashion,8,11693.02,1461.63,0,No,0,0,20,100,14,5,0.15,Net Banking,MacBook,Organic Search,Silver,Standard,0,3.7,Medium,Yes
CUST101156,Vedant Kapur,28,Female,Kerala,Kozhikode,13-09-2024,12-07-2025,Electronics,5,3887.16,777.43,0,No,1,0.2,24,96,20,8,0.25,UPI,Android,Direct,None,Same Day,0,3.8,Medium,No
CUST101157,Siddharth Bains,29,Male,Karnataka,Mangaluru,15-05-2024,16-04-2025,Home & Kitchen,6,9473.86,1578.98,2317.83,Yes,1,0.17,19,114,12,6,0.263,Net Banking,Android,Direct,Platinum,Standard,1,4.7,Medium,Yes
CUST101158,Jatin Peri,28,Male,Haryana,Faridabad,08-06-2025,15-08-2026,Beauty & Personal Care,5,4781.02,956.2,0,No,1,0.2,22,44,4,1,0.045,Debit Card,Android,Organic Search,None,Standard,1,3.5,Medium,No
CUST101159,Keya Kumer,26,Male,Haryana,Gurugram,10-12-2025,15-08-2026,Fashion,3,6901.14,2300.38,0,No,0,0,22,88,14,9,0.227,Cash on Delivery,Tablet,Organic Search,Platinum,Standard,0,3.3,Low,No
CUST101160,Chanakya Chokshi,25,Female,West Bengal,Siliguri,12-05-2025,09-11-2025,Grocery,4,7192.2,1798.05,872.8,Yes,0,0,22,66,10,3,0.091,Cash on Delivery,iPhone,Instagram,None,Standard,0,3.9,Medium,No
CUST101161,Chanakya D’Alia,27,Female,Punjab,Ludhiana,26-06-2024,27-01-2026,Beauty & Personal Care,5,19007.95,3801.59,5434.55,Yes,0,0,18,54,8,2,0.056,UPI,Tablet,YouTube,Silver,Express,1,4.6,Medium,Yes
CUST101162,Sachi Rai,20,Female,Maharashtra,Nagpur,21-04-2024,11-08-2025,Fashion,7,4353.53,621.93,1137.32,Yes,0,0,24,96,21,15,0.417,Debit Card,Android,YouTube,Platinum,Standard,0,4,Medium,No
CUST101163,Zayyan Som,25,Male,Tamil Nadu,Chennai,20-09-2024,03-01-2026,Grocery,6,8468.96,1411.49,3623.15,Yes,1,0.17,16,32,2,1,0.062,Credit Card,Windows Laptop,Referral,None,Express,2,4.4,Medium,Yes
CUST101164,Samesh Andra,47,Female,Kerala,Kozhikode,17-02-2025,15-05-2025,Beauty & Personal Care,7,7874.29,1124.9,0,No,1,0.14,23,92,13,9,0.304,Wallet,Android,Organic Search,Gold,Standard,2,3.6,Medium,Yes
CUST101165,Osha Chaudhuri,37,Female,Karnataka,Mangaluru,03-01-2025,14-10-2025,Beauty & Personal Care,4,8014.23,2003.56,2880.09,Yes,0,0,23,46,5,3,0.043,Credit Card,iPhone,Google Ads,Silver,Standard,0,4.3,Medium,Yes
CUST101166,Laksh Sahota,38,Male,Punjab,Ludhiana,13-08-2025,03-04-2026,Beauty & Personal Care,6,15667.67,2611.28,0,No,0,0,27,135,18,13,0.259,Debit Card,MacBook,Instagram,None,Standard,0,4.5,Medium,Yes
CUST101167,Yasti Dalal,40,Female,Punjab,Ludhiana,12-01-2025,27-07-2026,Electronics,3,1695.43,565.14,0,No,1,0.33,18,54,11,6,0.222,Wallet,Android,Organic Search,None,Standard,2,3.5,Low,No
CUST101168,Ishaan Cherian,46,Male,Rajasthan,Jodhpur,06-02-2026,15-08-2026,Grocery,8,15475.32,1934.42,0,No,0,0,23,69,13,7,0.217,UPI,Android,Email,Silver,Standard,2,3.6,High,No
CUST101169,Rushil Iyengar,18,Female,West Bengal,Durgapur,08-08-2025,08-11-2025,Fashion,3,5305.15,1768.38,1660.5,Yes,2,0.67,22,88,9,4,0.136,Cash on Delivery,Android,Email,Gold,Standard,0,,Low,No
CUST101170,Saksham Parmar,21,Male,Tamil Nadu,Coimbatore,17-01-2025,05-12-2025,Mobile Accessories,6,4471.68,745.28,0,No,1,0.17,20,120,21,15,0.4,UPI,Android,Referral,None,Standard,1,4.4,Medium,Yes
CUST101171,Chakrika Dyal,25,Female,Bihar,Patna,03-11-2025,15-08-2026,Sports & Fitness,7,18328.79,2618.4,0,No,0,0,9,36,5,3,0.111,Credit Card,Android,Google Ads,Platinum,Express,0,3.6,Medium,No
CUST101172,Watika Johal,27,Female,Andhra Pradesh,Visakhapatnam,25-05-2025,03-08-2026,Beauty & Personal Care,6,7870.21,1311.7,1625.28,Yes,0,0,23,115,15,9,0.174,Debit Card,Android,YouTube,Gold,Standard,0,3.9,Medium,No
CUST101173,Ganga Keer,29,Other,Bihar,Gaya,13-12-2025,15-08-2026,Fashion,4,3564.37,891.09,0,No,1,0.25,23,92,11,5,0.087,UPI,Android,Organic Search,Silver,Express,1,4,Medium,No
CUST101174,Agastya Chakraborty,27,Male,Delhi,Delhi,30-05-2026,15-08-2026,Fashion,6,9003.31,1500.55,0,No,2,0.33,23,46,7,3,0.043,Credit Card,Android,YouTube,Silver,Standard,0,4.4,Medium,No
CUST101175,Wakeeta Dixit,33,Male,Bihar,Gaya,30-03-2026,15-08-2026,Fashion,5,11460.27,2292.05,2525.47,Yes,2,0.4,24,120,17,9,0.208,Credit Card,Android,Organic Search,Silver,Express,0,3.7,Medium,Yes
CUST101176,Yasti Borde,31,Male,Uttar Pradesh,Lucknow,11-01-2025,15-08-2026,Home & Kitchen,4,5382.65,1345.66,0,No,0,0,21,63,9,3,0.048,UPI,Android,Organic Search,None,Standard,1,4,Medium,No
CUST101177,Aahana Kashyap,25,Female,Madhya Pradesh,Indore,28-06-2025,15-08-2026,Fashion,2,2395.8,1197.9,365.52,Yes,0,0,17,34,6,3,0.059,Debit Card,Android,Google Ads,Silver,Express,0,5,Low,No
CUST101178,Chaman Lalla,18,Female,Maharashtra,Mumbai,13-03-2024,04-05-2024,Home & Kitchen,4,3649.26,912.32,1631.63,Yes,0,0,29,116,24,13,0.241,Debit Card,Android,YouTube,None,Standard,1,5,Medium,Yes
CUST101179,Chandresh Chaudhry,23,Male,Madhya Pradesh,Indore,18-05-2025,01-08-2026,Electronics,8,8000.56,1000.07,1453.64,Yes,2,0.25,22,132,18,11,0.364,UPI,Android,Organic Search,None,Express,0,4.5,Medium,Yes
CUST101180,Balveer Mannan,27,Male,Uttar Pradesh,Lucknow,17-12-2024,15-08-2026,Mobile Accessories,4,8661.18,2165.3,0,No,0,0,23,138,19,10,0.304,UPI,iPhone,Organic Search,Gold,Standard,1,5,Medium,Yes
CUST101181,Dhriti Sandhu,29,Female,Andhra Pradesh,Visakhapatnam,15-03-2026,15-08-2026,Electronics,6,12050.62,2008.44,2157.32,Yes,0,0,23,46,9,4,0.087,Wallet,MacBook,Instagram,Silver,Standard,0,4.3,Medium,No
CUST101182,Girish Bath,22,Female,Tamil Nadu,Coimbatore,10-12-2025,15-08-2026,Mobile Accessories,4,4675.28,1168.82,1834.52,Yes,1,0.25,18,72,7,2,0.056,UPI,Android,Referral,Gold,Standard,0,4,Medium,No
CUST101183,Lakshit Garde,27,Male,Bihar,Gaya,20-11-2024,04-01-2025,Books,3,15495.11,5165.04,2720.5,Yes,0,0,22,132,25,15,0.364,UPI,Android,Google Ads,None,Standard,1,4.6,Medium,Yes
CUST101184,Ishita Sarma,22,Male,Jharkhand,Jamshedpur,22-01-2025,29-08-2025,Home & Kitchen,7,7913.89,1130.56,0,No,0,0,16,32,4,2,0.062,Cash on Delivery,Windows Laptop,Direct,Silver,Same Day,1,3.7,Medium,Yes
CUST101185,Girik Pradhan,30,Male,Maharashtra,Mumbai,07-04-2026,15-08-2026,Grocery,8,10560.53,1320.07,4479.02,Yes,0,0,11,66,9,6,0.455,Cash on Delivery,Tablet,Direct,Gold,Standard,1,3.4,Medium,No
CUST101186,Qadim Comar,22,Female,Jharkhand,Jamshedpur,27-08-2024,20-10-2024,Home & Kitchen,4,3816.59,954.15,0,No,1,0.25,21,42,5,2,0.048,Wallet,Android,Referral,None,Express,0,3.5,Medium,Yes
CUST101187,Mugdha Shan,24,Female,Odisha,Bhubaneswar,14-03-2024,25-05-2025,Beauty & Personal Care,7,9743.56,1391.94,0,No,0,0,18,36,3,1,0.056,Net Banking,Android,Email,Silver,Standard,0,3.4,Medium,Yes
CUST101188,Lekha Sridhar,21,Female,West Bengal,Durgapur,31-01-2024,20-07-2024,Fashion,9,13648.45,1516.49,1211.15,Yes,0,0,21,84,15,8,0.19,UPI,Android,YouTube,Gold,Standard,0,4.3,Medium,Yes
CUST101189,Ojas Chowdhury,30,Male,Tamil Nadu,Coimbatore,23-04-2025,22-10-2025,Fashion,4,6935.97,1733.99,1568.55,Yes,0,0,21,126,25,16,0.571,Debit Card,Android,YouTube,Platinum,Express,0,4.2,Medium,No
CUST101190,Daniel Dutta,24,Female,Odisha,Bhubaneswar,14-01-2024,19-04-2024,Beauty & Personal Care,2,2682.27,1341.14,246,Yes,1,0.5,16,32,4,2,0.062,UPI,Windows Laptop,Organic Search,Gold,Standard,0,2.5,Low,Yes
CUST101191,Omaja Subramanian,38,Male,West Bengal,Siliguri,17-12-2025,15-08-2026,Home & Kitchen,5,8038.37,1607.67,1861.07,Yes,1,0.2,21,63,6,4,0.143,Cash on Delivery,Android,Instagram,Silver,Standard,1,3.9,Medium,No
CUST101192,Pratyush Raghavan,34,Male,Uttar Pradesh,Noida,11-11-2024,07-03-2025,Beauty & Personal Care,6,3058.56,509.76,0,No,0,0,17,34,4,1,0.059,Credit Card,Windows Laptop,Instagram,None,Standard,1,4.7,Medium,Yes
CUST101193,Ayush De,30,Other,Telangana,Hyderabad,08-03-2024,19-06-2024,Fashion,9,8501.86,944.65,3069.12,Yes,1,0.11,17,34,3,1,0.059,Credit Card,Windows Laptop,YouTube,Platinum,Same Day,0,5,Medium,Yes
CUST101194,Vinaya Chowdhury,25,Male,Bihar,Gaya,01-10-2025,15-08-2026,Fashion,4,4342.56,1085.64,0,No,0,0,14,70,13,5,0.214,Credit Card,Android,Organic Search,None,Standard,2,4.8,Medium,No
CUST101195,Ridhi Batra,34,Male,West Bengal,Siliguri,21-06-2025,11-05-2026,Electronics,5,6119.51,1223.9,0,No,0,0,27,54,8,4,0.111,UPI,iPhone,Google Ads,Silver,Standard,0,3.1,Medium,Yes
CUST101196,Advika Murthy,37,Other,Haryana,Faridabad,26-11-2025,15-08-2026,Electronics,3,1510.98,503.66,136.15,Yes,0,0,14,56,12,7,0.357,Debit Card,Windows Laptop,Direct,None,Standard,2,4.3,Low,No
CUST101197,Udarsh Nigam,32,Male,Andhra Pradesh,Vijayawada,10-10-2025,15-08-2026,Fashion,4,7521.66,1880.42,0,No,0,0,22,88,16,7,0.227,UPI,Android,Direct,Platinum,Standard,4,4,Medium,Yes
CUST101198,Rachita Kothari,44,Female,Andhra Pradesh,Visakhapatnam,17-10-2024,08-04-2025,Electronics,5,2610.17,522.03,0,No,0,0,21,42,7,4,0.095,UPI,Android,Instagram,Silver,Standard,0,5,Medium,Yes
CUST101199,Hiral Rajan,35,Female,Kerala,Thiruvananthapuram,09-09-2025,15-01-2026,Electronics,4,3199.44,799.86,777,Yes,0,0,23,92,13,8,0.217,UPI,Windows Laptop,Instagram,Gold,Same Day,0,3.2,Medium,Yes
CUST101200,Chatura Apte,38,Female,Maharashtra,Nashik,24-01-2024,27-07-2025,Sports & Fitness,8,12367.47,1545.93,2911.12,Yes,1,0.12,24,48,6,3,0.083,Credit Card,Tablet,Email,None,Standard,3,4.4,Medium,No
CUST101201,Yashasvi Singh,32,Male,Kerala,Thiruvananthapuram,18-02-2025,14-08-2025,Electronics,6,26206.59,4367.77,4089.86,Yes,0,0,20,80,9,6,0.15,Credit Card,Windows Laptop,Google Ads,Gold,Standard,1,5,Medium,Yes
CUST101202,Noah Borde,36,Male,West Bengal,Kolkata,30-04-2026,15-08-2026,Grocery,6,8874.51,1479.08,0,No,1,0.17,15,45,9,3,0.133,Debit Card,Android,YouTube,Silver,Same Day,1,,Medium,No
CUST101203,Ekani Khosla,25,Male,West Bengal,Howrah,06-12-2025,13-02-2026,Fashion,8,14026,1753.25,1981.75,Yes,0,0,17,34,3,1,0.059,UPI,Android,Direct,Gold,Standard,0,3.9,Medium,No
CUST101204,Arunima Bedi,27,Male,Tamil Nadu,Madurai,11-11-2025,15-08-2026,Books,7,3717.34,531.05,1006.5,Yes,0,0,16,32,3,2,0.062,UPI,iPhone,Organic Search,None,Standard,1,3.3,Medium,No
CUST101205,Kritika Rau,34,Female,Rajasthan,Jaipur,05-02-2024,23-03-2024,Home & Kitchen,6,5350.38,891.73,0,No,1,0.17,18,54,7,2,0.056,UPI,MacBook,Referral,Silver,Standard,2,4.6,Medium,Yes
CUST101206,Farhan Sharaf,34,Male,Madhya Pradesh,Indore,10-04-2024,03-11-2025,Fashion,11,10147.77,922.52,2259.51,Yes,0,0,16,64,9,6,0.25,Credit Card,Android,Direct,Gold,Standard,2,4.3,Medium,Yes
CUST101207,Sara Chakrabarti,35,Male,Odisha,Bhubaneswar,29-06-2025,25-01-2026,Home & Kitchen,7,6813.47,973.35,432.09,Yes,0,0,23,92,9,6,0.174,Credit Card,Android,Organic Search,Platinum,Standard,0,4.7,Medium,Yes
CUST101208,Sanya Mutti,40,Female,Gujarat,Vadodara,07-06-2026,15-08-2026,Home & Kitchen,4,9010.87,2252.72,2961.81,Yes,2,0.5,18,108,13,7,0.222,Cash on Delivery,iPhone,Organic Search,Silver,Express,0,3.5,Medium,No
CUST101209,Widisha Badami,20,Female,Tamil Nadu,Chennai,08-02-2024,05-10-2025,Beauty & Personal Care,3,3156.91,1052.3,173.86,Yes,1,0.33,21,63,7,2,0.048,Net Banking,iPhone,Referral,Silver,Standard,1,3.9,Low,No
CUST101210,Netra Sachar,23,Female,Andhra Pradesh,Visakhapatnam,29-07-2024,12-11-2024,Electronics,5,9832.86,1966.57,3718.97,Yes,0,0,18,54,9,4,0.111,Credit Card,MacBook,Instagram,Silver,Standard,1,3.9,Medium,Yes
CUST101211,Aadi Chand,33,Male,Gujarat,Ahmedabad,11-01-2026,15-08-2026,Mobile Accessories,3,2318.32,772.77,362.95,Yes,1,0.33,14,70,10,3,0.071,Cash on Delivery,Android,Organic Search,None,Standard,0,4.3,Low,No
CUST101212,Yashoda Jhaveri,25,Female,Gujarat,Surat,01-03-2026,15-08-2026,Home & Kitchen,11,14183.29,1289.39,1389.99,Yes,0,0,22,88,16,7,0.182,Credit Card,Android,Instagram,None,Same Day,1,4.3,Medium,No
CUST101213,Harita Patla,58,Female,Karnataka,Bengaluru,14-08-2025,10-06-2026,Fashion,2,757.02,378.51,164.13,Yes,0,0,27,54,5,1,0.037,Wallet,Android,Direct,Gold,Standard,1,3.2,Low,No
CUST101214,Udant Sha,35,Male,Madhya Pradesh,Indore,19-01-2026,15-08-2026,Grocery,6,7890.62,1315.1,2160.01,Yes,0,0,17,51,6,2,0.059,UPI,Windows Laptop,Instagram,None,Standard,0,4.2,Medium,No
CUST101215,Urvashi Patla,30,Male,Odisha,Bhubaneswar,20-06-2024,14-10-2024,Fashion,7,10218.94,1459.85,1779.58,Yes,0,0,20,100,12,7,0.15,UPI,Android,Direct,Silver,Standard,1,2.8,Medium,Yes
CUST101216,Ishaan Chatterjee,27,Male,Delhi,Delhi,17-04-2026,15-08-2026,Sports & Fitness,5,5310.32,1062.06,524.2,Yes,0,0,19,76,10,7,0.211,UPI,Android,YouTube,Gold,Standard,1,4.5,Medium,No
CUST101217,Aarnav Om,27,Female,Maharashtra,Nagpur,17-03-2025,22-12-2025,Home & Kitchen,6,27482.58,4580.43,0,No,2,0.33,19,38,5,3,0.105,UPI,Android,Organic Search,Gold,Standard,0,3,Medium,No
CUST101218,Bishakha Vig,31,Male,Odisha,Bhubaneswar,28-02-2024,18-02-2025,Grocery,4,4779.46,1194.86,1584.51,Yes,1,0.25,21,105,12,6,0.143,UPI,Android,Email,None,Standard,2,4.5,Medium,Yes
CUST101219,Hitesh Bath,32,Female,Bihar,Gaya,13-02-2025,15-08-2026,Electronics,9,2486.01,276.22,1005.78,Yes,0,0,15,45,8,3,0.067,UPI,iPhone,Google Ads,Gold,Standard,0,3.6,Medium,Yes
CUST101220,Waida Dey,27,Female,Tamil Nadu,Chennai,17-06-2025,15-08-2026,Sports & Fitness,7,5379.86,768.55,0,No,0,0,23,46,9,6,0.087,UPI,Android,YouTube,Silver,Standard,2,4.5,Medium,No
CUST101221,Hredhaan Kumar,29,Female,Jharkhand,Jamshedpur,30-12-2024,20-06-2026,Grocery,4,4958.36,1239.59,705.34,Yes,0,0,14,28,5,2,0.071,Credit Card,Android,Google Ads,None,Express,1,4.8,Medium,No
CUST101222,Raghav Dara,42,Male,Maharashtra,Mumbai,01-01-2025,31-01-2025,Fashion,1,1446.04,1446.04,84,Yes,1,1,18,108,19,6,0.222,Cash on Delivery,iPhone,Instagram,None,Standard,0,3.4,Low,Yes
CUST101223,Tanveer Shankar,42,Male,Gujarat,Ahmedabad,09-12-2024,07-07-2026,Electronics,10,8098.4,809.84,0,No,0,0,23,115,18,8,0.261,UPI,Windows Laptop,Organic Search,None,Standard,1,,Medium,No
CUST101224,Hamsini Chokshi,33,Male,Jharkhand,Jamshedpur,19-01-2026,15-08-2026,Fashion,8,6271,783.88,1429.13,Yes,0,0,15,30,3,1,0.067,Debit Card,iPhone,YouTube,Silver,Standard,1,3.4,Medium,No
CUST101225,Chakradhar Dasgupta,20,Male,Gujarat,Vadodara,22-10-2024,30-11-2025,Mobile Accessories,5,13062.55,2612.51,5487.29,Yes,0,0,26,78,16,8,0.231,UPI,Android,Google Ads,Silver,Standard,0,4.2,Medium,No
CUST101226,Tanvi Thaman,35,Female,Bihar,Gaya,06-12-2024,08-06-2025,Fashion,2,5041.39,2520.7,1196.02,Yes,1,0.5,23,46,7,4,0.043,Credit Card,iPhone,Google Ads,Silver,Express,0,3.5,Low,Yes
CUST101227,Wishi Agrawal,43,Male,Gujarat,Vadodara,28-08-2025,08-01-2026,Home & Kitchen,6,13236.66,2206.11,5226.8,Yes,0,0,17,102,20,12,0.412,Credit Card,Android,Organic Search,None,Standard,0,2.9,Medium,No
CUST101228,Rachita Subramanian,42,Male,Tamil Nadu,Madurai,25-01-2026,22-03-2026,Electronics,7,7651.06,1093.01,3295.33,Yes,0,0,17,102,14,8,0.353,UPI,Android,Google Ads,Platinum,Standard,2,4.3,Medium,No
CUST101229,Oscar Dave,37,Male,Andhra Pradesh,Visakhapatnam,06-06-2025,30-06-2025,Home & Kitchen,2,3785.03,1892.52,696.68,Yes,0,0,17,34,4,2,0.059,Net Banking,Android,Email,None,Standard,0,4.8,Low,No
CUST101230,Lila Nagy,42,Male,Gujarat,Vadodara,20-09-2025,15-08-2026,Beauty & Personal Care,6,1953.4,325.57,598.3,Yes,0,0,21,84,7,4,0.048,UPI,Android,Direct,None,Standard,0,3.8,Medium,No
CUST101231,Omya Kothari,31,Female,Haryana,Faridabad,21-09-2024,16-01-2026,Mobile Accessories,6,5340.73,890.12,0,No,0,0,24,48,6,2,0.042,Credit Card,Tablet,Instagram,None,Standard,1,4.6,Medium,No
CUST101232,Mitali Oza,36,Female,Delhi,New Delhi,07-06-2025,09-08-2025,Home & Kitchen,6,7005.45,1167.58,410.26,Yes,2,0.33,23,138,18,8,0.217,Credit Card,Android,Referral,Silver,Express,2,3.4,Medium,No
CUST101233,Sneha Deol,26,Female,Karnataka,Mangaluru,27-10-2025,05-06-2026,Sports & Fitness,3,3924.84,1308.28,884.23,Yes,0,0,20,120,17,10,0.25,Cash on Delivery,Windows Laptop,Direct,Silver,Express,0,4.5,Low,No
CUST101234,Nitara Vala,33,Male,West Bengal,Kolkata,07-02-2024,19-07-2025,Beauty & Personal Care,3,4232.99,1411,1659.89,Yes,0,0,25,75,10,5,0.08,UPI,Windows Laptop,Google Ads,Silver,Same Day,1,2,Low,No
CUST101235,Dipta Kalla,42,Female,Bihar,Gaya,10-05-2024,25-12-2025,Electronics,6,8487.46,1414.58,3637,Yes,1,0.17,19,57,11,6,0.105,Debit Card,iPhone,Organic Search,None,Express,0,5,Medium,Yes
CUST101236,Shaurya Mannan,26,Female,Telangana,Hyderabad,16-01-2025,28-08-2025,Fashion,8,6710.34,838.79,2749.15,Yes,0,0,20,80,12,5,0.1,Cash on Delivery,iPhone,Organic Search,None,Standard,1,3.7,Medium,No
CUST101237,Kevin Gokhale,24,Male,Haryana,Gurugram,12-08-2024,12-01-2025,Beauty & Personal Care,6,5442.73,907.12,0,No,0,0,23,69,13,6,0.13,UPI,Android,Direct,None,Standard,1,3.3,Medium,No
CUST101238,Jack Pandey,32,Male,Rajasthan,Udaipur,22-05-2024,12-07-2024,Mobile Accessories,4,6492.87,1623.22,0,No,0,0,15,30,2,1,0.067,Debit Card,Android,Google Ads,Platinum,Standard,1,3.7,Medium,Yes
CUST101239,Omisha Walla,29,Female,Andhra Pradesh,Vijayawada,06-03-2025,24-10-2025,Sports & Fitness,5,8165.42,1633.08,1168.63,Yes,0,0,18,36,5,1,0.056,Credit Card,MacBook,Instagram,Silver,Express,0,5,Medium,No
CUST101240,Pahal Arya,36,Female,Karnataka,Mangaluru,23-01-2025,08-05-2026,Fashion,7,21261.66,3037.38,5956.52,Yes,0,0,13,78,12,6,0.231,Wallet,iPhone,Direct,None,Express,0,4.4,Medium,No
CUST101241,Aryan Raj,27,Female,Haryana,Faridabad,23-02-2024,02-08-2025,Fashion,4,6292.2,1573.05,0,No,2,0.5,16,32,3,1,0.062,Wallet,Android,Instagram,None,Standard,1,4,Medium,Yes
CUST101242,Chatresh Bhalla,45,Male,Madhya Pradesh,Indore,24-01-2024,11-11-2024,Fashion,5,17567.53,3513.51,0,No,0,0,22,132,15,5,0.182,Debit Card,Windows Laptop,Google Ads,Gold,Express,0,5,Medium,No
CUST101243,Amara Dyal,21,Male,Madhya Pradesh,Indore,29-01-2025,11-08-2025,Books,11,6171.9,561.08,2216.42,Yes,0,0,26,52,7,2,0.038,Credit Card,Android,Direct,None,Express,0,4.6,Medium,No
CUST101244,Zashil Dhingra,41,Female,Punjab,Chandigarh,24-09-2025,15-08-2026,Sports & Fitness,5,10481.03,2096.21,0,No,0,0,23,46,7,2,0.043,UPI,iPhone,Organic Search,None,Express,0,4.3,Medium,No
CUST101245,Chakrika Jani,25,Female,Madhya Pradesh,Indore,28-04-2024,19-09-2024,Grocery,3,7106.04,2368.68,0,No,2,0.67,22,44,9,4,0.091,UPI,Android,Referral,Platinum,Standard,3,4.9,Medium,Yes
CUST101246,Jagrati Sethi,18,Male,Bihar,Gaya,03-11-2025,15-08-2026,Home & Kitchen,10,19561.58,1956.16,3086.74,Yes,0,0,23,46,4,2,0.043,Credit Card,iPhone,Instagram,None,Standard,1,5,High,No
CUST101247,Udarsh Ramachandran,33,Female,Maharashtra,Nagpur,08-08-2025,15-08-2026,Home & Kitchen,8,5634.75,704.34,0,No,0,0,23,69,8,3,0.043,Credit Card,iPhone,Email,Gold,Standard,2,3.7,Medium,No
CUST101248,Yasti Mani,29,Male,West Bengal,Siliguri,03-07-2024,05-04-2026,Home & Kitchen,5,8222.79,1644.56,0,No,1,0.2,23,69,7,4,0.087,Credit Card,iPhone,Instagram,Gold,Standard,0,3.3,Medium,No
CUST101249,Lakshmi Ram,22,Female,Assam,Dibrugarh,10-07-2024,28-07-2024,Fashion,5,6171.09,1234.22,0,No,0,0,20,120,22,12,0.4,Cash on Delivery,Android,Email,None,Standard,2,3.4,Medium,No
CUST101250,Dhriti Bhagat,18,Female,Bihar,Muzaffarpur,01-01-2026,15-08-2026,Home & Kitchen,6,9308.38,1551.4,677.26,Yes,0,0,14,70,7,4,0.071,Cash on Delivery,Android,Instagram,Platinum,Standard,2,4.1,Medium,No
CUST101251,Zayan Jain,31,Female,Madhya Pradesh,Indore,01-05-2025,15-08-2026,Electronics,5,6981.58,1396.32,0,No,1,0.2,26,52,10,3,0.038,UPI,Android,Organic Search,Platinum,Standard,1,4,Medium,No
CUST101252,Umang Pillai,39,Male,Rajasthan,Jodhpur,24-09-2025,30-12-2025,Electronics,3,2992.57,997.52,267.8,Yes,0,0,24,144,30,11,0.25,Credit Card,Windows Laptop,Google Ads,None,Standard,0,3.7,Low,No
CUST101253,Rishi Menon,36,Male,Maharashtra,Pune,21-12-2025,07-06-2026,Books,6,27358.45,4559.74,0,No,0,0,17,102,9,4,0.118,Cash on Delivery,Android,Organic Search,None,Standard,0,3.4,Medium,No
CUST101254,Peter Borde,31,Female,Maharashtra,Nagpur,18-01-2025,22-06-2026,Grocery,6,5899.03,983.17,2325.84,Yes,0,0,24,48,5,3,0.042,Net Banking,Android,Organic Search,None,Same Day,2,5,Medium,No
CUST101255,Oscar Varkey,35,Female,Odisha,Bhubaneswar,22-03-2026,15-08-2026,Home & Kitchen,4,5767.08,1441.77,2349.57,Yes,0,0,24,48,6,4,0.083,UPI,Windows Laptop,Organic Search,Gold,Same Day,2,3.7,Medium,Yes
CUST101256,Krishna Baria,31,Female,Gujarat,Vadodara,11-12-2024,15-08-2026,Home & Kitchen,3,6267.36,2089.12,0,No,0,0,23,138,27,15,0.435,Cash on Delivery,iPhone,Instagram,Gold,Express,0,,Low,No
CUST101257,Arya Lalla,20,Female,Karnataka,Mangaluru,17-04-2025,15-08-2026,Fashion,3,3680.48,1226.83,725.35,Yes,0,0,19,114,11,6,0.211,Net Banking,MacBook,Organic Search,Silver,Standard,2,3.9,Low,No
CUST101258,Naveen Kumer,20,Female,Rajasthan,Udaipur,06-11-2025,25-02-2026,Grocery,4,10504.82,2626.2,0,No,1,0.25,17,51,6,3,0.059,UPI,Windows Laptop,Referral,Gold,Express,2,3.5,Medium,No
CUST101259,Ganga Shukla,29,Female,West Bengal,Howrah,18-02-2026,15-08-2026,Grocery,7,15318.71,2188.39,2138.36,Yes,0,0,20,60,10,4,0.1,Credit Card,MacBook,YouTube,None,Standard,1,3.5,Medium,No
CUST101260,Balveer Dube,30,Male,Uttar Pradesh,Kanpur,03-01-2024,08-09-2025,Grocery,3,1436.01,478.67,0,No,0,0,21,42,7,5,0.095,UPI,Android,Email,None,Standard,0,4.1,Low,Yes
CUST101261,Charan Mitra,38,Male,Delhi,New Delhi,19-02-2024,24-10-2025,Grocery,8,15818.73,1977.34,2989.13,Yes,0,0,23,138,17,12,0.348,Cash on Delivery,Android,Organic Search,Gold,Standard,0,4.5,High,Yes
CUST101262,Ishita Bora,37,Male,Madhya Pradesh,Bhopal,25-05-2026,15-08-2026,Fashion,3,11607.62,3869.21,0,No,0,0,16,32,6,3,0.125,Cash on Delivery,Android,Google Ads,Platinum,Standard,1,5,Medium,No
CUST101263,Thomas Gour,36,Female,Tamil Nadu,Chennai,18-05-2025,04-08-2026,Fashion,4,2926.92,731.73,0,No,1,0.25,26,104,13,6,0.154,Net Banking,Android,Referral,None,Standard,1,5,Medium,No
CUST101264,Yashasvi Dutta,29,Male,Gujarat,Ahmedabad,29-07-2024,06-02-2026,Home & Kitchen,12,7229.44,602.45,0,No,0,0,14,28,4,2,0.071,Debit Card,Android,Google Ads,None,Standard,1,3.2,Medium,Yes
CUST101265,Netra Chanda,20,Male,West Bengal,Howrah,11-06-2025,29-10-2025,Fashion,6,7680.82,1280.14,0,No,0,0,24,48,7,2,0.042,UPI,Android,Google Ads,Platinum,Standard,2,4,Medium,No
CUST101266,Timothy Kala,34,Female,West Bengal,Durgapur,10-11-2025,15-08-2026,Grocery,5,6947.33,1389.47,867.04,Yes,0,0,19,114,21,12,0.368,UPI,Windows Laptop,Google Ads,Silver,Express,0,4.4,Medium,No
CUST101267,Garima Patel,35,Female,Telangana,Warangal,09-10-2024,19-04-2026,Fashion,8,11444.48,1430.56,3105.83,Yes,0,0,31,186,24,15,0.258,UPI,Android,Instagram,None,Express,0,4.4,Medium,No
CUST101268,Tejas Wali,18,Female,Rajasthan,Jaipur,13-01-2025,29-01-2026,Electronics,7,15167.78,2166.83,0,No,1,0.14,20,60,8,2,0.05,UPI,Windows Laptop,Google Ads,Silver,Standard,0,3.7,Medium,Yes
CUST101269,Aditya Contractor,24,Male,Uttar Pradesh,Kanpur,21-11-2024,19-01-2025,Home & Kitchen,5,4827.35,965.47,0,No,1,0.2,13,65,9,4,0.154,UPI,Android,Instagram,Silver,Express,1,4.7,Medium,No
CUST101270,Sanaya Khosla,25,Female,Tamil Nadu,Madurai,24-10-2024,15-03-2026,Mobile Accessories,6,11964.69,1994.12,0,No,0,0,17,34,2,1,0.059,Credit Card,Android,Direct,Gold,Express,1,3.4,Medium,No
CUST101271,Balveer Nagi,32,Male,Odisha,Cuttack,27-11-2025,15-08-2026,Fashion,5,9948.27,1989.65,0,No,1,0.2,22,66,12,8,0.182,UPI,Windows Laptop,Instagram,None,Express,0,3.7,Medium,No
CUST101272,Ishaan Raju,25,Male,Haryana,Faridabad,17-05-2024,06-12-2024,Beauty & Personal Care,7,8853.51,1264.79,0,No,0,0,20,80,15,10,0.35,UPI,iPhone,Email,None,Standard,1,3.9,Medium,Yes
CUST101273,Barkha Bakshi,31,Male,Madhya Pradesh,Bhopal,04-05-2024,09-07-2024,Home & Kitchen,4,3248.16,812.04,0,No,1,0.25,13,26,5,2,0.077,Credit Card,Android,Referral,Gold,Same Day,2,3.6,Medium,Yes
CUST101274,Yoshita Trivedi,29,Male,West Bengal,Siliguri,26-01-2025,15-08-2026,Electronics,4,2864.09,716.02,0,No,0,0,17,85,15,6,0.235,Credit Card,Android,YouTube,Silver,Same Day,1,5,Medium,No
CUST101275,Vidhi Bassi,30,Male,Rajasthan,Jaipur,05-02-2025,17-01-2026,Home & Kitchen,6,3710.51,618.42,0,No,1,0.17,12,48,7,5,0.167,Credit Card,Windows Laptop,Referral,Silver,Express,3,4.4,Medium,Yes
CUST101276,Reyansh Nagi,25,Female,Maharashtra,Nashik,24-04-2025,15-08-2026,Grocery,4,2113.76,528.44,485.4,Yes,0,0,19,38,6,3,0.105,UPI,Android,YouTube,None,Standard,2,4.5,Medium,No
CUST101277,Gopal Ganesh,26,Male,Delhi,Delhi,04-02-2025,02-01-2026,Home & Kitchen,6,3247.56,541.26,0,No,0,0,30,180,30,11,0.233,Credit Card,Windows Laptop,Organic Search,Silver,Express,0,3.7,Medium,No
CUST101278,Dominic Kade,22,Female,Andhra Pradesh,Vijayawada,23-07-2025,15-08-2026,Books,5,15998.53,3199.71,0,No,0,0,24,120,9,3,0.083,Debit Card,Windows Laptop,Referral,Silver,Standard,1,5,Medium,Yes
CUST101279,Panini Chawla,34,Male,Maharashtra,Mumbai,27-12-2024,29-11-2025,Fashion,2,2141.12,1070.56,465.13,Yes,0,0,21,126,17,12,0.429,Debit Card,Android,Direct,None,Express,1,3.2,Low,Yes
CUST101280,Radhika Bora,36,Male,Rajasthan,Jaipur,06-03-2024,01-11-2025,Electronics,5,19039.8,3807.96,2660.47,Yes,0,0,16,64,5,2,0.062,Debit Card,Android,Email,Platinum,Standard,1,4.7,Medium,Yes
CUST101281,Arjun Sharaf,25,Male,Bihar,Muzaffarpur,03-03-2025,15-08-2026,Mobile Accessories,8,13742.5,1717.81,4201.11,Yes,1,0.12,19,57,8,5,0.158,Cash on Delivery,Android,Google Ads,None,Express,0,5,Medium,No
CUST101282,Baljiwan Chahal,43,Female,Odisha,Cuttack,01-05-2026,15-08-2026,Fashion,5,3134.26,626.85,195.39,Yes,1,0.2,21,126,12,6,0.19,Debit Card,Android,Direct,None,Standard,0,4.4,Medium,No
CUST101283,Chatura Gokhale,28,Female,Uttar Pradesh,Noida,14-12-2025,15-08-2026,Beauty & Personal Care,4,5079.63,1269.91,0,No,0,0,17,85,6,3,0.118,UPI,Windows Laptop,Organic Search,Gold,Standard,0,4.2,Medium,No
CUST101284,Ekavir Kari,43,Female,West Bengal,Siliguri,04-06-2025,24-06-2026,Sports & Fitness,9,18461.62,2051.29,5531.65,Yes,0,0,21,126,22,10,0.381,Cash on Delivery,iPhone,Google Ads,None,Standard,3,3.9,High,Yes
CUST101285,Nikita Rama,26,Female,Tamil Nadu,Chennai,07-03-2025,15-08-2026,Fashion,5,8244.12,1648.82,0,No,0,0,22,66,11,4,0.045,UPI,Android,Organic Search,Gold,Same Day,0,4.5,Medium,No
CUST101286,Nidhi Sant,18,Female,Rajasthan,Udaipur,14-04-2024,14-02-2025,Grocery,9,10711.81,1190.2,0,No,1,0.11,28,56,7,4,0.071,UPI,iPhone,Google Ads,Platinum,Standard,1,4.1,Medium,Yes
CUST101287,Anay Ramachandran,34,Female,Maharashtra,Mumbai,29-03-2024,23-06-2025,Electronics,3,7378.8,2459.6,0,No,0,0,24,72,6,2,0.042,UPI,Android,Organic Search,Silver,Express,0,5,Medium,Yes
CUST101288,Abeer Bhatnagar,33,Female,Telangana,Warangal,23-08-2025,11-05-2026,Fashion,10,8371.96,837.2,1991.82,Yes,0,0,28,112,24,15,0.214,UPI,Tablet,Referral,Silver,Same Day,0,3.7,Medium,No
CUST101289,Elijah Parmar,31,Male,West Bengal,Siliguri,05-05-2026,15-08-2026,Electronics,2,3047.59,1523.8,795.11,Yes,0,0,19,38,3,1,0.053,Debit Card,Android,Google Ads,None,Standard,0,3.6,Low,No
CUST101290,Bimala Mitra,26,Female,Maharashtra,Nagpur,06-01-2024,07-07-2025,Sports & Fitness,4,9815.34,2453.84,1796.64,Yes,0,0,23,138,20,11,0.304,Cash on Delivery,Windows Laptop,YouTube,Silver,Express,2,3.4,Medium,Yes
CUST101291,Baghyawati Sarma,31,Male,Gujarat,Ahmedabad,06-06-2024,21-11-2025,Fashion,2,1831.57,915.78,812.68,Yes,2,1,21,126,14,9,0.286,UPI,Android,YouTube,Gold,Standard,1,5,Low,Yes
CUST101292,Megha Balasubramanian,27,Male,Maharashtra,Mumbai,13-01-2025,14-05-2026,Grocery,5,7882.21,1576.44,2719.01,Yes,0,0,20,60,5,1,0.05,Credit Card,MacBook,Google Ads,None,Standard,1,4.5,Medium,No
CUST101293,Naksh Walla,29,Female,Uttar Pradesh,Varanasi,25-11-2024,24-11-2025,Mobile Accessories,7,9774,1396.29,1459.96,Yes,0,0,22,44,6,3,0.045,UPI,Android,Organic Search,Gold,Standard,0,5,Medium,No
CUST101294,Laban Raman,38,Male,Odisha,Bhubaneswar,12-04-2024,09-06-2024,Home & Kitchen,5,8400.56,1680.11,1214.93,Yes,0,0,19,57,6,3,0.105,Credit Card,iPhone,YouTube,Silver,Express,2,3.9,Medium,Yes
CUST101295,Maanas Misra,32,Male,Madhya Pradesh,Bhopal,10-08-2024,28-10-2024,Beauty & Personal Care,7,13226.09,1889.44,4757.02,Yes,0,0,23,46,6,4,0.13,UPI,iPhone,Organic Search,Gold,Express,1,3.1,Medium,Yes
CUST101296,Advay Dhaliwal,36,Male,Karnataka,Mangaluru,05-02-2025,23-10-2025,Home & Kitchen,7,9094.53,1299.22,1866.24,Yes,2,0.29,19,57,9,4,0.105,UPI,Android,Organic Search,None,Standard,0,4.8,Medium,No
CUST101297,Benjamin Ahluwalia,29,Female,Karnataka,Bengaluru,13-11-2025,15-08-2026,Fashion,2,5624.39,2812.2,0,No,2,1,17,85,11,7,0.294,Credit Card,Android,Referral,None,Standard,1,4.7,Low,Yes
CUST101298,Frederick Mody,28,Male,Maharashtra,Nashik,28-06-2025,21-09-2025,Home & Kitchen,4,7175.22,1793.8,0,No,0,0,17,85,12,7,0.176,Wallet,Windows Laptop,Google Ads,Platinum,Standard,2,3.6,Medium,Yes
CUST101299,Hemangini Kakar,22,Male,Bihar,Patna,23-05-2025,11-11-2025,Beauty & Personal Care,4,6543.88,1635.97,0,No,0,0,24,48,5,2,0.042,Debit Card,Android,Instagram,None,Same Day,0,3.4,Medium,Yes
CUST101300,Yauvani Dhar,28,Female,Odisha,Bhubaneswar,23-11-2025,15-08-2026,Mobile Accessories,5,14566.61,2913.32,0,No,0,0,27,54,9,4,0.111,Debit Card,Android,Direct,Gold,Standard,1,3.6,Medium,No
CUST101301,Qarin Kant,18,Male,West Bengal,Howrah,02-07-2024,10-08-2024,Mobile Accessories,5,9520.08,1904.02,3167.74,Yes,0,0,23,69,11,6,0.13,UPI,Android,Organic Search,None,Standard,1,3.9,Medium,Yes
CUST101302,Rishi Contractor,26,Male,Jharkhand,Jamshedpur,27-03-2024,14-11-2025,Sports & Fitness,4,2811.01,702.75,0,No,0,0,24,120,21,13,0.292,Credit Card,Windows Laptop,Organic Search,Silver,Express,1,4.2,Medium,Yes
CUST101303,Chatura Shenoy,30,Male,West Bengal,Howrah,03-08-2025,28-03-2026,Books,6,13065.09,2177.52,4677.93,Yes,1,0.17,22,66,8,4,0.091,Net Banking,Android,Instagram,None,Express,1,4.4,Medium,No
CUST101304,Bina Bhavsar,36,Male,Uttar Pradesh,Varanasi,14-01-2025,07-07-2025,Home & Kitchen,4,5749.01,1437.25,1018.15,Yes,0,0,23,138,29,15,0.348,Credit Card,MacBook,YouTube,Silver,Standard,2,3.8,Medium,No
CUST101305,Guneet Hora,29,Male,Kerala,Kochi,21-06-2025,18-09-2025,Grocery,3,2474.05,824.68,741.47,Yes,2,0.67,24,48,8,2,0.042,UPI,iPhone,Instagram,None,Express,0,5,Low,Yes
CUST101306,Ganga Parikh,34,Male,Haryana,Faridabad,16-02-2025,18-07-2025,Books,9,20064.42,2229.38,8111.67,Yes,0,0,21,105,10,5,0.095,UPI,Android,Organic Search,Silver,Same Day,0,5,High,No
CUST101307,Wahab Chaudhry,18,Male,Kerala,Thiruvananthapuram,01-06-2025,15-08-2026,Home & Kitchen,4,2545.93,636.48,197.86,Yes,0,0,23,138,29,17,0.304,Credit Card,Android,Google Ads,None,Standard,2,,Medium,No
CUST101308,Ekaraj Hari,31,Female,Madhya Pradesh,Bhopal,06-02-2026,15-08-2026,Mobile Accessories,5,5455.82,1091.16,0,No,0,0,24,48,7,3,0.083,UPI,Android,Instagram,Silver,Standard,0,4.3,Medium,No
CUST101309,Vedika Seshadri,18,Female,Tamil Nadu,Chennai,24-11-2025,15-08-2026,Home & Kitchen,8,8528.98,1066.12,2868.75,Yes,0,0,18,90,16,6,0.111,UPI,Android,Direct,None,Express,0,3.7,Medium,No
CUST101310,Damini Dua,21,Female,Punjab,Amritsar,21-10-2024,26-11-2025,Beauty & Personal Care,4,3138.57,784.64,1153.78,Yes,0,0,14,84,11,7,0.357,UPI,Android,Organic Search,None,Standard,1,4.9,Medium,Yes
CUST101311,Diya Sangha,30,Male,Maharashtra,Pune,16-09-2024,15-01-2026,Grocery,3,3922.12,1307.37,0,No,1,0.33,21,63,8,3,0.095,UPI,Windows Laptop,Referral,Gold,Express,0,4.2,Low,Yes
CUST101312,Aayush Munshi,41,Male,Haryana,Faridabad,18-01-2025,01-01-2026,Mobile Accessories,5,5265.22,1053.04,0,No,0,0,21,63,11,4,0.095,UPI,Android,Google Ads,Gold,Standard,1,3.1,Medium,Yes
CUST101313,Timothy Sarin,34,Female,Uttar Pradesh,Lucknow,05-04-2026,15-08-2026,Fashion,3,5360,1786.67,781.93,Yes,0,0,21,105,21,12,0.381,Credit Card,Android,Direct,Silver,Standard,0,3.7,Low,No
CUST101314,Jagvi Desai,31,Male,Punjab,Chandigarh,30-10-2024,25-04-2026,Grocery,4,11557.87,2889.47,0,No,0,0,25,100,21,10,0.28,UPI,Android,Referral,Platinum,Standard,1,4.2,Medium,No
CUST101315,Varsha Shere,31,Female,Gujarat,Vadodara,11-11-2024,19-05-2026,Home & Kitchen,6,6800.63,1133.44,0,No,0,0,15,60,13,6,0.2,Credit Card,Android,Google Ads,Silver,Express,5,4.9,Medium,No
CUST101316,Jagrati Mody,25,Male,Bihar,Muzaffarpur,15-01-2026,11-07-2026,Fashion,4,6653.6,1663.4,1518.76,Yes,0,0,23,46,7,3,0.043,Wallet,Android,YouTube,None,Express,0,2.4,Medium,No
CUST101317,Ikbal Gill,27,Female,Uttar Pradesh,Lucknow,04-03-2026,12-05-2026,Grocery,3,4540.99,1513.66,1768.36,Yes,0,0,22,44,4,2,0.045,Credit Card,Android,Instagram,Silver,Standard,0,4.4,Low,No
CUST101318,Avni Dey,34,Male,Kerala,Thiruvananthapuram,19-12-2025,15-08-2026,Beauty & Personal Care,6,7637.67,1272.94,0,No,0,0,22,132,21,9,0.318,Cash on Delivery,Tablet,Referral,None,Same Day,1,4.1,Medium,Yes
CUST101319,Adya Bose,20,Male,Maharashtra,Pune,17-03-2024,30-01-2025,Grocery,8,15366.15,1920.77,0,No,0,0,24,144,15,5,0.167,UPI,Android,Email,Silver,Standard,1,3.7,High,Yes
CUST101320,Anirudh Tripathi,36,Female,West Bengal,Kolkata,10-11-2025,06-03-2026,Fashion,4,2874,718.5,0,No,0,0,22,66,11,4,0.091,Cash on Delivery,Windows Laptop,Referral,Silver,Standard,1,3.8,Medium,No
CUST101321,Nidhi Kala,28,Female,Delhi,New Delhi,03-05-2026,15-08-2026,Home & Kitchen,5,12950.55,2590.11,5002.96,Yes,0,0,21,84,10,3,0.095,Credit Card,Windows Laptop,Google Ads,Silver,Standard,0,4.8,Medium,Yes
CUST101322,Abha Zacharia,38,Male,Karnataka,Mangaluru,13-01-2025,19-02-2026,Beauty & Personal Care,7,6389.72,912.82,0,No,0,0,21,42,6,3,0.095,UPI,Android,Organic Search,Platinum,Standard,0,4.1,Medium,No
CUST101323,Manthan Pau,39,Female,Haryana,Gurugram,05-04-2025,13-11-2025,Home & Kitchen,2,4712.1,2356.05,819.35,Yes,0,0,29,116,20,14,0.276,UPI,MacBook,Organic Search,None,Standard,0,2.4,Low,Yes
CUST101324,Udant Mannan,18,Male,Delhi,New Delhi,25-02-2024,19-01-2025,Fashion,6,7342.82,1223.8,588.29,Yes,0,0,23,138,28,10,0.304,Credit Card,iPhone,Instagram,Silver,Standard,0,4.1,Medium,Yes
CUST101325,Ucchal Thaker,26,Male,Andhra Pradesh,Visakhapatnam,17-03-2026,19-05-2026,Mobile Accessories,2,1997.46,998.73,0,No,1,0.5,17,68,12,5,0.235,Cash on Delivery,Android,YouTube,Gold,Standard,2,4.5,Low,No
CUST101326,Mekhala Patla,24,Female,Tamil Nadu,Coimbatore,21-03-2024,28-10-2025,Home & Kitchen,2,2384.77,1192.38,0,No,0,0,24,72,5,3,0.042,UPI,Windows Laptop,Organic Search,None,Standard,1,3.6,Low,Yes
CUST101327,William Gandhi,18,Female,Karnataka,Bengaluru,09-11-2025,15-08-2026,Grocery,4,2098.36,524.59,702.01,Yes,0,0,18,36,3,2,0.056,Cash on Delivery,Windows Laptop,Instagram,Silver,Standard,0,2.9,Medium,Yes
CUST101328,Sanaya Dutta,23,Female,Madhya Pradesh,Indore,24-06-2024,03-12-2024,Home & Kitchen,4,3335.39,833.85,0,No,0,0,19,57,11,4,0.105,Net Banking,Android,Google Ads,None,Express,1,4.9,Medium,Yes
CUST101329,Madhav Sule,51,Male,Bihar,Gaya,03-03-2026,15-08-2026,Fashion,4,7222.21,1805.55,2763.07,Yes,0,0,25,50,9,6,0.12,Cash on Delivery,Android,Organic Search,Platinum,Standard,3,3.8,Medium,No
CUST101330,Banjeet Kanda,36,Male,Rajasthan,Jodhpur,17-01-2025,07-02-2026,Home & Kitchen,5,15168.92,3033.78,3286.37,Yes,0,0,26,78,7,4,0.115,Cash on Delivery,Windows Laptop,Google Ads,Platinum,Same Day,0,4.3,Medium,No
CUST101331,Vincent Bhatnagar,46,Female,Uttar Pradesh,Noida,28-05-2024,29-01-2026,Home & Kitchen,5,5616.51,1123.3,1336.13,Yes,0,0,18,108,17,12,0.5,Debit Card,Android,YouTube,None,Express,0,2.7,Medium,No
CUST101332,Kala Kaur,38,Male,Kerala,Kozhikode,06-02-2026,08-04-2026,Beauty & Personal Care,3,7220.64,2406.88,0,No,1,0.33,22,110,17,6,0.227,Cash on Delivery,iPhone,Email,Platinum,Standard,0,4.9,Medium,Yes
CUST101333,Samuel Vasa,25,Male,Delhi,New Delhi,07-10-2024,04-03-2026,Beauty & Personal Care,6,6858.46,1143.08,,No,1,0.17,20,60,11,7,0.2,Net Banking,Android,Referral,Silver,Same Day,1,3.2,Medium,No
CUST101334,Lipika Singh,28,Male,Andhra Pradesh,Visakhapatnam,10-12-2024,28-05-2025,Home & Kitchen,5,7872.97,1574.59,1648.24,Yes,2,0.4,22,66,12,4,0.091,Credit Card,Android,Instagram,Silver,Standard,1,5,Medium,Yes
CUST101335,Chakradhar Baral,36,Male,Andhra Pradesh,Vijayawada,28-02-2026,15-08-2026,Electronics,4,5156.84,1289.21,0,No,0,0,19,76,13,8,0.211,Cash on Delivery,Android,Organic Search,Platinum,Standard,0,3.7,Medium,No
CUST101336,Harshil Verma,35,Male,Bihar,Muzaffarpur,01-03-2026,15-08-2026,Home & Kitchen,9,24030.82,2670.09,3484.02,Yes,0,0,29,174,31,22,0.552,Cash on Delivery,Android,YouTube,Gold,Express,2,4.4,High,No
CUST101337,Adya Ghosh,26,Male,Karnataka,Mysuru,12-02-2025,03-08-2025,Electronics,4,9002.27,2250.57,0,No,1,0.25,15,75,13,6,0.2,UPI,Windows Laptop,Organic Search,Silver,Standard,1,4.7,Medium,Yes
CUST101338,Kritika Pau,19,Female,Odisha,Bhubaneswar,18-12-2025,15-08-2026,Electronics,6,6990.13,1165.02,2127.13,Yes,0,0,21,105,10,4,0.095,UPI,iPhone,Instagram,Gold,Standard,1,3.2,Medium,No
CUST101339,Zansi Krishnamurthy,57,Female,West Bengal,Durgapur,30-01-2024,03-09-2025,Mobile Accessories,5,26185.42,5237.08,11620.21,Yes,0,0,25,50,8,3,0.08,Net Banking,Android,Referral,Silver,Standard,0,4.5,Medium,No
CUST101340,Udant Varty,30,Male,West Bengal,Howrah,30-12-2025,13-06-2026,Beauty & Personal Care,2,2371.08,1185.54,0,No,1,0.5,12,24,3,1,0.083,UPI,Windows Laptop,Organic Search,None,Standard,1,4.6,Low,Yes
CUST101341,Ira Pai,28,Male,Delhi,Delhi,25-02-2025,04-01-2026,Grocery,3,4167.59,1389.2,1223.13,Yes,0,0,27,135,29,15,0.259,Wallet,MacBook,YouTube,Silver,Standard,0,2.8,Low,No
CUST101342,Vasatika Ahuja,32,Male,Gujarat,Vadodara,18-08-2024,25-10-2024,Home & Kitchen,5,7764.11,1552.82,0,No,0,0,17,85,15,8,0.294,Debit Card,Android,Referral,Platinum,Express,1,3.8,Medium,No
CUST101343,Ria Gandhi,29,Male,Haryana,Gurugram,24-12-2024,18-08-2025,Books,9,10985.03,1220.56,0,No,1,0.11,26,156,20,12,0.308,UPI,Windows Laptop,Direct,Silver,Standard,2,3.1,Medium,Yes
CUST101344,Faraj Varkey,32,Female,Kerala,Kozhikode,10-06-2024,25-01-2026,Beauty & Personal Care,9,24197.07,2688.56,5379.81,Yes,0,0,23,115,23,13,0.348,UPI,Windows Laptop,Organic Search,Silver,Standard,0,2.6,High,No
CUST101345,Siddharth Doctor,41,Other,Kerala,Kozhikode,29-12-2025,15-08-2026,Grocery,5,7259.22,1451.84,0,No,1,0.2,22,44,4,1,0.045,Cash on Delivery,Android,Email,None,Standard,1,3.9,Medium,No
CUST101346,Nakul Pathak,30,Female,Gujarat,Ahmedabad,15-08-2024,09-12-2025,Fashion,3,5553.44,1851.15,859.47,Yes,0,0,29,58,8,4,0.069,UPI,Android,Google Ads,Silver,Standard,0,3.9,Low,Yes
CUST101347,Victor Sachdeva,22,Female,Telangana,Warangal,24-04-2026,15-08-2026,Mobile Accessories,4,1228.53,307.13,300.93,Yes,0,0,17,68,6,2,0.059,UPI,Android,Google Ads,Platinum,Standard,0,3.6,Medium,No
CUST101348,Ishaan Subramaniam,30,Male,Telangana,Warangal,08-08-2024,25-02-2026,Sports & Fitness,4,5358.45,1339.61,0,No,0,0,21,105,17,9,0.238,UPI,MacBook,Direct,None,Standard,1,3.5,Medium,No
CUST101349,Varenya Kade,27,Male,Andhra Pradesh,Vijayawada,15-01-2026,15-08-2026,Sports & Fitness,7,8728.46,1246.92,0,No,1,0.14,19,114,18,10,0.421,UPI,Android,Instagram,Platinum,Standard,1,3,Medium,No
CUST101350,Nirja Bains,42,Female,West Bengal,Howrah,13-03-2024,12-08-2024,Electronics,5,7888.86,1577.77,0,No,0,0,15,45,6,3,0.133,UPI,Android,Direct,Silver,Standard,0,4.1,Medium,No
CUST101351,Caleb Datta,40,Female,Haryana,Gurugram,02-02-2025,05-12-2025,Fashion,6,4761.19,793.53,850.53,Yes,0,0,24,48,5,2,0.042,UPI,Windows Laptop,Referral,None,Express,2,4.5,Medium,Yes
CUST101352,Krish Vala,32,Male,Uttar Pradesh,Kanpur,04-04-2024,14-11-2024,Fashion,5,6411.79,1282.36,0,No,0,0,15,45,6,3,0.133,Cash on Delivery,MacBook,Instagram,Silver,Standard,0,4.3,Medium,Yes
CUST101353,Manan Bhalla,21,Male,Gujarat,Surat,19-04-2025,30-11-2025,Fashion,5,6942.54,1388.51,2926.83,Yes,0,0,21,42,6,2,0.048,Debit Card,MacBook,Organic Search,None,Standard,1,2.9,Medium,No
CUST101354,Aarna Gole,21,Female,Kerala,Kozhikode,04-04-2024,11-05-2025,Sports & Fitness,5,5820.21,1164.04,1626.06,Yes,0,0,19,114,9,6,0.158,UPI,Windows Laptop,Instagram,Silver,Standard,1,4.6,Medium,No
CUST101355,Anirudh Mander,31,Male,Rajasthan,Udaipur,24-01-2026,15-08-2026,Electronics,5,10924.34,2184.87,1834.87,Yes,0,0,23,69,7,3,0.043,Cash on Delivery,iPhone,Google Ads,Gold,Standard,0,4.8,Medium,No
CUST101356,Tarak Sen,34,Female,Haryana,Gurugram,03-06-2026,15-08-2026,Electronics,6,8839.64,1473.27,0,No,1,0.17,23,92,18,9,0.304,Debit Card,Android,Instagram,None,Standard,1,5,Medium,No
CUST101357,Vasatika Garde,28,Female,Assam,Guwahati,15-03-2026,15-08-2026,Fashion,4,8924.38,2231.09,0,No,0,0,22,132,25,10,0.273,Credit Card,iPhone,Referral,None,Standard,1,3.6,Medium,No
CUST101358,Nirja Dhar,27,Male,Gujarat,Surat,13-02-2026,01-07-2026,Fashion,8,17180.23,2147.53,2098.53,Yes,0,0,22,44,4,2,0.045,Debit Card,Android,Instagram,None,Standard,0,4.5,High,No
CUST101359,Yasti Lalla,26,Female,Tamil Nadu,Coimbatore,03-05-2024,24-07-2024,Fashion,3,8143.36,2714.45,878.99,Yes,0,0,18,90,19,9,0.389,UPI,Android,Referral,Silver,Express,0,5,Medium,Yes
CUST101360,Hema Setty,31,Other,Uttar Pradesh,Varanasi,10-03-2026,15-08-2026,Sports & Fitness,2,2360.29,1180.14,571.79,Yes,0,0,19,57,8,4,0.158,Cash on Delivery,Windows Laptop,Referral,None,Express,0,4.5,Low,No
CUST101361,Victor Radhakrishnan,18,Female,Assam,Dibrugarh,14-05-2025,21-05-2026,Beauty & Personal Care,3,3629.58,1209.86,573.85,Yes,1,0.33,17,85,15,7,0.235,UPI,Windows Laptop,Email,None,Standard,1,5,Low,No
CUST101362,Kevin Chopra,22,Male,Karnataka,Mangaluru,17-02-2026,15-08-2026,Electronics,5,17551.47,3510.29,1522.36,Yes,0,0,26,52,8,3,0.038,Credit Card,Android,YouTube,None,Standard,1,3.9,Medium,No
CUST101363,Samaksh Virk,26,Male,Bihar,Patna,12-09-2025,15-08-2026,Home & Kitchen,2,1618.17,809.08,221.03,Yes,0,0,25,75,14,9,0.16,Cash on Delivery,iPhone,Direct,Silver,Standard,1,3.8,Low,No
CUST101364,Mason Char,41,Female,Bihar,Patna,09-05-2026,15-08-2026,Home & Kitchen,6,6860.72,1143.45,0,No,0,0,21,63,10,4,0.095,Credit Card,Android,Google Ads,None,Express,2,2.8,Medium,No
CUST101365,Vamakshi Barad,24,Male,Kerala,Kochi,17-02-2024,16-11-2025,Electronics,3,4283.07,1427.69,0,No,1,0.33,24,72,6,3,0.042,Credit Card,Android,Email,None,Standard,0,4.1,Low,No
CUST101366,Girik Subramaniam,32,Male,Maharashtra,Pune,23-03-2026,15-08-2026,Grocery,3,2452.89,817.63,0,No,0,0,24,144,29,13,0.375,Debit Card,Tablet,YouTube,Silver,Standard,0,,Low,No
CUST101367,Aarav Sankar,33,Male,Kerala,Kochi,04-04-2024,12-03-2025,Grocery,9,15030.07,1670.01,4482.91,Yes,1,0.11,21,126,23,14,0.429,UPI,Android,YouTube,None,Standard,0,4.3,High,Yes
CUST101368,Kamala Bassi,41,Female,Assam,Guwahati,21-04-2025,31-03-2026,Grocery,8,17652.16,2206.52,5750.48,Yes,0,0,17,102,11,6,0.176,Wallet,MacBook,Organic Search,None,Standard,0,4.5,High,No
CUST101369,Veer Subramaniam,41,Male,Karnataka,Bengaluru,02-02-2024,04-09-2025,Grocery,7,2723.26,389.04,0,No,0,0,22,132,14,8,0.273,Debit Card,Android,Email,Gold,Express,1,4,Medium,No
CUST101370,Inaya Chaudhari,31,Male,Delhi,Delhi,27-04-2024,12-07-2025,Electronics,2,2027.97,1013.98,,Yes,0,0,32,64,11,7,0.125,UPI,Windows Laptop,YouTube,None,Standard,0,4.3,Low,Yes
CUST101371,Krish Kumar,27,Male,Andhra Pradesh,Vijayawada,05-10-2025,15-08-2026,Mobile Accessories,4,6490.04,1622.51,2309.33,Yes,1,0.25,20,80,14,9,0.35,Debit Card,Android,Organic Search,Silver,Standard,0,3.9,Medium,No
CUST101372,Viraj Chacko,26,Female,Karnataka,Mysuru,07-09-2024,15-05-2026,Sports & Fitness,4,11608.99,2902.25,3784.09,Yes,0,0,34,68,6,2,0.029,Net Banking,iPhone,Organic Search,None,Express,0,4.5,Medium,No
CUST101373,Nilima Kurian,29,Female,Haryana,Gurugram,29-10-2024,15-02-2025,Books,7,4444.96,634.99,345.45,Yes,0,0,23,69,14,7,0.217,Cash on Delivery,Tablet,Instagram,Silver,Standard,2,3.2,Medium,Yes
CUST101374,Abdul Amble,28,Male,Rajasthan,Jodhpur,01-05-2024,09-08-2025,Electronics,2,4427.98,2213.99,859.15,Yes,0,0,25,150,27,18,0.56,Wallet,Android,Google Ads,None,Standard,0,3.6,Low,Yes
CUST101375,Zinal Amble,35,Female,Delhi,New Delhi,05-08-2024,02-07-2025,Mobile Accessories,4,4564.39,1141.1,1548.74,Yes,2,0.5,25,75,16,10,0.32,UPI,MacBook,Google Ads,None,Express,2,4.3,Medium,Yes
CUST101376,Samesh Mutti,34,Male,Haryana,Gurugram,22-02-2024,07-07-2025,Sports & Fitness,5,6811.57,1362.31,0,No,0,0,20,120,16,11,0.4,UPI,MacBook,Organic Search,Silver,Express,0,4.6,Medium,Yes
CUST101377,Janaki Chhabra,36,Female,Gujarat,Ahmedabad,05-05-2024,17-12-2025,Sports & Fitness,5,11223.33,2244.67,0,No,1,0.2,18,90,8,5,0.167,Wallet,Android,Organic Search,None,Standard,1,4,Medium,No
CUST101378,Pooja Kulkarni,41,Female,Rajasthan,Jodhpur,07-06-2024,26-06-2024,Electronics,6,7632.29,1272.05,2305.48,Yes,0,0,15,75,15,6,0.267,Debit Card,Android,Direct,Gold,Standard,1,3.9,Medium,Yes
CUST101379,Pallavi Pau,46,Female,Telangana,Warangal,01-11-2025,15-08-2026,Grocery,9,11719.63,1302.18,1916.16,Yes,0,0,22,132,25,12,0.409,Net Banking,Windows Laptop,YouTube,Gold,Express,1,3.9,Medium,No
CUST101380,Mekhala Jani,32,Male,Uttar Pradesh,Lucknow,05-03-2026,15-08-2026,Mobile Accessories,1,1343.82,1343.82,0,No,0,0,28,140,11,5,0.107,UPI,MacBook,Instagram,Silver,Standard,0,3.5,Low,Yes
CUST101381,Vasudha Gola,40,Female,Karnataka,Mangaluru,23-08-2025,15-08-2026,Grocery,3,5290.49,1763.5,1370.9,Yes,0,0,25,150,23,11,0.2,Cash on Delivery,iPhone,Instagram,None,Standard,0,,Low,No
CUST101382,Veda Kulkarni,28,Female,Telangana,Warangal,24-06-2024,12-01-2025,Beauty & Personal Care,7,5787.92,826.85,2027.12,Yes,0,0,18,72,5,2,0.056,Credit Card,MacBook,Referral,Silver,Standard,0,4.8,Medium,Yes
CUST101383,Hemangini Rao,40,Female,Andhra Pradesh,Vijayawada,18-10-2024,27-11-2024,Mobile Accessories,7,10422.99,1489,2598.61,Yes,0,0,12,36,4,2,0.083,Debit Card,Android,Referral,Gold,Standard,0,4,Medium,No
CUST101384,Jagat Karpe,39,Male,Delhi,Delhi,07-06-2024,30-11-2024,Home & Kitchen,2,3454.89,1727.44,0,No,1,0.5,30,60,12,7,0.167,Credit Card,Windows Laptop,Organic Search,None,Standard,0,3.9,Low,Yes
CUST101385,Neel Chaudhry,39,Male,Bihar,Patna,05-05-2025,26-09-2025,Beauty & Personal Care,3,1483.44,494.48,0,No,0,0,17,34,5,2,0.059,Debit Card,Windows Laptop,Instagram,None,Same Day,1,4,Low,Yes
CUST101386,Yashoda Rattan,32,Female,Tamil Nadu,Madurai,30-01-2026,15-08-2026,Home & Kitchen,6,13729.83,2288.3,4828.23,Yes,0,0,24,48,9,3,0.042,UPI,iPhone,Referral,None,Standard,0,5,Medium,No
CUST101387,Charles Dyal,26,Male,Madhya Pradesh,Indore,22-12-2024,19-02-2026,Mobile Accessories,3,7793.78,2597.93,2084.49,Yes,0,0,27,162,25,10,0.222,Wallet,Android,Instagram,Gold,Standard,0,4.7,Medium,No
CUST101388,Abdul Chand,20,Female,Maharashtra,Nashik,25-09-2025,15-08-2026,Electronics,4,7096.02,1774,2672.89,Yes,0,0,15,90,16,7,0.267,Credit Card,Android,Instagram,Silver,Standard,0,4.7,Medium,Yes
CUST101389,Urishilla Saran,31,Male,Andhra Pradesh,Vijayawada,24-08-2024,19-11-2024,Home & Kitchen,6,3288.59,548.1,580.64,Yes,0,0,20,80,11,6,0.2,Cash on Delivery,Windows Laptop,Organic Search,Platinum,Standard,0,4.5,Medium,Yes
CUST101390,Devansh Lall,43,Female,Gujarat,Surat,03-03-2025,05-11-2025,Grocery,5,3964.13,792.83,962.65,Yes,0,0,25,150,22,10,0.24,UPI,iPhone,Organic Search,Gold,Express,1,4.5,Medium,No
CUST101391,Kamala Buch,29,Male,Delhi,New Delhi,04-05-2024,01-09-2024,Sports & Fitness,8,3504.53,438.07,,Yes,0,0,32,64,10,5,0.094,UPI,MacBook,Referral,None,Same Day,0,4.7,Medium,No
CUST101392,Leena Rattan,37,Male,Maharashtra,Mumbai,10-11-2024,03-12-2024,Beauty & Personal Care,9,8901.98,989.11,3406.9,Yes,0,0,20,100,9,3,0.05,UPI,Windows Laptop,Email,Platinum,Standard,1,5,Medium,Yes
CUST101393,Dakshesh Gill,38,Male,Karnataka,Mangaluru,05-10-2024,12-07-2026,Books,5,4158.34,831.67,833.32,Yes,0,0,22,66,11,5,0.136,Debit Card,Android,Instagram,Silver,Standard,1,4.2,Medium,No
CUST101394,Reva Anne,29,Male,Rajasthan,Udaipur,16-05-2026,19-07-2026,Mobile Accessories,6,6608.2,1101.37,2503.7,Yes,1,0.17,23,138,27,14,0.348,UPI,Android,Email,Gold,Standard,2,4.2,Medium,No
CUST101395,Zarna Mangal,42,Female,Tamil Nadu,Coimbatore,15-04-2026,15-08-2026,Electronics,5,13156.12,2631.22,0,No,0,0,31,62,6,3,0.032,Cash on Delivery,Tablet,Email,Silver,Standard,2,5,Medium,Yes
CUST101396,Bahadurjit Uppal,18,Female,Punjab,Chandigarh,26-08-2025,15-08-2026,Home & Kitchen,5,4416.13,883.23,944.04,Yes,1,0.2,16,48,6,2,0.062,UPI,Android,Google Ads,Platinum,Standard,0,4.2,Medium,No
CUST101397,Omkaar Banik,21,Female,Gujarat,Vadodara,14-04-2024,14-07-2025,Electronics,2,3560.22,1780.11,1558.96,Yes,0,0,27,81,16,10,0.222,Credit Card,iPhone,Instagram,Gold,Standard,1,4.8,Low,Yes
CUST101398,William Acharya,24,Female,Delhi,Delhi,11-02-2024,07-10-2025,Fashion,4,4324.66,1081.16,0,No,0,0,30,180,22,14,0.3,UPI,Android,Instagram,Silver,Standard,2,3.9,Medium,Yes
CUST101399,Gabriel Majumdar,24,Female,Bihar,Gaya,31-01-2025,22-03-2025,Beauty & Personal Care,8,5757.27,719.66,1169.1,Yes,0,0,20,120,24,14,0.35,UPI,iPhone,Organic Search,Silver,Express,1,3.1,Medium,Yes
CUST101400,Ira Rana,34,Male,Odisha,Cuttack,02-10-2025,06-05-2026,Books,8,23545.9,2943.24,4068.29,Yes,1,0.12,18,108,18,8,0.222,Debit Card,Windows Laptop,Organic Search,None,Standard,2,3.2,High,No
CUST101401,Sai Vasa,33,Male,Karnataka,Mysuru,04-04-2025,14-08-2025,Sports & Fitness,6,10680.01,1780,4531.57,Yes,0,0,19,76,15,5,0.105,Net Banking,Android,Email,Gold,Express,2,5,Medium,Yes
CUST101402,Ekapad Chana,34,Male,Karnataka,Bengaluru,05-05-2025,04-11-2025,Electronics,9,5880.08,653.34,527.92,Yes,0,0,19,38,3,1,0.053,Net Banking,Android,Direct,None,Standard,1,5,Medium,Yes
CUST101403,Ijaya Palan,36,Female,West Bengal,Siliguri,18-07-2025,15-08-2026,Electronics,6,9008.22,1501.37,2713.36,Yes,1,0.17,21,126,23,16,0.333,UPI,Windows Laptop,Referral,Silver,Standard,0,4.1,Medium,No
CUST101404,Upkaar Hayer,23,Male,Kerala,Thiruvananthapuram,16-06-2024,15-02-2025,Beauty & Personal Care,2,2010.35,1005.18,676.79,Yes,1,0.5,20,60,5,3,0.05,Wallet,iPhone,Organic Search,Platinum,Standard,0,3.7,Low,Yes
CUST101405,Netra Agrawal,21,Male,Bihar,Gaya,24-08-2025,15-08-2026,Beauty & Personal Care,3,6279.23,2093.08,776.55,Yes,0,0,15,60,8,3,0.133,Cash on Delivery,Windows Laptop,YouTube,None,Standard,0,4.3,Low,No
CUST101406,Parth Ray,34,Female,Rajasthan,Udaipur,28-01-2026,11-07-2026,Fashion,7,4438.42,634.06,0,No,1,0.14,15,30,3,1,0.067,UPI,MacBook,YouTube,None,Standard,2,3.6,Medium,No
CUST101407,Elijah Thakur,26,Female,Punjab,Amritsar,22-06-2024,30-01-2025,Books,7,8810.55,1258.65,609.1,Yes,0,0,21,105,17,6,0.19,Net Banking,Android,Google Ads,Silver,Express,1,5,Medium,Yes
CUST101408,Harini Dada,18,Female,Madhya Pradesh,Bhopal,06-01-2025,22-03-2025,Books,6,9337.34,1556.22,0,No,0,0,18,108,20,9,0.222,UPI,Windows Laptop,Instagram,Silver,Standard,0,3.6,Medium,Yes
CUST101409,Zashil Savant,39,Female,Uttar Pradesh,Lucknow,21-08-2025,30-12-2025,Home & Kitchen,7,4339.92,619.99,0,No,0,0,10,60,7,4,0.3,UPI,MacBook,Organic Search,Silver,Standard,1,3.2,Medium,Yes
CUST101410,Veda Kohli,42,Female,Haryana,Gurugram,30-05-2026,15-08-2026,Books,3,4998.88,1666.29,0,No,0,0,25,125,24,13,0.4,Net Banking,Android,Instagram,None,Standard,1,4.2,Low,No
CUST101411,Tara Sharma,43,Male,Karnataka,Mysuru,29-05-2024,30-07-2024,Home & Kitchen,2,1872.9,936.45,768.95,Yes,0,0,16,96,15,10,0.438,Net Banking,iPhone,Google Ads,Silver,Express,1,4.6,Low,Yes
CUST101412,Vasatika Dada,32,Female,Maharashtra,Mumbai,05-09-2024,11-12-2025,Grocery,3,4227.84,1409.28,0,No,0,0,28,56,10,7,0.107,Credit Card,Android,Organic Search,Platinum,Express,3,4.1,Low,No
CUST101413,Ekansh Raja,36,Female,Delhi,Delhi,18-09-2025,15-08-2026,Home & Kitchen,7,14405.2,2057.89,0,No,1,0.14,27,108,19,8,0.222,Debit Card,Android,Direct,None,Express,1,5,Medium,No
CUST101414,Victor Mutti,42,Male,West Bengal,Durgapur,28-06-2024,01-05-2025,Electronics,10,63493.82,6349.38,24179.56,Yes,1,0.1,22,66,6,3,0.045,UPI,iPhone,Referral,Silver,Express,2,4.2,High,Yes
CUST101415,Ira Varty,26,Male,Uttar Pradesh,Noida,29-04-2024,12-07-2025,Books,5,8041.86,1608.37,0,No,0,0,27,135,24,15,0.259,Cash on Delivery,Android,Direct,Silver,Standard,0,3.8,Medium,Yes
CUST101416,Adya Kothari,40,Male,Jharkhand,Ranchi,28-01-2024,12-07-2025,Home & Kitchen,7,9918.88,1416.98,744.65,Yes,1,0.14,23,46,9,5,0.087,Cash on Delivery,Windows Laptop,Organic Search,Gold,Standard,0,5,Medium,No
CUST101417,Girik Rastogi,33,Male,West Bengal,Howrah,31-03-2026,15-08-2026,Grocery,3,11832.16,3944.05,1608.37,Yes,0,0,16,32,2,1,0.062,UPI,iPhone,Organic Search,Gold,Standard,1,4.4,Medium,No
CUST101418,Faqid Gokhale,38,Female,Maharashtra,Nashik,26-04-2024,01-12-2024,Fashion,5,12739.42,2547.88,5421.62,Yes,0,0,23,115,11,8,0.261,Debit Card,Tablet,Direct,Platinum,Express,1,3.6,Medium,Yes
CUST101419,Dipta Pandya,32,Male,Gujarat,Ahmedabad,03-12-2025,15-06-2026,Electronics,4,11960.46,2990.12,4137.87,Yes,0,0,29,116,17,10,0.241,Net Banking,Windows Laptop,Google Ads,Gold,Express,1,3.4,Medium,No
CUST101420,Amruta Goswami,41,Male,Jharkhand,Jamshedpur,18-10-2025,15-08-2026,Electronics,3,5065.6,1688.53,0,No,1,0.33,23,92,8,2,0.043,Cash on Delivery,Android,Direct,None,Standard,0,3.3,Low,No
CUST101421,Wishi Iyengar,33,Female,Tamil Nadu,Coimbatore,11-04-2026,24-07-2026,Home & Kitchen,7,17237.75,2462.54,4406.82,Yes,2,0.29,24,72,9,5,0.125,Cash on Delivery,Android,Referral,Gold,Same Day,0,2,Medium,Yes
CUST101422,Wyatt Lanka,19,Female,Rajasthan,Jaipur,18-09-2024,14-02-2026,Grocery,5,6777.74,1355.55,0,No,1,0.2,25,75,14,5,0.08,UPI,iPhone,Organic Search,Silver,Standard,,5,Medium,Yes
CUST101423,Veer Jain,43,Female,West Bengal,Siliguri,15-10-2025,14-02-2026,Fashion,5,7699.15,1539.83,2390.5,Yes,1,0.2,23,69,6,3,0.043,Cash on Delivery,Android,Organic Search,Gold,Standard,1,4,Medium,No
CUST101424,Ishani Dugal,23,Female,Maharashtra,Mumbai,17-09-2025,09-04-2026,Grocery,6,9529.29,1588.22,2278.86,Yes,0,0,16,64,6,2,0.062,Credit Card,iPhone,YouTube,None,Standard,0,4.6,Medium,No
CUST101425,Jagdish Brar,41,Male,Andhra Pradesh,Visakhapatnam,14-06-2026,15-08-2026,Grocery,1,1872.04,1872.04,0,No,0,0,21,126,12,5,0.143,UPI,MacBook,Direct,Silver,Express,1,,Low,No
CUST101426,Abeer Basak,30,Female,Andhra Pradesh,Visakhapatnam,23-02-2026,29-03-2026,Grocery,3,4612.13,1537.38,872.39,Yes,0,0,20,120,18,8,0.2,Debit Card,Android,YouTube,None,Standard,,2.4,Low,No
CUST101427,Kamya Murty,40,Male,West Bengal,Kolkata,07-02-2024,14-02-2025,Home & Kitchen,1,2600.29,2600.29,0,No,0,0,18,108,13,9,0.222,Cash on Delivery,Android,Referral,None,Express,2,,Low,Yes
CUST101428,Anvi Swaminathan,40,Male,Jharkhand,Jamshedpur,15-07-2024,30-03-2026,Books,2,4040.83,2020.42,0,No,0,0,13,65,12,8,0.308,Cash on Delivery,iPhone,Referral,None,Standard,1,4,Low,No
CUST101429,Yasti Mammen,34,Male,Bihar,Patna,08-06-2025,29-06-2025,Home & Kitchen,3,3945.32,1315.11,1017.65,Yes,1,0.33,17,85,13,8,0.235,Wallet,MacBook,Organic Search,Gold,Standard,0,5,Low,Yes
CUST101430,Tristan Dave,35,Male,Haryana,Faridabad,15-09-2025,15-08-2026,Home & Kitchen,5,7940.54,1588.11,2273.44,Yes,0,0,16,80,13,8,0.312,UPI,Windows Laptop,Email,None,Standard,0,,Medium,No
CUST101431,Pallavi Sridhar,34,Female,Gujarat,Vadodara,12-03-2025,19-12-2025,Fashion,7,6142.78,877.54,592.71,Yes,0,0,16,80,9,6,0.188,UPI,iPhone,Referral,None,Standard,1,4,Medium,No
CUST101432,Yadavi Palan,18,Female,Rajasthan,Jodhpur,10-10-2025,15-08-2026,Fashion,4,3422.12,855.53,0,No,1,0.25,21,84,12,5,0.143,Net Banking,Android,Google Ads,None,Standard,0,4.1,Medium,No
CUST101433,Owen Shankar,32,Female,Rajasthan,Jodhpur,14-11-2025,15-08-2026,Electronics,3,7850.71,2616.9,0,No,0,0,17,85,11,7,0.294,Cash on Delivery,Windows Laptop,Instagram,Gold,Same Day,0,3.6,Medium,No
CUST101434,Zarna Sharma,22,Male,Odisha,Cuttack,30-09-2025,15-08-2026,Beauty & Personal Care,7,17419.24,2488.46,1783.48,Yes,0,0,26,78,11,6,0.154,Credit Card,Windows Laptop,Instagram,Platinum,Standard,0,3.5,Medium,No
CUST101435,Abhiram Arora,32,Female,Maharashtra,Mumbai,23-05-2026,15-08-2026,Fashion,3,1881.47,627.16,153.79,Yes,2,0.67,24,120,21,13,0.292,UPI,Tablet,Email,Platinum,Standard,0,3.6,Low,No
CUST101436,Ladli Chaudhuri,22,Female,West Bengal,Durgapur,13-02-2025,21-03-2026,Fashion,6,4980.73,830.12,1529.92,Yes,0,0,22,44,6,3,0.091,Cash on Delivery,Android,Direct,Silver,Standard,0,4,Medium,No
CUST101437,Janaki Lad,22,Male,Tamil Nadu,Coimbatore,28-11-2024,02-09-2025,Grocery,9,20267.51,2251.95,3781.94,Yes,0,0,29,174,15,9,0.138,UPI,Android,Direct,None,Express,0,4.2,High,No
CUST101438,Adya Khalsa,44,Female,Odisha,Bhubaneswar,14-06-2025,26-09-2025,Fashion,4,4834.43,1208.61,0,No,0,0,29,58,7,3,0.034,Cash on Delivery,iPhone,Instagram,None,Standard,0,3.9,Medium,No
CUST101439,Urishilla Oza,40,Male,Karnataka,Bengaluru,09-04-2025,15-08-2026,Fashion,5,4586.81,917.36,1770.49,Yes,0,0,28,56,11,6,0.107,Credit Card,Windows Laptop,Google Ads,Gold,Express,0,4.3,Medium,No
CUST101440,Qarin Tara,31,Male,Odisha,Cuttack,20-12-2025,15-08-2026,Electronics,5,2383.52,476.7,448.24,Yes,0,0,19,57,11,8,0.211,Credit Card,Android,Organic Search,Silver,Standard,,3.8,Medium,No
CUST101441,Shivansh Saini,32,Female,Andhra Pradesh,Visakhapatnam,06-06-2024,08-03-2025,Grocery,7,7879.03,1125.58,0,No,0,0,19,76,14,8,0.263,Debit Card,Android,Referral,None,Express,2,4.6,Medium,Yes
CUST101442,Janya Rattan,29,Female,Maharashtra,Pune,08-06-2024,23-10-2025,Electronics,6,8780.92,1463.49,2325.45,Yes,0,0,16,48,5,3,0.125,Credit Card,Android,Instagram,Silver,Standard,0,5,Medium,Yes
CUST101443,Shravya Gole,36,Male,Odisha,Cuttack,29-11-2024,19-11-2025,Home & Kitchen,10,10082.15,1008.21,1564.62,Yes,0,0,13,52,4,1,0.077,UPI,Android,Organic Search,Silver,Same Day,1,5,Medium,No
CUST101444,Veer Chaudhry,26,Male,Gujarat,Surat,21-01-2026,15-08-2026,Home & Kitchen,5,3440.14,688.03,628.36,Yes,0,0,23,69,13,8,0.261,Credit Card,Android,Organic Search,Gold,Standard,1,3.4,Medium,No
CUST101445,Warinder Sankaran,39,Female,Haryana,Gurugram,10-01-2025,01-03-2026,Grocery,10,10821.23,1082.12,0,No,0,0,19,76,13,9,0.263,Credit Card,Android,YouTube,Silver,Standard,1,3.7,Medium,No
CUST101446,Rohan Dhingra,29,Female,Karnataka,Mysuru,19-03-2024,25-03-2025,Beauty & Personal Care,10,16108.77,1610.88,0,No,0,0,19,95,14,5,0.105,Credit Card,Android,Direct,Silver,Standard,0,5,High,No
CUST101447,Urvashi Andra,28,Male,Odisha,Cuttack,23-04-2026,15-08-2026,Sports & Fitness,7,24956.14,3565.16,9074.09,Yes,0,0,18,54,9,4,0.056,Debit Card,Android,Google Ads,Silver,Standard,1,3,Medium,No
CUST101448,Oviya Tata,31,Male,Punjab,Ludhiana,18-05-2026,15-08-2026,Electronics,6,7092.4,1182.07,2798.02,Yes,1,0.17,16,32,6,3,0.062,UPI,Android,Organic Search,None,Same Day,2,3.9,Medium,No
CUST101449,Zansi Walla,26,Male,Jharkhand,Ranchi,22-04-2026,15-08-2026,Fashion,3,7382.69,2460.9,0,No,0,0,26,78,7,4,0.077,UPI,Android,Instagram,None,Standard,0,4.1,Medium,No
CUST101450,Vidhi Mital,34,Female,Odisha,Bhubaneswar,15-07-2024,14-09-2024,Fashion,5,11113.35,2222.67,3503.4,Yes,0,0,18,36,3,1,0.056,UPI,Android,Referral,Silver,Express,0,3.9,Medium,Yes
CUST101451,Champak Rao,27,Male,Rajasthan,Udaipur,29-04-2024,28-10-2024,Electronics,6,5134.96,855.83,1795.72,Yes,0,0,21,84,13,6,0.143,UPI,iPhone,Organic Search,None,Standard,1,3.9,Medium,Yes
CUST101452,Nihal Bhasin,35,Male,Bihar,Muzaffarpur,29-01-2026,15-08-2026,Fashion,4,9276.77,2319.19,0,No,1,0.25,22,110,19,6,0.182,UPI,iPhone,Direct,Platinum,Same Day,1,4.3,Medium,No
CUST101453,Aachal Soni,41,Male,Haryana,Gurugram,12-10-2025,15-08-2026,Fashion,6,14626.24,2437.71,0,No,0,0,21,105,17,9,0.286,UPI,Windows Laptop,Direct,Silver,Express,0,4.1,Medium,No
CUST101454,Shivani Natt,25,Female,Uttar Pradesh,Kanpur,13-08-2024,17-02-2026,Home & Kitchen,3,3223.02,1074.34,369.75,Yes,0,0,21,105,12,5,0.095,UPI,Android,Instagram,None,Same Day,0,3.5,Low,No
CUST101455,Jalsa Parsa,30,Female,West Bengal,Kolkata,17-08-2025,23-06-2026,Grocery,6,7956.15,1326.02,0,No,0,0,24,48,8,5,0.083,Debit Card,Windows Laptop,Email,Gold,Standard,0,5,Medium,No
CUST101456,Hemangini Bahri,35,Female,Jharkhand,Jamshedpur,13-02-2025,25-07-2026,Home & Kitchen,4,3602.33,900.58,0,No,0,0,18,108,17,10,0.333,Debit Card,MacBook,Instagram,Silver,Standard,1,4.1,Medium,No
CUST101457,Jairaj Panchal,28,Male,Odisha,Bhubaneswar,21-06-2025,26-12-2025,Grocery,3,1848.83,616.28,538.06,Yes,0,0,25,150,12,5,0.16,UPI,iPhone,Organic Search,None,Express,1,4.4,Low,No
CUST101458,Owen Mane,35,Male,Odisha,Cuttack,01-10-2025,15-08-2026,Fashion,1,2680.98,2680.98,280.31,Yes,1,1,18,54,9,6,0.222,UPI,Windows Laptop,Instagram,None,Standard,1,3.9,Low,No
CUST101459,Ekta Uppal,35,Female,Karnataka,Bengaluru,04-01-2026,15-08-2026,Fashion,5,14282.7,2856.54,0,No,0,0,25,150,21,12,0.36,Credit Card,iPhone,Organic Search,None,Standard,0,4.1,Medium,No
CUST101460,Sanya Brar,40,Female,Bihar,Muzaffarpur,04-12-2024,13-08-2026,Beauty & Personal Care,7,7896.29,1128.04,3356.84,Yes,0,0,20,120,23,15,0.35,Credit Card,Windows Laptop,Organic Search,Silver,Same Day,0,3.6,Medium,No
CUST101461,Bhavini Sheth,26,Female,Telangana,Warangal,09-07-2025,22-05-2026,Electronics,4,3440.87,860.22,0,No,0,0,21,126,21,15,0.429,UPI,Android,Email,None,Standard,0,3.2,Medium,No
CUST101462,Oliver Nazareth,23,Female,Bihar,Muzaffarpur,18-08-2025,22-03-2026,Electronics,4,8226.61,2056.65,0,No,1,0.25,23,138,21,13,0.261,Credit Card,Android,Organic Search,Silver,Standard,1,4.6,Medium,Yes
CUST101463,Nidhi Bora,29,Female,Maharashtra,Pune,20-06-2025,15-08-2026,Home & Kitchen,5,10636.55,2127.31,1668.53,Yes,1,0.2,19,38,7,5,0.105,UPI,Android,Google Ads,Silver,Standard,3,3.5,Medium,No
CUST101464,Neel Oza,23,Female,Bihar,Gaya,07-08-2024,24-01-2025,Mobile Accessories,6,4415.37,735.9,0,No,0,0,12,60,10,4,0.167,UPI,MacBook,Google Ads,None,Express,1,3.9,Medium,Yes
CUST101465,Dipta Nadig,36,Female,Andhra Pradesh,Visakhapatnam,19-10-2024,16-11-2024,Grocery,3,3890.69,1296.9,1411.62,Yes,1,0.33,25,100,11,4,0.12,UPI,iPhone,Direct,None,Standard,0,5,Low,No
CUST101466,Amara Rana,22,Female,West Bengal,Siliguri,22-07-2024,25-08-2024,Electronics,2,7355.15,3677.58,1380.06,Yes,0,0,24,48,6,4,0.125,UPI,Android,YouTube,None,Standard,1,5,Medium,Yes
CUST101467,Sai Patil,50,Male,Andhra Pradesh,Visakhapatnam,29-05-2026,15-08-2026,Sports & Fitness,3,9535.54,3178.51,2594.23,Yes,0,0,19,114,19,10,0.368,UPI,iPhone,Organic Search,Silver,Standard,1,3.6,Medium,No
CUST101468,Odika Ganesh,41,Male,Gujarat,Surat,05-12-2025,10-06-2026,Grocery,10,6934.33,693.43,1595.88,Yes,0,0,22,132,25,16,0.318,Cash on Delivery,Android,Google Ads,Silver,Express,0,4.4,Medium,No
CUST101469,Arin Dass,31,Female,Haryana,Faridabad,28-05-2025,15-08-2026,Beauty & Personal Care,5,3186.94,637.39,0,No,0,0,24,48,5,2,0.042,Cash on Delivery,Windows Laptop,Organic Search,None,Standard,0,3.1,Medium,No
CUST101470,Zayan Buch,38,Male,Madhya Pradesh,Bhopal,20-07-2024,03-12-2024,Sports & Fitness,2,3532.81,1766.4,853.07,Yes,0,0,22,88,15,9,0.182,Net Banking,Android,Referral,Gold,Express,0,5,Low,Yes
CUST101471,Ojas Ranganathan,18,Female,Uttar Pradesh,Noida,15-05-2026,15-08-2026,Home & Kitchen,6,12551.2,2091.87,0,No,1,0.17,21,105,18,6,0.19,Debit Card,Android,Organic Search,Silver,Standard,0,4.2,Medium,No
CUST101472,Girish Bhatt,51,Male,Kerala,Kozhikode,01-02-2024,17-08-2024,Fashion,4,8184.5,2046.12,0,No,0,0,21,126,12,4,0.095,UPI,Android,Organic Search,Silver,Standard,1,4.9,Medium,Yes
CUST101473,Chatura Bal,26,Male,Haryana,Gurugram,29-03-2024,13-11-2025,Home & Kitchen,3,5349.2,1783.07,1762.34,Yes,1,0.33,20,60,6,4,0.05,UPI,Android,Organic Search,Gold,Standard,1,4.3,Low,Yes
CUST101474,Fiyaz Chawla,30,Male,Gujarat,Ahmedabad,20-07-2024,21-09-2024,Beauty & Personal Care,6,9924.07,1654.01,2590.2,Yes,1,0.17,28,112,16,8,0.214,UPI,Windows Laptop,Referral,None,Express,0,3.8,Medium,Yes
CUST101475,Nachiket Chad,18,Male,Tamil Nadu,Coimbatore,20-11-2025,03-06-2026,Beauty & Personal Care,6,7341.45,1223.58,,Yes,0,0,21,126,17,7,0.143,Credit Card,Windows Laptop,Instagram,Silver,Express,1,3.9,Medium,No
CUST101476,Dayamai Karnik,35,Male,Odisha,Bhubaneswar,05-12-2025,15-08-2026,Beauty & Personal Care,2,1993.41,996.7,0,No,1,0.5,21,63,6,4,0.095,UPI,iPhone,Google Ads,Silver,Standard,0,3.8,Low,Yes
CUST101477,Bhanumati Savant,22,Male,Madhya Pradesh,Bhopal,02-11-2025,15-08-2026,Mobile Accessories,4,7074.94,1768.74,513.26,Yes,0,0,20,40,3,2,0.05,UPI,Android,Email,None,Express,1,4.4,Medium,No
CUST101478,Karan Vyas,32,Female,Madhya Pradesh,Indore,19-10-2024,16-10-2025,Books,8,7513.21,939.15,3239.02,Yes,0,0,19,95,19,11,0.368,Wallet,Windows Laptop,YouTube,None,Standard,0,3.6,Medium,Yes
CUST101479,Ayush Banerjee,27,Male,Madhya Pradesh,Indore,16-12-2025,15-08-2026,Books,9,4898.66,544.3,610.43,Yes,0,0,26,78,8,4,0.077,UPI,Tablet,Organic Search,Platinum,Standard,2,4.1,Medium,Yes
CUST101480,Eshana Soni,22,Male,Gujarat,Surat,22-01-2026,26-06-2026,Sports & Fitness,6,8615.69,1435.95,0,No,1,0.17,22,132,17,12,0.364,UPI,Windows Laptop,Organic Search,Gold,Standard,0,4.2,Medium,Yes
CUST101481,Anita Saxena,25,Male,Punjab,Amritsar,24-04-2024,20-10-2025,Mobile Accessories,7,11331.23,1618.75,3335.68,Yes,0,0,21,63,9,3,0.048,UPI,iPhone,Organic Search,None,Standard,3,3,Medium,No
CUST101482,Peter Shan,33,Female,Maharashtra,Nagpur,22-12-2025,15-08-2026,Electronics,5,20652.99,4130.6,0,No,2,0.4,20,40,3,1,0.05,UPI,Android,Google Ads,None,Standard,1,3.3,Medium,Yes
CUST101483,Dayita Palan,21,Female,Uttar Pradesh,Kanpur,09-08-2024,07-12-2025,Fashion,8,9168.27,1146.03,3513.8,Yes,0,0,16,96,9,6,0.25,Debit Card,Android,Organic Search,None,Standard,0,2.9,Medium,Yes
CUST101484,Utkarsh Chakraborty,25,Female,West Bengal,Kolkata,30-06-2024,03-04-2025,Home & Kitchen,4,2585,646.25,987.11,Yes,0,0,19,76,11,7,0.211,Debit Card,Android,Organic Search,None,Express,0,3.9,Medium,Yes
CUST101485,Darika Pau,36,Male,Tamil Nadu,Madurai,09-02-2026,16-07-2026,Sports & Fitness,5,14707.08,2941.42,6489.28,Yes,1,0.2,31,93,16,10,0.161,Credit Card,iPhone,Organic Search,None,Express,2,4,Medium,No
CUST101486,Abha Dugal,52,Male,Telangana,Warangal,13-04-2025,20-09-2025,Home & Kitchen,5,6642.2,1328.44,0,No,1,0.2,19,76,15,10,0.421,Credit Card,Android,Organic Search,Platinum,Express,2,4.6,Medium,No
CUST101487,Advaith Acharya,35,Female,Gujarat,Ahmedabad,01-03-2025,03-01-2026,Grocery,5,5220.21,1044.04,0,No,0,0,30,60,12,5,0.1,Net Banking,Tablet,Google Ads,Platinum,Standard,0,3.5,Medium,No
CUST101488,Hemangini Mangat,24,Female,Odisha,Cuttack,05-07-2025,15-08-2026,Electronics,6,4694.8,782.47,1950.38,Yes,0,0,28,84,13,7,0.107,UPI,iPhone,Instagram,None,Express,3,3.2,Medium,No
CUST101489,Abhiram Swamy,28,Male,Telangana,Warangal,21-04-2026,15-08-2026,Fashion,6,12423.48,2070.58,0,No,0,0,17,85,10,3,0.118,UPI,Android,Google Ads,None,Express,1,3.7,Medium,No
CUST101490,Chandani Andra,31,Male,Gujarat,Ahmedabad,13-04-2026,15-08-2026,Grocery,6,9945.02,1657.5,3963.28,Yes,0,0,14,28,4,1,0.071,UPI,Windows Laptop,Organic Search,Gold,Standard,0,4.4,Medium,No
CUST101491,Brinda Kashyap,28,Male,Delhi,Delhi,29-02-2024,06-10-2025,Electronics,4,5362.23,1340.56,305.98,Yes,0,0,15,45,7,4,0.2,UPI,Android,Organic Search,Silver,Standard,0,5,Medium,Yes
CUST101492,Kashvi Gulati,38,Male,Telangana,Hyderabad,29-04-2025,15-08-2026,Fashion,3,6868.28,2289.43,1729.07,Yes,0,0,16,48,5,3,0.125,Net Banking,MacBook,Organic Search,None,Standard,0,4.2,Low,No
CUST101493,Rajeshri Rana,33,Female,Delhi,Delhi,11-01-2024,17-03-2025,Fashion,7,17473.67,2496.24,7321.13,Yes,0,0,13,65,11,4,0.154,UPI,iPhone,Referral,None,Standard,3,,Medium,No
CUST101494,Nihal Ramakrishnan,38,Female,Maharashtra,Pune,23-09-2025,22-01-2026,Fashion,6,10412.8,1735.47,1608.91,Yes,1,0.17,21,63,6,3,0.095,UPI,iPhone,Referral,None,Standard,2,4.4,Medium,No
CUST101495,Thomas Lall,28,Male,Uttar Pradesh,Lucknow,19-01-2025,17-12-2025,Grocery,7,13467.46,1923.92,0,No,0,0,21,63,7,2,0.048,Wallet,Android,Direct,None,Standard,1,4.2,Medium,Yes
CUST101496,Pahal Khatri,42,Male,Odisha,Cuttack,13-02-2025,27-04-2025,Fashion,9,13111.51,1456.83,700.04,Yes,0,0,15,60,12,5,0.2,UPI,Android,Direct,Gold,Same Day,0,4.1,Medium,No
CUST101497,Bhavani Wali,30,Female,Bihar,Patna,11-02-2024,09-11-2024,Beauty & Personal Care,4,15217.18,3804.3,0,No,1,0.25,26,104,15,6,0.154,Credit Card,Tablet,Email,None,Standard,1,3.2,Medium,Yes
CUST101498,Nitara Guha,23,Female,Gujarat,Surat,02-12-2025,15-08-2026,Electronics,8,7383.66,922.96,1777.47,Yes,0,0,27,162,16,7,0.148,Credit Card,Windows Laptop,Organic Search,None,Standard,0,4.4,Medium,No
CUST101499,Qabil Deshpande,48,Female,Telangana,Hyderabad,02-05-2024,29-10-2025,Sports & Fitness,5,3587.17,717.43,332,Yes,1,0.2,26,78,13,7,0.154,Cash on Delivery,Windows Laptop,Organic Search,None,Express,0,3.8,Medium,No
CUST101500,Indrajit Shah,18,Male,Haryana,Gurugram,01-12-2025,30-05-2026,Fashion,7,4262.26,608.89,597.73,Yes,1,0.14,22,44,4,2,0.045,Debit Card,Android,Referral,Silver,Standard,0,3.8,Medium,Yes
CUST101501,Anita Swamy,25,Female,Rajasthan,Jodhpur,08-09-2024,17-10-2024,Beauty & Personal Care,6,11186.73,1864.46,0,No,0,0,15,30,2,1,0.067,UPI,iPhone,Email,None,Express,1,4.7,Medium,Yes
CUST101502,Ekani Bahl,26,Male,Rajasthan,Jodhpur,26-08-2025,13-09-2025,Grocery,4,4812.83,1203.21,1167.58,Yes,0,0,20,60,12,8,0.25,Cash on Delivery,Android,YouTube,Silver,Standard,1,4.5,Medium,No
CUST101503,Chandran Warrior,51,Male,West Bengal,Siliguri,28-04-2025,15-05-2025,Fashion,10,7985.11,798.51,0,No,0,0,17,102,14,5,0.118,Cash on Delivery,Android,Google Ads,None,Standard,2,3.3,Medium,Yes
CUST101504,Quincy Chaudry,45,Male,Tamil Nadu,Chennai,31-07-2024,06-10-2025,Books,6,6799.08,1133.18,2847.86,Yes,0,0,21,84,15,8,0.238,Net Banking,Windows Laptop,Organic Search,None,Same Day,2,5,Medium,No
CUST101505,Amruta Dass,43,Female,Telangana,Warangal,09-04-2026,15-08-2026,Beauty & Personal Care,6,24270.07,4045.01,9814.96,Yes,0,0,22,88,17,12,0.273,UPI,Android,Referral,None,Express,3,4.8,Medium,No
CUST101506,Abhiram Kaul,28,Male,Gujarat,Surat,14-12-2025,15-08-2026,Home & Kitchen,9,17405.04,1933.89,0,No,0,0,23,138,22,9,0.174,UPI,iPhone,Instagram,Gold,Standard,0,3.5,High,No
CUST101507,Matthew Aurora,50,Female,Uttar Pradesh,Varanasi,24-09-2024,31-03-2026,Fashion,6,18990.44,3165.07,0,No,1,0.17,25,75,7,4,0.12,UPI,iPhone,Google Ads,None,Express,0,2.6,Medium,No
CUST101508,Teerth Oommen,34,Male,Uttar Pradesh,Noida,28-10-2025,15-08-2026,Mobile Accessories,5,2804.81,560.96,0,No,0,0,29,174,21,9,0.241,Credit Card,Android,Instagram,Silver,Express,0,4.3,Medium,No
CUST101509,Devika Tara,39,Male,Uttar Pradesh,Lucknow,07-12-2025,03-02-2026,Grocery,7,11852.94,1693.28,0,No,0,0,22,44,5,3,0.091,UPI,Android,Email,None,Express,1,4.3,Medium,No
CUST101510,Ubika Balay,32,Male,Madhya Pradesh,Indore,23-06-2025,15-08-2026,Fashion,4,7810.55,1952.64,0,No,0,0,28,84,13,8,0.179,UPI,Windows Laptop,YouTube,None,Standard,0,3.4,Medium,Yes
CUST101511,Faris Dhingra,31,Male,Punjab,Amritsar,06-12-2025,22-05-2026,Fashion,3,5360.92,1786.97,1238.84,Yes,0,0,30,90,12,7,0.133,Cash on Delivery,Windows Laptop,YouTube,None,Standard,0,5,Low,No
CUST101512,Amaira Ramanathan,29,Male,Kerala,Thiruvananthapuram,04-01-2026,08-08-2026,Sports & Fitness,4,5489.32,1372.33,1287.85,Yes,3,0.75,20,120,16,11,0.3,Net Banking,Android,Google Ads,None,Standard,0,4,Medium,No
CUST101513,Upma Golla,29,Male,Jharkhand,Ranchi,10-09-2025,11-08-2026,Grocery,5,11082.18,2216.44,0,No,0,0,16,96,16,9,0.312,UPI,Android,Google Ads,None,Express,0,4.1,Medium,No
CUST101514,Zashil Raj,36,Male,West Bengal,Durgapur,22-10-2025,15-08-2026,Grocery,2,4099.95,2049.98,0,No,0,0,23,115,9,4,0.087,UPI,iPhone,Direct,Silver,Standard,2,4.3,Low,No
CUST101515,Jairaj Kothari,34,Male,Karnataka,Bengaluru,14-05-2024,08-06-2024,Home & Kitchen,3,3935.28,1311.76,0,No,0,0,16,80,7,3,0.062,UPI,Tablet,Instagram,Silver,Standard,0,5,Low,Yes
CUST101516,Saanvi Kota,31,Female,West Bengal,Howrah,12-05-2025,15-08-2026,Grocery,5,5542.7,1108.54,368.44,Yes,0,0,28,112,22,12,0.214,Debit Card,iPhone,Organic Search,Silver,Standard,0,4.3,Medium,Yes
CUST101517,Rushil Sharma,43,Male,Bihar,Gaya,29-08-2025,27-04-2026,Home & Kitchen,6,3601.09,600.18,0,No,0,0,15,75,14,7,0.333,Debit Card,Windows Laptop,Referral,None,Same Day,0,4.2,Medium,No
CUST101518,Sathvik Solanki,18,Female,Assam,Dibrugarh,20-02-2026,15-08-2026,Fashion,2,1107.59,553.79,442.96,Yes,1,0.5,18,72,15,10,0.389,Debit Card,Android,Referral,Gold,Express,2,3.1,Low,Yes
CUST101519,Devika Naidu,35,Male,Delhi,Delhi,04-06-2026,15-08-2026,Beauty & Personal Care,3,2704.56,901.52,0,No,0,0,18,36,3,1,0.056,Cash on Delivery,Android,Google Ads,Gold,Same Day,0,4.1,Low,No
CUST101520,Brijesh Verma,37,Male,Assam,Guwahati,05-05-2024,31-08-2025,Mobile Accessories,5,5484.76,1096.95,0,No,0,0,20,100,12,6,0.15,Net Banking,Android,Email,None,Standard,0,5,Medium,Yes
CUST101521,Zehaan Srivastava,40,Female,West Bengal,Durgapur,24-12-2024,22-01-2025,Fashion,2,2085.12,1042.56,131.18,Yes,0,0,24,144,13,6,0.167,Wallet,Android,Direct,Platinum,Standard,1,3.6,Low,Yes
CUST101522,Rushil Patel,30,Female,Jharkhand,Ranchi,17-05-2025,27-07-2025,Home & Kitchen,7,9538.11,1362.59,2494.27,Yes,0,0,24,96,16,6,0.125,UPI,iPhone,Email,None,Same Day,3,4.2,Medium,No
CUST101523,Tejas Chowdhury,33,Male,Telangana,Hyderabad,20-04-2026,15-08-2026,Grocery,4,9667.89,2416.97,0,No,0,0,27,108,20,7,0.111,Net Banking,Android,Organic Search,None,Standard,0,1.9,Medium,No
CUST101524,Radha Nair,39,Female,Maharashtra,Nashik,13-11-2024,30-01-2025,Beauty & Personal Care,10,5834.67,583.47,1265.02,Yes,0,0,25,50,8,4,0.12,Debit Card,Android,Email,Silver,Same Day,2,5,Medium,No
CUST101525,Oliver Majumdar,43,Female,Rajasthan,Jaipur,12-01-2024,12-09-2024,Sports & Fitness,5,9366.9,1873.38,0,No,0,0,21,105,17,9,0.333,UPI,Android,Google Ads,Silver,Standard,0,4,Medium,Yes
CUST101526,Meghana Kibe,29,Other,Delhi,New Delhi,21-04-2025,16-05-2025,Grocery,3,4297.58,1432.53,608.88,Yes,0,0,17,102,19,10,0.412,Debit Card,Android,Organic Search,None,Standard,0,4,Low,Yes
CUST101527,Brijesh Soman,33,Female,Tamil Nadu,Chennai,20-10-2024,29-07-2026,Electronics,5,2461.99,492.4,318.91,Yes,0,0,16,64,5,3,0.062,UPI,Windows Laptop,Direct,Silver,Standard,0,4.5,Medium,No
CUST101528,Kamya Chakraborty,44,Male,Tamil Nadu,Madurai,15-03-2025,08-11-2025,Mobile Accessories,6,15006.92,2501.15,869.25,Yes,1,0.17,17,34,6,3,0.118,UPI,Android,Instagram,None,Express,1,4.3,Medium,No
CUST101529,Nakul Tata,18,Male,Madhya Pradesh,Indore,17-03-2026,15-08-2026,Grocery,4,3336.84,834.21,948.36,Yes,0,0,18,36,7,3,0.111,UPI,Android,Direct,Silver,Standard,1,4.4,Medium,No
CUST101530,Hamsini Bhasin,25,Female,Uttar Pradesh,Varanasi,03-05-2026,15-08-2026,Sports & Fitness,7,37380.97,5340.14,4866.12,Yes,0,0,25,125,21,13,0.36,Debit Card,Android,YouTube,Gold,Express,1,3.3,Medium,Yes
CUST101531,Ishani Dube,43,Other,Tamil Nadu,Madurai,30-05-2025,15-08-2026,Grocery,6,14427.6,2404.6,0,No,2,0.33,28,168,29,21,0.5,UPI,MacBook,Google Ads,None,Standard,0,5,Medium,No
CUST101532,Jeremiah Sura,40,Female,Uttar Pradesh,Kanpur,26-03-2026,02-06-2026,Sports & Fitness,4,4295.64,1073.91,0,No,1,0.25,22,110,18,7,0.227,Debit Card,Windows Laptop,YouTube,None,Standard,0,4.9,Medium,No
CUST101533,Edhitha Palan,35,Female,Kerala,Kozhikode,25-01-2025,15-07-2025,Electronics,4,5667.73,1416.93,1544.83,Yes,1,0.25,19,76,14,9,0.263,Net Banking,Windows Laptop,Direct,Gold,Standard,0,4.3,Medium,No
CUST101534,Reyansh Bail,27,Male,Tamil Nadu,Coimbatore,11-11-2024,18-06-2026,Fashion,8,4778.45,597.31,1203.57,Yes,0,0,23,138,18,8,0.174,Debit Card,Windows Laptop,YouTube,Platinum,Standard,1,5,Medium,No
CUST101535,Ishita Desai,24,Male,Gujarat,Vadodara,10-11-2025,15-08-2026,Books,6,19912.26,3318.71,2710.54,Yes,0,0,26,130,26,16,0.385,Wallet,Android,Email,None,Standard,2,4.1,Medium,No
CUST101536,Balveer Sundaram,26,Female,Maharashtra,Pune,08-01-2024,24-02-2025,Fashion,4,3933.24,983.31,0,No,0,0,21,126,14,8,0.19,UPI,Android,Direct,Gold,Standard,0,3.8,Medium,Yes
CUST101537,Chaitaly Suri,43,Female,Karnataka,Mangaluru,22-05-2025,13-07-2026,Electronics,7,8879.8,1268.54,3878.86,Yes,2,0.29,19,38,3,1,0.053,Net Banking,Tablet,Google Ads,Silver,Express,1,4.3,Medium,Yes
CUST101538,Rachit Pall,26,Other,Odisha,Cuttack,03-05-2024,26-12-2025,Grocery,7,7538.14,1076.88,1345.63,Yes,0,0,27,54,4,2,0.037,Wallet,Android,Organic Search,Gold,Express,1,4.9,Medium,No
CUST101539,Upadhriti Maharaj,32,Female,Karnataka,Mysuru,06-01-2025,19-04-2025,Sports & Fitness,4,8148.43,2037.11,0,No,0,0,17,51,4,2,0.059,Credit Card,MacBook,Direct,None,Standard,2,3.8,Medium,No
CUST101540,Ekapad Wali,25,Male,Uttar Pradesh,Noida,09-11-2024,09-07-2026,Electronics,5,7448.17,1489.63,0,No,0,0,24,48,6,2,0.042,UPI,MacBook,Direct,Gold,Express,0,3.8,Medium,No
CUST101541,Shivani Merchant,38,Female,Kerala,Kochi,03-07-2024,19-01-2025,Sports & Fitness,8,6329.32,791.16,0,No,1,0.12,17,85,13,8,0.353,UPI,iPhone,YouTube,None,Express,0,3.4,Medium,Yes
CUST101542,Jeevika Setty,27,Female,Maharashtra,Nagpur,30-06-2025,01-10-2025,Grocery,4,7896.29,1974.07,1299.2,Yes,0,0,26,52,8,3,0.038,Credit Card,Android,Direct,Gold,Same Day,2,4.1,Medium,No
CUST101543,Yashawini Raghavan,30,Female,Uttar Pradesh,Varanasi,07-08-2025,13-01-2026,Home & Kitchen,1,2768.67,2768.67,0,No,0,0,22,88,13,9,0.227,Debit Card,iPhone,YouTube,None,Standard,1,4.2,Low,Yes
CUST101544,Anirudh Patla,18,Male,Delhi,New Delhi,01-06-2026,29-06-2026,Sports & Fitness,6,7881.04,1313.51,0,No,0,0,22,44,4,1,0.045,Credit Card,iPhone,YouTube,None,Standard,2,3.4,Medium,No
CUST101545,Ekani Bhatnagar,18,Male,Andhra Pradesh,Visakhapatnam,08-06-2025,15-08-2026,Home & Kitchen,4,1904.84,476.21,394.17,Yes,0,0,20,100,20,8,0.2,Cash on Delivery,Tablet,YouTube,None,Standard,0,2.7,Medium,No
CUST101546,Ranveer Viswanathan,31,Female,Rajasthan,Udaipur,08-02-2024,24-02-2024,Fashion,10,16030.24,1603.02,0,No,0,0,32,128,14,4,0.062,Debit Card,Android,Email,Gold,Express,1,3.8,High,Yes
CUST101547,Mitesh Mandal,20,Male,Madhya Pradesh,Indore,24-03-2024,05-09-2025,Fashion,6,3796.06,632.68,0,No,1,0.17,28,84,16,11,0.25,UPI,iPhone,Google Ads,None,Standard,2,4.3,Medium,No
CUST101548,Nimrat Nagy,48,Female,Uttar Pradesh,Kanpur,21-01-2024,10-04-2024,Home & Kitchen,7,4146.37,592.34,561.99,Yes,0,0,20,40,7,5,0.15,Cash on Delivery,iPhone,Google Ads,Silver,Standard,1,5,Medium,Yes
CUST101549,Gopal Virk,18,Male,West Bengal,Kolkata,09-09-2024,27-05-2025,Beauty & Personal Care,10,5721.35,572.14,1303.28,Yes,0,0,19,57,7,2,0.053,Cash on Delivery,Android,Organic Search,Gold,Standard,1,4.6,Medium,No
CUST101550,Caleb Dayal,25,Male,Bihar,Muzaffarpur,29-10-2024,07-07-2026,Sports & Fitness,7,14425.39,2060.77,2054.24,Yes,0,0,21,105,14,7,0.238,Debit Card,MacBook,Email,None,Standard,2,5,Medium,No
CUST101551,Azad Jaggi,31,Female,Jharkhand,Jamshedpur,14-09-2024,02-12-2025,Sports & Fitness,6,4232.12,705.35,0,No,0,0,20,120,23,11,0.3,UPI,Android,Google Ads,None,Standard,0,3.8,Medium,Yes
CUST101552,Vedika Handa,28,Male,Uttar Pradesh,Kanpur,22-03-2026,15-08-2026,Beauty & Personal Care,4,8566.35,2141.59,1586.56,Yes,0,0,21,105,22,14,0.333,Credit Card,iPhone,Organic Search,None,Express,3,4.4,Medium,No
CUST101553,Azad Rama,22,Female,Punjab,Chandigarh,25-06-2025,26-02-2026,Grocery,5,9584.96,1916.99,3881.87,Yes,0,0,30,60,6,2,0.033,Credit Card,Android,Instagram,None,Standard,0,4,Medium,No
CUST101554,Aahana Bawa,23,Male,Haryana,Faridabad,01-10-2025,15-08-2026,Fashion,3,2089.92,696.64,377.1,Yes,0,0,11,33,5,2,0.091,UPI,Windows Laptop,Direct,None,Standard,2,5,Low,No
CUST101555,Timothy Bobal,23,Female,Delhi,Delhi,02-04-2026,15-08-2026,Electronics,4,6274.39,1568.6,764.21,Yes,1,0.25,14,70,6,2,0.071,Wallet,Windows Laptop,YouTube,Gold,Standard,0,4.5,Medium,No
CUST101556,Sathvik Swamy,29,Male,Karnataka,Bengaluru,05-07-2025,06-08-2026,Books,5,11800.01,2360,0,No,1,0.2,24,72,6,3,0.042,Debit Card,Android,Email,Gold,Express,0,2.5,Medium,No
CUST101557,Upadhriti Bhat,47,Male,Uttar Pradesh,Noida,05-04-2025,18-06-2025,Electronics,4,3303.18,825.8,898.65,Yes,1,0.25,18,72,10,6,0.111,UPI,Tablet,Organic Search,Silver,Standard,1,3.7,Medium,Yes
CUST101558,Ojasvi Pillay,32,Female,Gujarat,Ahmedabad,31-08-2025,15-08-2026,Fashion,6,16316.29,2719.38,0,No,1,0.17,20,60,4,2,0.05,Credit Card,Android,Organic Search,Silver,Express,1,3,Medium,No
CUST101559,Amaira Wadhwa,40,Female,Punjab,Ludhiana,11-08-2024,10-10-2025,Grocery,6,7693.91,1282.32,0,No,0,0,20,100,20,11,0.3,Net Banking,Android,Referral,None,Standard,0,5,Medium,No
CUST101560,Ekavir Modi,35,Male,Assam,Guwahati,01-04-2024,07-07-2024,Home & Kitchen,6,5566.44,927.74,,No,0,0,19,76,10,5,0.158,UPI,Windows Laptop,Google Ads,Silver,Standard,0,3.5,Medium,Yes
CUST101561,Tarak Venkataraman,40,Other,Telangana,Warangal,06-10-2024,02-01-2025,Books,6,11328.96,1888.16,0,No,0,0,24,120,16,5,0.125,UPI,Android,Direct,None,Standard,0,4.4,Medium,Yes
CUST101562,Harrison Kashyap,18,Male,Delhi,New Delhi,18-06-2024,09-05-2025,Fashion,6,6284.57,1047.43,2648.07,Yes,1,0.17,23,138,17,7,0.217,Wallet,iPhone,Referral,None,Standard,0,4,Medium,Yes
CUST101563,Ranveer Hans,29,Female,Madhya Pradesh,Bhopal,06-03-2026,15-08-2026,Electronics,4,10769.38,2692.34,0,No,1,0.25,26,52,6,4,0.077,UPI,Tablet,Referral,Silver,Express,0,3.8,Medium,No
CUST101564,Praneel Sagar,41,Male,Tamil Nadu,Madurai,03-01-2026,12-02-2026,Fashion,3,1834.03,611.34,646.5,Yes,1,0.33,27,135,12,5,0.111,Credit Card,Android,Organic Search,Silver,Express,2,3.4,Low,Yes
CUST101565,Ishita Shanker,26,Male,Punjab,Ludhiana,20-09-2025,15-08-2026,Beauty & Personal Care,3,9328.84,3109.61,1190.97,Yes,0,0,18,72,11,4,0.111,Credit Card,Windows Laptop,Referral,Silver,Standard,2,3.8,Medium,No
CUST101566,Hemang Ganesan,45,Male,Gujarat,Ahmedabad,04-09-2024,30-09-2025,Fashion,5,7341.6,1468.32,0,No,0,0,26,156,18,7,0.192,Wallet,Windows Laptop,Instagram,None,Standard,1,4.1,Medium,Yes
CUST101567,Neelima Thaman,43,Male,Odisha,Bhubaneswar,26-12-2024,09-09-2025,Beauty & Personal Care,5,11138.33,2227.67,0,No,0,0,17,51,6,3,0.059,Credit Card,Tablet,Organic Search,Silver,Express,0,3.9,Medium,Yes
CUST101568,Nakul Walla,27,Female,Maharashtra,Nagpur,14-12-2024,15-08-2026,Books,4,4055.52,1013.88,758.31,Yes,1,0.25,21,105,13,6,0.19,Wallet,Android,YouTube,None,Standard,1,4.5,Medium,No
CUST101569,Indira Murty,27,Male,Bihar,Patna,15-05-2026,15-08-2026,Books,9,15071.83,1674.65,1704.28,Yes,1,0.11,20,100,12,7,0.25,UPI,Android,Organic Search,Gold,Standard,1,2.9,High,No
CUST101570,Kamya Sachar,23,Male,Gujarat,Vadodara,10-03-2025,20-09-2025,Fashion,3,987.56,329.19,0,No,2,0.67,21,63,12,8,0.19,UPI,Windows Laptop,Instagram,None,Express,0,3.1,Low,Yes
CUST101571,Ekiya Khosla,26,Male,Uttar Pradesh,Noida,09-02-2025,15-08-2026,Home & Kitchen,5,7770.68,1554.14,2288.13,Yes,1,0.2,20,80,11,4,0.15,UPI,Windows Laptop,Organic Search,Silver,Standard,1,4.6,Medium,No
CUST101572,Keya Kumar,21,Male,Karnataka,Mysuru,23-08-2025,30-05-2026,Beauty & Personal Care,4,2529.51,632.38,0,No,1,0.25,19,57,8,3,0.053,UPI,Windows Laptop,Organic Search,Gold,Same Day,1,,Medium,Yes
CUST101573,Sneha Sem,34,Female,Kerala,Kochi,18-03-2024,03-10-2025,Mobile Accessories,4,8139.08,2034.77,0,No,1,0.25,25,150,28,16,0.48,Wallet,Android,Google Ads,None,Express,2,3,Medium,Yes
CUST101574,Aadi Banerjee,19,Female,Haryana,Faridabad,02-04-2025,01-05-2026,Mobile Accessories,5,5354.57,1070.91,0,No,0,0,14,70,8,3,0.143,Wallet,Android,Google Ads,Silver,Express,1,4.3,Medium,No
CUST101575,Amol Vasa,36,Female,Karnataka,Mysuru,08-08-2025,07-11-2025,Fashion,9,8730.38,970.04,2618.71,Yes,0,0,18,54,10,6,0.167,UPI,Android,Instagram,None,Standard,0,4,Medium,No
CUST101576,Chasmum Ahuja,36,Female,Maharashtra,Nashik,26-01-2025,15-08-2026,Grocery,3,2276.79,758.93,672.64,Yes,0,0,20,100,10,6,0.2,Credit Card,Windows Laptop,Direct,None,Express,1,4.7,Low,No
CUST101577,Tristan Kala,18,Female,West Bengal,Kolkata,14-01-2024,05-07-2025,Fashion,4,6436.22,1609.06,,Yes,1,0.25,18,90,16,10,0.389,UPI,MacBook,Organic Search,None,Standard,0,2.3,Medium,No
CUST101578,Anthony Majumdar,43,Other,Bihar,Muzaffarpur,14-02-2024,17-04-2024,Electronics,8,7385.33,923.17,0,No,1,0.12,25,125,12,5,0.12,UPI,iPhone,Organic Search,None,Standard,0,2.9,Medium,Yes
CUST101579,Girindra Barad,35,Male,Uttar Pradesh,Lucknow,07-02-2024,01-11-2024,Electronics,3,3892.97,1297.66,1463.22,Yes,0,0,15,45,7,4,0.133,Debit Card,Android,Instagram,Gold,Standard,0,4.5,Low,Yes
CUST101580,Ishani Dugal,37,Male,Uttar Pradesh,Noida,19-02-2025,20-03-2026,Home & Kitchen,6,5558.29,926.38,0,No,0,0,22,66,9,4,0.091,Net Banking,MacBook,Google Ads,None,Same Day,1,4.5,Medium,Yes
CUST101581,Alka Peri,25,Male,Delhi,Delhi,01-09-2024,22-05-2025,Home & Kitchen,4,3354.18,838.54,379.17,Yes,0,0,21,42,3,1,0.048,Debit Card,Android,YouTube,Platinum,Standard,,4.6,Medium,No
CUST101582,Viraj Kunda,36,Male,Telangana,Hyderabad,02-03-2024,27-05-2024,Electronics,5,6253.9,1250.78,815.93,Yes,0,0,21,63,10,7,0.19,UPI,Android,Email,None,Standard,1,4.5,Medium,Yes
CUST101583,George Ratta,40,Female,Uttar Pradesh,Lucknow,07-05-2025,11-08-2026,Grocery,4,4116.87,1029.22,0,No,1,0.25,16,96,16,8,0.25,Cash on Delivery,Windows Laptop,Instagram,Gold,Express,0,4.1,Medium,No
CUST101584,Faras Nair,30,Female,Rajasthan,Jodhpur,30-08-2025,15-08-2026,Fashion,5,11611.81,2322.36,4982.62,Yes,0,0,23,92,9,4,0.087,Net Banking,Android,Google Ads,None,Standard,1,3.7,Medium,No
CUST101585,Oscar Sura,47,Male,Andhra Pradesh,Vijayawada,18-11-2024,12-08-2025,Beauty & Personal Care,5,12884.24,2576.85,1351.1,Yes,0,0,13,26,5,2,0.077,Credit Card,iPhone,Organic Search,Gold,Standard,3,2.8,Medium,No
CUST101586,Charita Barad,31,Female,Maharashtra,Mumbai,08-09-2024,18-07-2025,Fashion,1,686.58,686.58,275.67,Yes,0,0,25,125,13,5,0.12,Credit Card,Tablet,Email,Silver,Express,2,5,Low,No
CUST101587,Farhan Bhalla,40,Male,Odisha,Cuttack,12-04-2025,25-06-2025,Electronics,4,7084.39,1771.1,930.54,Yes,1,0.25,28,84,10,6,0.071,Credit Card,iPhone,Organic Search,Silver,Express,0,3.4,Medium,Yes
CUST101588,Ijaya Saraf,33,Male,Gujarat,Surat,01-03-2024,07-03-2025,Home & Kitchen,6,5848.69,974.78,1107.61,Yes,1,0.17,16,64,11,7,0.312,Debit Card,Windows Laptop,Instagram,None,Standard,0,4.9,Medium,Yes
CUST101589,Jai Karan,36,Female,Gujarat,Surat,19-02-2026,09-08-2026,Fashion,4,2755.67,688.92,276.53,Yes,0,0,19,76,8,4,0.158,Net Banking,MacBook,Google Ads,Silver,Standard,1,3.7,Medium,No
CUST101590,Lavanya Bhagat,18,Female,Kerala,Thiruvananthapuram,28-04-2024,19-04-2025,Beauty & Personal Care,5,8535.47,1707.09,779.67,Yes,1,0.2,30,120,25,16,0.3,Net Banking,Android,YouTube,Silver,Express,0,3.9,Medium,Yes
CUST101591,Benjamin Nagar,34,Female,Odisha,Cuttack,27-03-2024,29-10-2024,Fashion,7,11969.15,1709.88,0,No,0,0,27,135,22,9,0.259,Cash on Delivery,Windows Laptop,Instagram,Gold,Standard,0,3.5,Medium,Yes
CUST101592,Eta Thakkar,25,Female,Andhra Pradesh,Vijayawada,17-08-2025,05-10-2025,Home & Kitchen,3,974.67,324.89,182.36,Yes,0,0,20,40,7,2,0.05,UPI,iPhone,Google Ads,None,Standard,1,4.1,Low,No
CUST101593,Michael Bedi,24,Male,Maharashtra,Pune,20-03-2024,20-09-2025,Electronics,2,5120.06,2560.03,1328.54,Yes,0,0,20,80,7,2,0.05,Credit Card,Android,Organic Search,Gold,Standard,2,4.4,Low,No
CUST101594,Sanaya Thaman,45,Male,Maharashtra,Nagpur,15-08-2024,28-11-2025,Grocery,8,17358.94,2169.87,2262.27,Yes,1,0.12,21,42,8,4,0.143,Debit Card,Android,Organic Search,Gold,Standard,3,2.9,High,Yes
CUST101595,Tristan Sankaran,29,Male,Kerala,Kochi,27-04-2025,23-10-2025,Grocery,4,5604.44,1401.11,0,No,0,0,16,96,15,5,0.188,Debit Card,Android,Referral,None,Express,2,4.5,Medium,Yes
CUST101596,Meera Divan,23,Female,Uttar Pradesh,Varanasi,25-03-2026,06-05-2026,Electronics,5,4122.9,824.58,1173.24,Yes,0,0,13,78,14,9,0.538,Net Banking,Windows Laptop,Instagram,Silver,Standard,0,5,Medium,No
CUST101597,Gayathri Butala,28,Male,Tamil Nadu,Coimbatore,14-09-2025,15-08-2026,Home & Kitchen,6,10892.43,1815.4,0,No,2,0.33,19,76,6,3,0.105,Cash on Delivery,Android,Email,Silver,Standard,0,4.5,Medium,No
CUST101598,Chandran Rastogi,21,Male,Maharashtra,Mumbai,31-05-2026,15-08-2026,Electronics,4,4078.14,1019.54,446.67,Yes,1,0.25,22,88,14,9,0.273,Wallet,Android,Direct,None,Standard,3,4.7,Medium,No
CUST101599,Frederick Rastogi,42,Female,Maharashtra,Nagpur,05-11-2024,07-06-2026,Beauty & Personal Care,3,9171.62,3057.21,0,No,1,0.33,26,156,27,16,0.5,UPI,Android,Referral,None,Express,4,,Medium,No
CUST101600,Kalpit Deshmukh,25,Female,Haryana,Faridabad,05-08-2025,30-05-2026,Fashion,7,13407.1,1915.3,5211.35,Yes,1,0.14,21,42,6,2,0.048,Net Banking,Android,Direct,Gold,Standard,0,3.7,Medium,No
CUST101601,Rudra Sura,35,Female,Karnataka,Bengaluru,29-04-2025,07-03-2026,Home & Kitchen,7,8788.67,1255.52,0,No,0,0,26,52,10,4,0.077,Wallet,Tablet,Organic Search,None,Express,2,4.3,Medium,No
CUST101602,Rohan Viswanathan,42,Male,Tamil Nadu,Coimbatore,19-04-2026,15-08-2026,Home & Kitchen,7,5844.81,834.97,0,No,0,0,23,46,9,4,0.087,Net Banking,Android,Instagram,None,Express,0,3.3,Medium,No
CUST101603,Xavier Bora,27,Male,Delhi,Delhi,25-01-2024,27-09-2025,Books,4,7517.21,1879.3,817.56,Yes,0,0,20,60,6,3,0.1,UPI,iPhone,Google Ads,None,Same Day,2,3.9,Medium,No
CUST101604,Qushi Naik,35,Male,Telangana,Warangal,01-03-2026,15-08-2026,Beauty & Personal Care,4,8035.08,2008.77,485.38,Yes,0,0,27,162,14,10,0.148,Wallet,Android,Organic Search,Gold,Standard,1,2.9,Medium,No
CUST101605,Isaiah Sachdev,23,Female,West Bengal,Siliguri,20-07-2024,22-10-2025,Beauty & Personal Care,5,5088.58,1017.72,2120.03,Yes,0,0,18,54,10,6,0.222,Cash on Delivery,Android,Google Ads,None,Standard,1,,Medium,No
CUST101606,Jasmit Pall,51,Male,Rajasthan,Jodhpur,12-08-2024,21-03-2025,Home & Kitchen,8,11266.19,1408.27,3712.6,Yes,3,0.38,20,60,8,3,0.1,UPI,iPhone,Email,None,Express,1,4.9,Medium,Yes
CUST101607,Ekani Padmanabhan,38,Female,West Bengal,Siliguri,17-02-2026,15-08-2026,Mobile Accessories,8,9316.69,1164.59,3473.89,Yes,0,0,20,120,10,3,0.1,Credit Card,Android,YouTube,Gold,Express,1,2.4,Medium,No
CUST101608,Dalaja Gara,29,Other,Madhya Pradesh,Bhopal,24-05-2025,15-08-2026,Grocery,3,1508.31,502.77,254.01,Yes,0,0,19,57,5,3,0.053,UPI,iPhone,Email,Silver,Standard,1,,Low,No
CUST101609,Riya Dhingra,25,Male,Delhi,New Delhi,05-03-2026,15-08-2026,Fashion,4,2030.57,507.64,0,No,1,0.25,19,57,6,3,0.105,Credit Card,Android,Instagram,None,Express,0,5,Medium,No
CUST101610,Chaitanya Kaur,30,Male,Uttar Pradesh,Varanasi,20-09-2025,15-08-2026,Sports & Fitness,7,10411.18,1487.31,2531.5,Yes,1,0.14,24,120,9,3,0.042,UPI,iPhone,Google Ads,None,Express,0,4.3,Medium,No
CUST101611,Kashvi Dugal,28,Female,Haryana,Gurugram,01-08-2025,15-08-2026,Home & Kitchen,7,18876.09,2696.58,8418.81,Yes,0,0,20,120,17,11,0.25,Debit Card,MacBook,Instagram,None,Standard,0,3.4,Medium,No
CUST101612,Isaiah Bhagat,47,Female,Bihar,Gaya,12-07-2025,01-08-2026,Sports & Fitness,5,3818.84,763.77,1577.24,Yes,0,0,18,72,9,5,0.222,Credit Card,iPhone,Organic Search,None,Standard,1,4.5,Medium,No
CUST101613,Manbir Mani,21,Female,Uttar Pradesh,Noida,22-01-2026,15-08-2026,Sports & Fitness,9,8511.95,945.77,670.82,Yes,0,0,21,84,7,4,0.095,Wallet,Windows Laptop,Direct,None,Standard,0,3.1,Medium,No
CUST101614,Hemal Choudhry,32,Male,Tamil Nadu,Madurai,20-11-2025,15-08-2026,Fashion,6,10367.18,1727.86,1297.07,Yes,0,0,18,36,4,2,0.056,Debit Card,MacBook,Email,Gold,Standard,,3.5,Medium,No
CUST101615,Shivani Sinha,31,Male,Tamil Nadu,Madurai,03-06-2025,15-08-2026,Grocery,8,12100.22,1512.53,0,No,0,0,27,54,9,5,0.111,Cash on Delivery,Windows Laptop,Organic Search,Silver,Standard,1,3.2,Medium,No
CUST101616,Garima Kadakia,30,Female,Odisha,Cuttack,01-07-2024,14-12-2025,Fashion,6,9366.69,1561.12,0,No,0,0,23,92,17,9,0.217,Cash on Delivery,Windows Laptop,Direct,Silver,Standard,0,3.2,Medium,Yes
CUST101617,Samar Virk,30,Female,Andhra Pradesh,Visakhapatnam,17-03-2024,21-06-2024,Fashion,7,11971.21,1710.17,4547.69,Yes,0,0,24,48,3,1,0.042,UPI,Windows Laptop,Organic Search,Platinum,Standard,3,4.7,Medium,Yes
CUST101618,Vasudha Dhaliwal,30,Male,Bihar,Gaya,01-03-2025,12-07-2025,Fashion,6,8976.09,1496.02,1113.05,Yes,0,0,20,60,5,1,0.05,Cash on Delivery,Windows Laptop,Referral,None,Same Day,1,,Medium,Yes
CUST101619,Krisha Vyas,38,Male,Uttar Pradesh,Lucknow,07-03-2024,18-01-2025,Grocery,4,5137.28,1284.32,1352.3,Yes,0,0,18,72,15,10,0.278,UPI,iPhone,Google Ads,Gold,Standard,0,4.5,Medium,Yes
CUST101620,Aadhya Garde,36,Female,Kerala,Kochi,21-10-2025,07-06-2026,Fashion,3,2355.86,785.29,0,No,0,0,23,92,15,11,0.304,UPI,Android,Instagram,None,Express,0,4.3,Low,No
CUST101621,Bhanumati Iyer,34,Male,Gujarat,Ahmedabad,08-05-2025,19-06-2025,Electronics,4,4889.56,1222.39,0,No,0,0,18,36,6,2,0.056,Credit Card,Android,Referral,Gold,Standard,0,3,Medium,Yes
CUST101622,Chatresh Shroff,18,Female,West Bengal,Kolkata,15-11-2025,15-08-2026,Grocery,1,2494.64,2494.64,0,No,0,0,24,48,6,4,0.083,Credit Card,Android,Google Ads,Silver,Standard,0,,Low,No
CUST101623,Ekalinga Rama,33,Male,Uttar Pradesh,Noida,30-06-2025,15-08-2026,Electronics,2,3118.41,1559.2,521.13,Yes,0,0,21,63,9,6,0.143,Wallet,Windows Laptop,Organic Search,Silver,Standard,1,3.4,Low,No
CUST101624,Jagvi Chokshi,18,Female,Jharkhand,Ranchi,17-03-2024,01-09-2025,Electronics,2,3162.07,1581.04,830.42,Yes,0,0,19,57,8,2,0.053,Credit Card,iPhone,Referral,None,Express,0,3.8,Low,No
CUST101625,Brinda Raju,36,Female,Karnataka,Mangaluru,02-03-2026,15-08-2026,Fashion,5,3750.98,750.2,1216.23,Yes,0,0,16,80,10,4,0.188,Credit Card,Android,Organic Search,None,Same Day,1,4,Medium,No
CUST101626,Lajita Trivedi,43,Male,Odisha,Bhubaneswar,27-11-2025,15-08-2026,Fashion,3,2949.55,983.18,0,No,0,0,24,96,16,9,0.208,Cash on Delivery,Android,Organic Search,Platinum,Standard,1,3.9,Low,No
CUST101627,Diya Sundaram,24,Female,Karnataka,Bengaluru,24-02-2024,25-05-2025,Home & Kitchen,2,1357.76,678.88,0,No,0,0,17,51,8,4,0.118,UPI,iPhone,Organic Search,Silver,Standard,2,4.2,Low,Yes
CUST101628,Quincy Issac,29,Female,Uttar Pradesh,Kanpur,28-08-2025,17-10-2025,Electronics,4,1836.27,459.07,213.23,Yes,0,0,21,63,13,9,0.333,Cash on Delivery,Android,Referral,Gold,Express,0,4.2,Medium,No
CUST101629,Anthony Baral,26,Female,Maharashtra,Nashik,17-04-2025,14-01-2026,Mobile Accessories,9,11943.58,1327.06,2318.48,Yes,0,0,16,48,3,1,0.062,UPI,Android,Direct,None,Standard,2,3.4,Medium,Yes
CUST101630,Dalaja Nath,41,Male,Gujarat,Surat,17-10-2025,21-02-2026,Grocery,6,5845.03,974.17,1392.58,Yes,0,0,30,90,18,9,0.167,Credit Card,iPhone,Google Ads,Silver,Standard,1,4.2,Medium,No
CUST101631,Maya Dugar,32,Female,Kerala,Kochi,03-09-2024,08-07-2025,Fashion,5,8507.22,1701.44,0,No,0,0,19,76,16,10,0.316,Net Banking,Android,Google Ads,None,Standard,1,5,Medium,Yes
CUST101632,Idika Pandey,45,Female,Telangana,Hyderabad,14-03-2025,11-04-2025,Fashion,4,8548.36,2137.09,2302.46,Yes,0,0,22,44,4,2,0.045,Credit Card,Android,Organic Search,Platinum,Standard,,3.7,Medium,Yes
CUST101633,Chasmum Keer,34,Female,Bihar,Gaya,12-12-2025,15-08-2026,Home & Kitchen,3,3295.03,1098.34,1311.39,Yes,1,0.33,18,36,3,1,0.056,Wallet,Windows Laptop,Organic Search,Gold,Express,0,3.1,Low,Yes
CUST101634,David Kurian,33,Female,Madhya Pradesh,Indore,17-01-2026,20-06-2026,Beauty & Personal Care,6,15043.81,2507.3,0,No,1,0.17,29,174,15,6,0.069,UPI,Android,Organic Search,Platinum,Standard,0,3.9,Medium,No
CUST101635,Ayushman Mammen,32,Male,Jharkhand,Jamshedpur,09-11-2024,29-11-2025,Electronics,6,9767.53,1627.92,1762.81,Yes,1,0.17,18,36,4,1,0.056,UPI,Android,Direct,None,Standard,1,4.7,Medium,Yes
CUST101636,Max Om,38,Male,Delhi,Delhi,15-11-2024,30-01-2026,Fashion,3,8780.65,2926.88,0,No,0,0,14,28,4,2,0.071,Cash on Delivery,iPhone,YouTube,None,Express,1,4.6,Medium,Yes
CUST101637,Laksh Chahal,18,Female,Gujarat,Vadodara,07-08-2024,26-11-2024,Sports & Fitness,5,3437.39,687.48,1239.93,Yes,0,0,19,114,12,6,0.211,UPI,Android,Organic Search,Gold,Standard,1,4.4,Medium,No
CUST101638,Utkarsh Sahni,32,Male,Maharashtra,Pune,23-04-2026,15-08-2026,Fashion,2,4594.05,2297.02,694.34,Yes,0,0,19,95,18,11,0.263,Cash on Delivery,Android,YouTube,None,Standard,0,5,Low,Yes
CUST101639,Michael Sandhu,30,Female,Andhra Pradesh,Visakhapatnam,05-01-2025,27-12-2025,Home & Kitchen,8,7018.23,877.28,1834.49,Yes,0,0,26,130,27,18,0.385,Credit Card,Android,Organic Search,Silver,Standard,2,5,Medium,No
CUST101640,Forum Sen,37,Female,Assam,Guwahati,03-08-2024,22-12-2025,Books,6,5631.38,938.56,0,No,1,0.17,27,162,13,5,0.111,Wallet,Android,Instagram,Gold,Standard,0,4.9,Medium,No
CUST101641,Samuel Devi,29,Male,Uttar Pradesh,Noida,18-02-2024,16-07-2025,Grocery,3,4389.06,1463.02,883.39,Yes,1,0.33,14,84,12,6,0.143,Credit Card,Android,Direct,None,Standard,1,3.9,Low,No
CUST101642,Lakshit More,23,Female,Punjab,Chandigarh,07-03-2026,15-08-2026,Fashion,7,6610.14,944.31,579.41,Yes,0,0,17,68,5,2,0.059,Net Banking,Tablet,YouTube,Silver,Standard,2,5,Medium,No
CUST101643,Qushi Dhillon,31,Male,Uttar Pradesh,Noida,07-04-2025,27-10-2025,Grocery,2,3735.04,1867.52,794.65,Yes,0,0,25,150,25,17,0.52,Debit Card,Android,YouTube,Silver,Standard,2,3.6,Low,Yes
CUST101644,Eesha Bir,22,Female,Bihar,Muzaffarpur,27-04-2024,01-08-2024,Electronics,5,8811.58,1762.32,1007.62,Yes,1,0.2,12,48,6,3,0.083,UPI,Tablet,Referral,Gold,Same Day,0,4.7,Medium,No
CUST101645,Qarin Nadkarni,18,Male,Maharashtra,Nashik,22-03-2024,02-10-2024,Grocery,10,17245.42,1724.54,2940.48,Yes,0,0,20,100,19,8,0.2,Debit Card,iPhone,Organic Search,Gold,Standard,0,3.6,High,Yes
CUST101646,Ayushman Nagar,37,Male,Kerala,Kochi,19-09-2024,22-11-2025,Home & Kitchen,4,4611.4,1152.85,0,No,0,0,17,68,14,10,0.412,Debit Card,Android,Organic Search,Silver,Express,2,4.6,Medium,No
CUST101647,Nisha Mitter,36,Male,Maharashtra,Nagpur,11-08-2025,08-12-2025,Sports & Fitness,6,13116.71,2186.12,0,No,0,0,27,54,8,5,0.148,Wallet,MacBook,Google Ads,Gold,Standard,1,4.5,Medium,No
CUST101648,Anusha Doshi,35,Female,Punjab,Chandigarh,23-12-2025,15-08-2026,Mobile Accessories,4,7415.06,1853.76,0,No,1,0.25,21,42,8,3,0.095,Credit Card,Android,Organic Search,None,Standard,1,3.9,Medium,No
CUST101649,Hredhaan Deep,41,Male,Madhya Pradesh,Bhopal,10-05-2025,18-04-2026,Books,2,2756.16,1378.08,833.46,Yes,0,0,22,132,26,17,0.591,Credit Card,Android,Organic Search,None,Standard,0,2.6,Low,No
CUST101650,Atharv Loke,26,Male,Kerala,Kozhikode,25-09-2025,15-06-2026,Books,6,8406.16,1401.03,3696.9,Yes,0,0,24,120,11,7,0.208,Debit Card,Android,Google Ads,Silver,Same Day,0,5,Medium,No
CUST101651,Vincent Kashyap,20,Male,West Bengal,Kolkata,16-04-2026,11-07-2026,Home & Kitchen,5,4733.62,946.72,1355.05,Yes,0,0,18,108,14,8,0.333,Debit Card,Android,Instagram,Gold,Standard,0,5,Medium,No
CUST101652,Jagrati Buch,30,Male,Tamil Nadu,Chennai,24-08-2025,18-01-2026,Fashion,9,7381.62,820.18,0,No,1,0.11,24,120,15,8,0.208,Debit Card,iPhone,Organic Search,None,Standard,2,5,Medium,Yes
CUST101653,Krish Thakkar,28,Female,Delhi,New Delhi,08-02-2026,15-08-2026,Home & Kitchen,6,7437.95,1239.66,2853.65,Yes,0,0,14,56,6,2,0.071,Credit Card,Tablet,Direct,None,Express,0,3.1,Medium,Yes
CUST101654,Kashvi Gour,24,Male,Telangana,Hyderabad,03-11-2025,03-02-2026,Grocery,9,6769.51,752.17,2339.55,Yes,0,0,23,46,8,3,0.087,Cash on Delivery,Android,Referral,Silver,Standard,0,4.8,Medium,No
CUST101655,Vyanjana Som,30,Female,Maharashtra,Mumbai,24-06-2024,29-01-2026,Books,4,3264.68,816.17,0,No,0,0,33,99,12,5,0.091,UPI,Android,Referral,None,Express,0,4,Medium,No
CUST101656,Nihal Hans,26,Female,Jharkhand,Jamshedpur,15-03-2026,15-08-2026,Fashion,3,2105,701.67,457.13,Yes,1,0.33,23,69,9,3,0.043,UPI,Tablet,Direct,None,Standard,0,3.8,Low,No
CUST101657,Bachittar Rege,18,Female,Uttar Pradesh,Varanasi,29-03-2024,15-08-2024,Books,9,19169.64,2129.96,5308.27,Yes,0,0,19,76,6,3,0.053,Cash on Delivery,Android,YouTube,Silver,Standard,0,3.5,High,Yes
CUST101658,Anamika Sachar,27,Male,Tamil Nadu,Chennai,30-09-2025,25-10-2025,Sports & Fitness,11,9828.6,893.51,1253.02,Yes,0,0,20,60,9,3,0.1,Wallet,Android,Instagram,None,Standard,2,5,Medium,No
CUST101659,Samaksh Jayaraman,22,Female,Gujarat,Ahmedabad,24-12-2024,20-04-2026,Mobile Accessories,8,14699.74,1837.47,4370.21,Yes,0,0,22,110,10,3,0.091,Debit Card,Tablet,Instagram,Silver,Express,1,4.3,Medium,No
CUST101660,Peter Sarna,33,Male,Gujarat,Vadodara,12-10-2024,07-12-2025,Books,5,4020.64,804.13,1028.15,Yes,0,0,20,80,16,6,0.2,UPI,Windows Laptop,Organic Search,Platinum,Standard,3,4.1,Medium,No
CUST101661,Ekta Shankar,26,Female,Uttar Pradesh,Varanasi,23-10-2024,03-12-2024,Fashion,6,8005.67,1334.28,2975.95,Yes,0,0,17,51,9,5,0.176,Credit Card,Android,Google Ads,Gold,Express,1,4.4,Medium,No
CUST101662,Prisha Ravel,40,Other,Rajasthan,Udaipur,16-09-2024,25-04-2025,Electronics,6,5712.91,952.15,2348.11,Yes,1,0.17,24,72,8,3,0.042,UPI,Android,Email,None,Standard,0,4.2,Medium,Yes
CUST101663,Lajita Munshi,44,Female,Assam,Guwahati,30-04-2026,15-08-2026,Electronics,2,3470.4,1735.2,0,No,0,0,18,36,2,1,0.056,Credit Card,iPhone,Instagram,None,Standard,,4.8,Low,No
CUST101664,Balvan Verma,36,Female,Rajasthan,Jodhpur,19-04-2025,11-03-2026,Fashion,6,26647.98,4441.33,0,No,1,0.17,16,80,7,5,0.125,UPI,Android,Organic Search,Platinum,Standard,0,2.6,Medium,Yes
CUST101665,Siya Shan,19,Other,Andhra Pradesh,Vijayawada,25-01-2026,15-08-2026,Beauty & Personal Care,5,5384.54,1076.91,0,No,2,0.4,21,63,6,2,0.048,UPI,Android,Direct,None,Standard,0,3.8,Medium,No
CUST101666,Yatan Venkataraman,43,Female,Punjab,Ludhiana,14-09-2025,09-08-2026,Sports & Fitness,5,6383.23,1276.65,2662.78,Yes,0,0,13,26,3,1,0.077,UPI,Android,Referral,Gold,Standard,1,3.1,Medium,No
CUST101667,Balveer Ram,44,Male,Karnataka,Bengaluru,19-06-2025,27-01-2026,Books,7,4432.89,633.27,1701.21,Yes,0,0,16,32,5,3,0.125,Net Banking,iPhone,YouTube,Platinum,Same Day,2,4.3,Medium,No
CUST101668,Ranveer Manne,31,Male,Jharkhand,Jamshedpur,15-07-2025,15-08-2026,Beauty & Personal Care,4,10192.43,2548.11,706.71,Yes,0,0,20,60,5,1,0.05,UPI,Android,Direct,Platinum,Same Day,1,3,Medium,No
CUST101669,Mitali Modi,42,Male,Maharashtra,Mumbai,06-02-2024,12-12-2024,Electronics,4,12664.79,3166.2,0,No,0,0,35,210,37,19,0.257,UPI,Tablet,Direct,None,Standard,0,3.2,Medium,Yes
CUST101670,Triya Ganesan,27,Male,Punjab,Ludhiana,29-06-2024,19-08-2025,Fashion,8,7280.46,910.06,795.87,Yes,0,0,25,75,11,6,0.12,UPI,Windows Laptop,Organic Search,None,Standard,0,4.3,Medium,Yes
CUST101671,Chaitaly Bhagat,18,Female,Telangana,Warangal,03-02-2026,15-08-2026,Electronics,4,4709.2,1177.3,1981.51,Yes,1,0.25,14,28,4,2,0.071,Credit Card,Tablet,Referral,Silver,Standard,1,3.9,Medium,No
CUST101672,Ubika Seth,25,Female,Haryana,Faridabad,25-01-2024,03-09-2025,Fashion,5,7914.26,1582.85,2766.48,Yes,1,0.2,22,44,9,6,0.182,UPI,Windows Laptop,Direct,None,Standard,1,4.3,Medium,Yes
CUST101673,Xiti Chowdhury,45,Male,Haryana,Faridabad,14-12-2024,29-04-2025,Home & Kitchen,3,4685.42,1561.81,1230.92,Yes,1,0.33,20,60,12,4,0.1,Credit Card,Android,Direct,None,Standard,2,3.3,Low,Yes
CUST101674,Krishna Ramaswamy,19,Female,Madhya Pradesh,Indore,28-09-2025,26-01-2026,Electronics,6,4955.93,825.99,2189.33,Yes,0,0,22,132,24,12,0.318,Debit Card,Windows Laptop,Direct,None,Standard,0,3.9,Medium,No
CUST101675,Ekiya Seshadri,31,Male,Madhya Pradesh,Bhopal,26-06-2025,15-08-2025,Fashion,7,4880.43,697.2,0,No,1,0.14,18,72,12,6,0.167,Credit Card,Android,Email,None,Standard,0,4.1,Medium,No
CUST101676,Praneel Setty,31,Other,Tamil Nadu,Madurai,18-01-2026,15-08-2026,Electronics,3,1929.5,643.17,0,No,0,0,14,84,15,11,0.5,Cash on Delivery,iPhone,Direct,None,Standard,0,3.1,Low,No
CUST101677,Suhani Chana,27,Female,Maharashtra,Nagpur,14-08-2024,08-11-2024,Beauty & Personal Care,6,15058.3,2509.72,4423.41,Yes,0,0,23,138,24,15,0.304,Credit Card,iPhone,Google Ads,None,Standard,0,3.6,Medium,No
CUST101678,Ekiya Gade,27,Female,Gujarat,Surat,13-12-2024,18-07-2026,Home & Kitchen,4,6806.92,1701.73,1267.32,Yes,1,0.25,15,90,7,5,0.133,UPI,Windows Laptop,Organic Search,Silver,Express,0,4.2,Medium,No
CUST101679,Gavin Comar,32,Female,Karnataka,Mysuru,07-02-2024,06-08-2024,Home & Kitchen,7,25348.37,3621.2,6188.86,Yes,0,0,25,75,16,6,0.08,Debit Card,Android,Organic Search,Platinum,Standard,1,3.8,Medium,Yes
CUST101680,Janani Chada,27,Male,Odisha,Bhubaneswar,17-01-2025,09-09-2025,Home & Kitchen,6,5004.25,834.04,721.38,Yes,0,0,25,100,16,5,0.08,UPI,Windows Laptop,Email,Silver,Same Day,1,3.5,Medium,No
CUST101681,Yasti Dutta,20,Female,Telangana,Hyderabad,23-07-2025,21-10-2025,Mobile Accessories,4,5841.78,1460.44,1874.31,Yes,1,0.25,16,96,14,10,0.25,Credit Card,Android,Instagram,None,Express,1,4.3,Medium,No
CUST101682,Lajita Bassi,33,Male,Andhra Pradesh,Vijayawada,23-08-2024,05-04-2025,Fashion,5,7007.66,1401.53,0,No,1,0.2,24,144,20,9,0.208,Wallet,Android,Google Ads,Gold,Standard,0,3.7,Medium,Yes
CUST101683,Gautami Doctor,40,Male,Bihar,Gaya,29-06-2024,26-02-2025,Home & Kitchen,7,13408.45,1915.49,0,No,0,0,27,135,15,9,0.222,UPI,Windows Laptop,Referral,None,Standard,4,4.3,Medium,Yes
CUST101684,Maanav Gola,38,Female,Punjab,Chandigarh,23-04-2024,03-08-2025,Grocery,5,10285.49,2057.1,4425.99,Yes,0,0,21,126,18,7,0.19,Cash on Delivery,Windows Laptop,Organic Search,Silver,Same Day,2,4.5,Medium,No
CUST101685,Oni Morar,25,Male,Maharashtra,Nashik,01-11-2024,17-03-2026,Beauty & Personal Care,4,34585.77,8646.44,8666.08,Yes,3,0.75,22,110,20,11,0.273,Credit Card,Windows Laptop,Organic Search,Silver,Standard,1,4.5,Medium,No
CUST101686,Sanaya Mani,21,Female,Haryana,Gurugram,11-05-2024,11-09-2025,Books,7,53994.46,7713.49,0,No,0,0,31,124,14,10,0.226,Net Banking,Android,Google Ads,None,Standard,0,4.2,Medium,No
CUST101687,Jacob Deep,29,Female,Assam,Dibrugarh,13-12-2024,01-05-2026,Fashion,5,7375.04,1475.01,949.7,Yes,0,0,21,126,24,15,0.333,Net Banking,Android,Organic Search,Gold,Standard,1,4,Medium,Yes
CUST101688,Aarush Kulkarni,44,Male,Rajasthan,Jaipur,28-06-2024,23-07-2025,Home & Kitchen,3,10167.73,3389.24,0,No,1,0.33,12,24,2,1,0.083,Debit Card,Android,Google Ads,None,Express,1,4.1,Medium,Yes
CUST101689,Tara Tank,36,Female,Uttar Pradesh,Kanpur,18-02-2025,21-10-2025,Electronics,3,2768.45,922.82,1137.75,Yes,0,0,21,63,12,8,0.286,UPI,Windows Laptop,Organic Search,Silver,Express,0,5,Low,Yes
CUST101690,Abdul Tak,37,Male,Madhya Pradesh,Bhopal,12-08-2025,08-04-2026,Beauty & Personal Care,6,6299.42,1049.9,1803.98,Yes,0,0,23,46,7,2,0.043,Wallet,Android,Organic Search,None,Standard,1,3.6,Medium,No
CUST101691,Teerth Soni,38,Female,Karnataka,Mysuru,01-01-2026,15-08-2026,Fashion,3,2248.95,749.65,556.26,Yes,0,0,24,144,28,15,0.5,Cash on Delivery,MacBook,Instagram,None,Standard,1,,Low,No
CUST101692,Nimrat Sathe,34,Female,Rajasthan,Jaipur,15-10-2025,15-08-2026,Electronics,3,4609.33,1536.44,0,No,0,0,25,150,20,11,0.2,Wallet,Android,Organic Search,Silver,Express,0,3.7,Low,No
CUST101693,Abeer Konda,32,Male,Gujarat,Vadodara,19-01-2025,15-08-2026,Beauty & Personal Care,5,8809.76,1761.95,1272.84,Yes,2,0.4,19,95,11,3,0.105,Wallet,Windows Laptop,Referral,None,Express,1,4.4,Medium,No
CUST101694,Sarthak Bawa,36,Male,Maharashtra,Pune,26-05-2025,28-08-2025,Beauty & Personal Care,5,28057.68,5611.54,0,No,0,0,15,60,10,3,0.067,Credit Card,Windows Laptop,Organic Search,None,Standard,0,4.2,Medium,No
CUST101695,Manbir Bhakta,27,Male,Telangana,Warangal,12-02-2024,24-09-2025,Electronics,5,3450.45,690.09,468.21,Yes,0,0,25,50,6,3,0.08,UPI,iPhone,Referral,None,Standard,1,4.6,Medium,No
CUST101696,Balhaar Dhillon,20,Female,West Bengal,Durgapur,24-04-2025,04-12-2025,Grocery,2,5243.87,2621.94,593.62,Yes,0,0,20,120,25,15,0.45,Credit Card,Android,Organic Search,None,Standard,0,2.1,Low,No
CUST101697,Chanchal Narula,37,Male,West Bengal,Siliguri,27-04-2024,04-03-2025,Beauty & Personal Care,4,4789.76,1197.44,2021.37,Yes,0,0,27,81,14,10,0.259,UPI,Android,Direct,None,Standard,0,4.5,Medium,Yes
CUST101698,Chandran Chopra,41,Male,Maharashtra,Pune,24-07-2025,15-08-2026,Fashion,8,8266.81,1033.35,1265.07,Yes,0,0,19,57,7,3,0.053,Credit Card,Windows Laptop,Google Ads,None,Standard,0,4,Medium,No
CUST101699,Pranav Edwin,22,Female,Andhra Pradesh,Visakhapatnam,01-03-2024,03-09-2024,Home & Kitchen,3,3636.88,1212.29,1436.55,Yes,2,0.67,23,92,9,4,0.043,Credit Card,Android,Google Ads,Silver,Standard,0,4.5,Low,Yes
CUST101700,Peter Shah,38,Female,Uttar Pradesh,Kanpur,06-07-2025,17-10-2025,Grocery,11,47973.22,4361.2,0,No,0,0,26,52,8,4,0.115,Credit Card,Android,Google Ads,None,Express,0,4.3,High,No
CUST101701,Balendra Chander,44,Female,Andhra Pradesh,Vijayawada,24-02-2026,15-08-2026,Home & Kitchen,3,1149.24,383.08,233.04,Yes,0,0,23,115,18,11,0.304,UPI,MacBook,Organic Search,None,Standard,0,4.7,Low,No
CUST101702,Ekantika Pillay,31,Female,Gujarat,Surat,06-07-2024,10-12-2024,Home & Kitchen,3,6030.36,2010.12,0,No,1,0.33,18,90,19,10,0.389,Cash on Delivery,iPhone,Organic Search,Silver,Standard,0,3.4,Low,Yes
CUST101703,Ekansh Sane,24,Female,Tamil Nadu,Chennai,28-03-2025,04-06-2025,Fashion,3,6687.48,2229.16,0,No,0,0,26,130,23,13,0.231,Credit Card,Android,Email,Gold,Standard,1,2.8,Low,Yes
CUST101704,Brinda Sinha,32,Female,Rajasthan,Udaipur,26-04-2026,15-08-2026,Beauty & Personal Care,7,4715.84,673.69,0,No,1,0.14,18,90,10,4,0.167,Debit Card,Android,Instagram,None,Standard,2,3,Medium,No
CUST101705,Jairaj Maharaj,27,Male,Gujarat,Surat,05-07-2024,20-11-2025,Mobile Accessories,3,5115.36,1705.12,775.57,Yes,0,0,21,63,7,4,0.143,UPI,Android,Organic Search,Silver,Standard,3,3.7,Low,No
CUST101706,Odika Vohra,26,Female,Maharashtra,Pune,08-04-2025,14-02-2026,Grocery,6,5837.66,972.94,2372.14,Yes,0,0,16,48,7,3,0.125,Cash on Delivery,Tablet,Email,Silver,Standard,1,3.5,Medium,No
CUST101707,Shaurya Bhardwaj,34,Male,Bihar,Patna,09-01-2026,15-08-2026,Electronics,3,10768.37,3589.46,3643.94,Yes,0,0,17,102,9,5,0.176,Credit Card,Android,Direct,None,Express,1,4.5,Medium,No
CUST101708,Gagan Sule,18,Male,Karnataka,Bengaluru,12-06-2024,15-12-2025,Home & Kitchen,7,3897.48,556.78,1612.43,Yes,0,0,25,150,26,15,0.36,Cash on Delivery,Windows Laptop,Direct,None,Express,0,5,Medium,Yes
CUST101709,Prisha Nadig,19,Female,Bihar,Patna,27-02-2025,15-08-2026,Books,6,9364.03,1560.67,2106.8,Yes,0,0,24,48,4,1,0.042,Net Banking,Android,Organic Search,Silver,Standard,2,4.6,Medium,No
CUST101710,Irya Dayal,31,Male,Bihar,Muzaffarpur,08-03-2026,15-08-2026,Electronics,5,4855.36,971.07,0,No,0,0,17,34,5,2,0.059,Debit Card,Android,Instagram,Silver,Standard,0,,Medium,No
CUST101711,Zinal Tank,31,Female,Maharashtra,Pune,11-04-2024,09-01-2026,Mobile Accessories,4,4344.24,1086.06,0,No,0,0,20,80,17,12,0.3,Debit Card,Android,YouTube,Gold,Standard,0,4,Medium,No
CUST101712,Pranit Kaul,34,Male,West Bengal,Siliguri,23-09-2024,01-05-2025,Mobile Accessories,3,3296.29,1098.76,0,No,0,0,23,69,13,5,0.087,Debit Card,Windows Laptop,Email,Gold,Same Day,0,4.5,Low,Yes
CUST101713,Rishi Agarwal,46,Male,Madhya Pradesh,Bhopal,27-09-2025,25-02-2026,Electronics,5,10966.93,2193.39,0,No,0,0,22,88,17,6,0.136,Cash on Delivery,Tablet,YouTube,None,Same Day,0,5,Medium,No
CUST101714,Arjun Shroff,32,Female,Gujarat,Ahmedabad,01-06-2024,28-07-2025,Mobile Accessories,6,8511.32,1418.55,2414.71,Yes,0,0,16,80,14,6,0.188,Credit Card,Android,Instagram,Platinum,Standard,1,4.8,Medium,Yes
CUST101715,Sarthak Sachdeva,36,Female,West Bengal,Siliguri,04-03-2025,22-12-2025,Fashion,5,3052.95,610.59,0,No,0,0,21,126,26,10,0.286,Cash on Delivery,Android,Referral,None,Standard,0,4.8,Medium,No
CUST101716,Chakradev Nath,23,Male,Andhra Pradesh,Visakhapatnam,21-11-2025,15-08-2026,Sports & Fitness,2,3621.04,1810.52,550.46,Yes,1,0.5,24,144,30,20,0.583,Credit Card,Android,Instagram,Silver,Express,1,4.4,Low,Yes
CUST101717,Simon Apte,37,Female,West Bengal,Kolkata,02-03-2025,12-12-2025,Home & Kitchen,2,2843.22,1421.61,0,No,0,0,24,96,9,6,0.167,Debit Card,Android,Google Ads,None,Standard,1,4.9,Low,Yes
CUST101718,Baghyawati Kumar,27,Male,Odisha,Bhubaneswar,31-07-2025,15-08-2026,Home & Kitchen,10,23862.32,2386.23,8052.13,Yes,0,0,25,100,11,5,0.08,Credit Card,Android,YouTube,Silver,Express,0,,High,No
CUST101719,Darika Mital,32,Female,Andhra Pradesh,Visakhapatnam,02-09-2025,02-05-2026,Beauty & Personal Care,6,10924.9,1820.82,0,No,0,0,23,69,14,9,0.261,Wallet,Windows Laptop,Instagram,Gold,Standard,0,3,Medium,No
CUST101720,Abeer Comar,30,Male,Delhi,New Delhi,19-06-2025,07-11-2025,Grocery,3,2076.4,692.13,163.74,Yes,0,0,26,130,15,7,0.192,Credit Card,Windows Laptop,Instagram,Gold,Same Day,2,4.3,Low,Yes
CUST101721,Harita Randhawa,39,Female,Maharashtra,Nagpur,28-11-2024,08-09-2025,Electronics,4,10598.82,2649.7,0,No,0,0,19,38,5,2,0.053,UPI,iPhone,Organic Search,None,Standard,1,3.5,Medium,Yes
CUST101722,Parth Hari,21,Male,Maharashtra,Pune,30-01-2026,15-08-2026,Beauty & Personal Care,4,9941.5,2485.38,3585.64,Yes,0,0,15,30,2,1,0.067,UPI,Android,Email,None,Standard,1,3.5,Medium,No
CUST101723,Hamsini Srinivas,18,Female,Tamil Nadu,Madurai,07-11-2025,15-08-2026,Fashion,5,9494.24,1898.85,3418.5,Yes,1,0.2,21,84,17,8,0.143,UPI,iPhone,Organic Search,None,Express,1,4.2,Medium,No
CUST101724,Balendra Deshpande,29,Female,Maharashtra,Pune,14-06-2026,15-08-2026,Fashion,4,6349.44,1587.36,855.99,Yes,0,0,24,96,8,4,0.083,UPI,iPhone,Organic Search,None,Express,1,4.1,Medium,No
CUST101725,Nachiket Sharma,35,Male,Odisha,Bhubaneswar,15-03-2025,17-04-2025,Fashion,6,8814.69,1469.12,0,No,0,0,23,92,14,9,0.304,Wallet,iPhone,Organic Search,Gold,Express,1,3.9,Medium,No
CUST101726,Turvi Sachdev,32,Female,West Bengal,Howrah,28-08-2025,15-08-2026,Home & Kitchen,5,12651.47,2530.29,2490.52,Yes,0,0,22,44,4,2,0.045,Debit Card,Windows Laptop,Organic Search,None,Standard,1,,Medium,No
CUST101727,Chandani Mutti,41,Male,Rajasthan,Jaipur,04-05-2026,15-07-2026,Fashion,7,23605.99,3372.28,1774.37,Yes,0,0,29,174,14,6,0.138,UPI,Windows Laptop,Direct,None,Standard,0,4,Medium,No
CUST101728,Sathvik Narula,34,Male,Andhra Pradesh,Visakhapatnam,03-05-2024,14-07-2025,Electronics,7,13413.75,1916.25,4589.44,Yes,0,0,16,96,11,7,0.188,Cash on Delivery,Android,Email,Silver,Standard,2,3.3,Medium,Yes
CUST101729,Dominic Dixit,26,Female,Punjab,Chandigarh,28-10-2024,13-05-2026,Electronics,6,10674.76,1779.13,3393.76,Yes,0,0,20,40,6,3,0.1,Credit Card,iPhone,Google Ads,Silver,Standard,1,4.3,Medium,Yes
CUST101730,Azaan Nori,18,Male,Bihar,Muzaffarpur,29-10-2025,22-02-2026,Electronics,4,7051.44,1762.86,2774.67,Yes,0,0,23,138,12,7,0.13,UPI,Android,Google Ads,Gold,Standard,2,4.1,Medium,No
CUST101731,Noah Ramachandran,29,Male,Tamil Nadu,Coimbatore,14-12-2024,14-03-2025,Home & Kitchen,6,29411.62,4901.94,6529.96,Yes,0,0,23,69,13,5,0.13,Credit Card,iPhone,Google Ads,None,Express,1,4.5,Medium,No
CUST101732,Jackson Morar,39,Male,Bihar,Muzaffarpur,05-09-2024,22-04-2026,Mobile Accessories,4,1702.78,425.7,0,No,1,0.25,24,96,16,10,0.208,UPI,iPhone,Instagram,Gold,Standard,0,3.4,Medium,No
CUST101733,Azad Magar,28,Female,Uttar Pradesh,Varanasi,27-09-2024,16-12-2024,Electronics,4,3943.11,985.78,0,No,0,0,16,80,7,3,0.062,UPI,Android,Google Ads,Platinum,Express,2,4.9,Medium,Yes
CUST101734,Gabriel Taneja,31,Male,Gujarat,Vadodara,04-03-2025,16-08-2025,Mobile Accessories,5,4501.77,900.35,1951.61,Yes,2,0.4,19,95,12,6,0.211,Credit Card,Windows Laptop,Direct,None,Standard,1,4.2,Medium,Yes
CUST101735,Kamya Seth,34,Female,Maharashtra,Nashik,23-07-2025,15-08-2026,Grocery,2,8002.06,4001.03,627.61,Yes,1,0.5,18,108,20,8,0.278,Debit Card,Android,Organic Search,None,Standard,0,5,Medium,No
CUST101736,Tarak Vohra,23,Female,Haryana,Faridabad,07-12-2025,27-02-2026,Beauty & Personal Care,1,1193.15,1193.15,60.56,Yes,1,1,14,28,5,2,0.071,Credit Card,Android,Direct,None,Standard,0,3.5,Low,Yes
CUST101737,Parth Choudhury,36,Female,Gujarat,Surat,13-12-2025,15-08-2026,Beauty & Personal Care,6,2556.13,426.02,0,No,1,0.17,22,66,11,6,0.182,UPI,Windows Laptop,YouTube,None,Standard,0,5,Medium,No
CUST101738,Baljiwan Jaggi,44,Female,Karnataka,Mysuru,06-08-2025,26-11-2025,Sports & Fitness,8,7574.23,946.78,2000.56,Yes,0,0,28,140,24,14,0.321,Debit Card,Windows Laptop,Direct,None,Standard,0,3.6,Medium,No
CUST101739,Sachi Toor,30,Female,Telangana,Hyderabad,03-09-2024,26-09-2024,Electronics,3,4801.26,1600.42,1585.19,Yes,1,0.33,21,105,21,11,0.381,Wallet,Tablet,Referral,Platinum,Standard,2,4.8,Low,Yes
CUST101740,Vasudha Tella,22,Female,Gujarat,Surat,25-04-2025,15-08-2026,Home & Kitchen,3,4538.69,1512.9,1883.73,Yes,0,0,14,84,12,7,0.286,Wallet,iPhone,Organic Search,Gold,Standard,1,4.5,Low,No
CUST101741,Ranveer Oak,30,Male,Punjab,Ludhiana,07-04-2024,24-08-2025,Grocery,4,4528.91,1132.23,0,No,0,0,30,60,10,6,0.067,Wallet,iPhone,Referral,Platinum,Standard,0,3.1,Medium,Yes
CUST101742,Dayita Narang,18,Male,Kerala,Kochi,24-11-2024,08-02-2026,Beauty & Personal Care,7,9941.68,1420.24,0,No,0,0,17,85,13,4,0.118,Credit Card,Windows Laptop,Direct,Silver,Standard,0,3.9,Medium,Yes
CUST101743,Guneet Varty,34,Female,Madhya Pradesh,Indore,15-08-2025,13-04-2026,Sports & Fitness,3,7209.88,2403.29,0,No,1,0.33,25,75,13,5,0.12,UPI,Windows Laptop,Instagram,None,Express,2,4.8,Medium,Yes
CUST101744,Samesh Bansal,35,Other,West Bengal,Durgapur,28-02-2025,15-08-2026,Electronics,6,16005.04,2667.51,0,No,0,0,17,68,13,6,0.176,Debit Card,iPhone,Direct,None,Standard,3,4,Medium,No
CUST101745,Lila Vig,44,Female,Gujarat,Ahmedabad,30-07-2025,30-08-2025,Grocery,5,4498.1,899.62,1390.22,Yes,1,0.2,22,44,8,4,0.091,Debit Card,Windows Laptop,Direct,Gold,Standard,1,4.8,Medium,Yes
CUST101746,Aayush Mukhopadhyay,29,Male,Rajasthan,Udaipur,27-02-2025,15-08-2026,Beauty & Personal Care,5,8831.32,1766.26,1078.37,Yes,2,0.4,22,88,8,4,0.091,Wallet,Android,Google Ads,Silver,Express,0,4.5,Medium,No
CUST101747,Gagan Nath,34,Male,West Bengal,Durgapur,05-01-2024,03-09-2024,Fashion,9,29393.49,3265.94,0,No,0,0,25,100,21,11,0.16,UPI,Android,Instagram,Silver,Standard,1,4.9,High,No
CUST101748,Chakradhar Chauhan,24,Female,Delhi,New Delhi,03-04-2025,11-12-2025,Fashion,4,7215.83,1803.96,1307.98,Yes,0,0,17,34,2,1,0.059,Wallet,Android,Google Ads,Silver,Standard,0,4.5,Medium,Yes
CUST101749,Arin Muni,28,Female,Kerala,Thiruvananthapuram,06-03-2026,15-08-2026,Beauty & Personal Care,6,5228.01,871.34,569.19,Yes,0,0,31,93,17,8,0.129,UPI,Android,Direct,Platinum,Standard,2,3.4,Medium,Yes
CUST101750,Ekani Iyer,19,Female,Maharashtra,Nashik,16-03-2026,15-08-2026,Books,5,3769.53,753.91,0,No,0,0,29,87,10,6,0.103,UPI,iPhone,YouTube,Silver,Standard,0,4.1,Medium,No
CUST101751,Bhavini Malhotra,29,Female,Uttar Pradesh,Kanpur,15-08-2025,10-05-2026,Home & Kitchen,4,6877.69,1719.42,1882.44,Yes,0,0,16,96,18,6,0.188,Cash on Delivery,Windows Laptop,Referral,Silver,Standard,0,4.2,Medium,No
CUST101752,Ridhi Dalal,29,Male,Karnataka,Bengaluru,12-05-2025,30-03-2026,Sports & Fitness,12,15225.07,1268.76,4198.38,Yes,1,0.08,20,40,3,1,0.05,Debit Card,iPhone,Organic Search,None,Express,2,4.1,High,No
CUST101753,Manthan Dugar,33,Female,West Bengal,Durgapur,27-03-2024,18-02-2025,Home & Kitchen,7,9606.67,1372.38,0,No,0,0,19,38,4,1,0.053,UPI,Windows Laptop,Instagram,None,Express,0,3.6,Medium,Yes
CUST101754,Ishwar Aurora,26,Female,Delhi,Delhi,05-02-2025,17-12-2025,Electronics,6,9529.77,1588.3,1421.78,Yes,0,0,14,84,7,3,0.143,UPI,Android,YouTube,Gold,Standard,1,3.9,Medium,Yes
CUST101755,Samuel Palla,32,Male,Andhra Pradesh,Vijayawada,19-10-2024,28-02-2025,Electronics,5,5204.84,1040.97,0,No,0,0,18,54,10,3,0.056,UPI,iPhone,Referral,Silver,Standard,0,4.5,Medium,No
CUST101756,Anika Dhaliwal,28,Male,Madhya Pradesh,Indore,07-10-2024,10-12-2024,Electronics,4,9709.04,2427.26,2499.55,Yes,1,0.25,19,38,4,2,0.053,Wallet,Android,Referral,Silver,Standard,2,4.1,Medium,Yes
CUST101757,Yash Garg,28,Female,Andhra Pradesh,Visakhapatnam,15-07-2024,13-02-2026,Home & Kitchen,4,4749.02,1187.26,625.3,Yes,0,0,25,50,10,4,0.08,Credit Card,iPhone,Referral,Gold,Standard,1,2.4,Medium,No
CUST101758,Deepa Nigam,32,Female,Rajasthan,Udaipur,02-02-2026,15-08-2026,Fashion,7,27604.49,3943.5,5943.58,Yes,0,0,15,60,8,3,0.133,Net Banking,Android,YouTube,None,Express,1,5,Medium,No
CUST101759,Chandresh De,31,Male,Maharashtra,Nagpur,23-03-2024,01-10-2025,Grocery,5,13424.02,2684.8,5629.28,Yes,0,0,20,80,14,9,0.3,UPI,iPhone,Organic Search,Gold,Standard,0,3.8,Medium,Yes
CUST101760,Urishilla Bedi,37,Male,Uttar Pradesh,Kanpur,27-01-2024,02-01-2025,Grocery,6,7563.27,1260.54,1824.73,Yes,2,0.33,19,57,11,3,0.053,UPI,Android,Instagram,Gold,Standard,3,3,Medium,Yes
CUST101761,Leela Bhagat,30,Male,Gujarat,Ahmedabad,24-04-2026,15-08-2026,Electronics,7,4891.33,698.76,1955.97,Yes,1,0.14,23,92,19,10,0.304,Credit Card,iPhone,Direct,Gold,Standard,0,4.1,Medium,No
CUST101762,Pooja Ramanathan,28,Male,Punjab,Amritsar,24-11-2025,15-08-2026,Fashion,5,9355.15,1871.03,1065.86,Yes,0,0,30,120,17,12,0.233,Cash on Delivery,Android,Organic Search,Silver,Express,0,3.7,Medium,No
CUST101763,Sanaya Parekh,30,Female,Maharashtra,Nashik,14-05-2024,29-01-2025,Fashion,8,15550.25,1943.78,6462.43,Yes,1,0.12,21,63,10,6,0.095,Net Banking,Android,Organic Search,None,Standard,2,3.5,High,Yes
CUST101764,Gaurangi Hora,25,Female,Rajasthan,Jaipur,30-03-2024,06-12-2025,Beauty & Personal Care,6,4916.11,819.35,1092.59,Yes,1,0.17,17,51,6,3,0.059,UPI,Android,Instagram,Gold,Standard,0,4.2,Medium,Yes
CUST101765,Udyati Deep,28,Female,Maharashtra,Nagpur,24-07-2024,01-02-2026,Electronics,7,5200.1,742.87,2207.19,Yes,1,0.14,21,126,15,5,0.095,UPI,Android,Organic Search,None,Standard,2,5,Medium,Yes
CUST101766,Upadhriti Chatterjee,47,Female,Tamil Nadu,Madurai,27-01-2024,22-05-2024,Electronics,7,9644.6,1377.8,0,No,0,0,18,36,6,3,0.056,UPI,Android,Google Ads,Platinum,Express,0,4.4,Medium,Yes
CUST101767,Dayita Shroff,24,Male,Kerala,Thiruvananthapuram,12-01-2025,13-09-2025,Mobile Accessories,8,11856.03,1482,3722.63,Yes,1,0.12,24,48,6,2,0.042,UPI,iPhone,Instagram,Silver,Standard,1,3.1,Medium,No
CUST101768,Vincent Kapur,29,Male,Rajasthan,Udaipur,24-07-2025,15-08-2026,Sports & Fitness,3,4749.41,1583.14,0,No,0,0,15,45,7,2,0.067,Debit Card,MacBook,Email,None,Standard,1,3.9,Low,No
CUST101769,Aarna Patla,28,Male,Telangana,Hyderabad,06-08-2025,15-08-2026,Fashion,3,3368.55,1122.85,453.42,Yes,0,0,29,87,9,6,0.069,Debit Card,MacBook,Direct,None,Standard,2,3.8,Low,No
CUST101770,Qadim Narayanan,29,Male,Telangana,Hyderabad,18-02-2025,15-08-2026,Home & Kitchen,6,17551.65,2925.28,0,No,0,0,27,135,24,9,0.148,UPI,Windows Laptop,Organic Search,Silver,Standard,1,4.5,Medium,Yes
CUST101771,Sudiksha Sura,28,Male,Gujarat,Surat,14-08-2024,27-03-2025,Fashion,4,3598.67,899.67,970.91,Yes,1,0.25,25,100,21,13,0.24,Net Banking,iPhone,Organic Search,Platinum,Standard,2,2.8,Medium,Yes
CUST101772,Dhruv Soman,33,Female,Madhya Pradesh,Indore,25-08-2025,15-08-2026,Sports & Fitness,6,25398.22,4233.04,0,No,0,0,20,100,15,7,0.15,Credit Card,Android,Direct,None,Standard,0,4.5,Medium,No
CUST101773,Indali Srinivas,18,Female,Haryana,Faridabad,08-03-2024,24-02-2025,Home & Kitchen,8,4015.25,501.91,1012.84,Yes,0,0,18,36,5,3,0.056,Credit Card,Android,Direct,None,Express,0,3.5,Medium,No
CUST101774,Onkar Mandal,39,Female,Jharkhand,Ranchi,27-12-2024,13-07-2025,Electronics,4,3210.81,802.7,0,No,2,0.5,27,81,16,9,0.185,Net Banking,Android,Direct,Silver,Express,1,3.7,Medium,Yes
CUST101775,Joshua Trivedi,36,Female,Madhya Pradesh,Indore,16-09-2024,25-11-2024,Grocery,5,3362.01,672.4,0,No,0,0,17,102,10,7,0.294,UPI,Tablet,Email,Silver,Express,0,4.7,Medium,No
CUST101776,Nidra Chhabra,21,Female,Tamil Nadu,Chennai,19-10-2025,11-08-2026,Home & Kitchen,8,13499.71,1687.46,2927.41,Yes,0,0,17,34,4,2,0.059,Debit Card,Android,Instagram,Gold,Standard,2,4.3,Medium,No
CUST101777,Ekavir Mittal,18,Female,Odisha,Cuttack,03-03-2024,10-10-2025,Fashion,6,10826.64,1804.44,1986.21,Yes,0,0,34,102,10,4,0.059,Credit Card,iPhone,YouTube,Gold,Express,1,4.5,Medium,No
CUST101778,Nandini Sachdev,23,Male,Gujarat,Vadodara,04-05-2026,15-08-2026,Fashion,6,20490.48,3415.08,8902.96,Yes,0,0,19,38,5,3,0.053,Credit Card,iPhone,Instagram,Silver,Express,1,4.8,Medium,No
CUST101779,Yagnesh Dutt,29,Other,Delhi,New Delhi,22-11-2025,15-08-2026,Home & Kitchen,4,7032.03,1758.01,3090.98,Yes,0,0,15,75,12,6,0.2,Credit Card,Android,Organic Search,None,Standard,0,,Medium,No
CUST101780,Leena Bhatti,52,Male,Punjab,Amritsar,14-09-2025,15-08-2026,Fashion,3,6240.6,2080.2,1773.98,Yes,0,0,21,63,13,8,0.143,Debit Card,Windows Laptop,Instagram,Silver,Standard,0,3.4,Low,No
CUST101781,Sathvik Sankar,35,Male,West Bengal,Howrah,03-12-2025,21-07-2026,Fashion,9,6318.46,702.05,1706,Yes,1,0.11,18,72,14,9,0.389,Credit Card,Android,Direct,None,Same Day,1,4.3,Medium,No
CUST101782,Hema Keer,18,Male,Assam,Dibrugarh,26-01-2025,10-05-2025,Home & Kitchen,5,2753.78,550.76,1132.59,Yes,0,0,19,114,19,10,0.211,Debit Card,Android,Organic Search,None,Express,1,,Medium,Yes
CUST101783,Faras Sur,25,Female,Gujarat,Ahmedabad,02-09-2024,27-07-2025,Electronics,6,14060.6,2343.43,739.83,Yes,1,0.17,18,54,10,5,0.111,Credit Card,iPhone,Organic Search,Silver,Standard,2,4.1,Medium,Yes
CUST101784,Ubika Nanda,31,Other,Bihar,Gaya,04-10-2024,08-06-2025,Grocery,4,8573.46,2143.36,0,No,1,0.25,27,54,9,4,0.074,Credit Card,iPhone,Organic Search,None,Standard,1,5,Medium,Yes
CUST101785,Sai Goda,33,Female,Bihar,Patna,12-12-2024,24-07-2026,Electronics,8,10508.31,1313.54,628.95,Yes,0,0,24,72,11,6,0.167,Credit Card,Windows Laptop,Organic Search,Gold,Express,0,3.9,Medium,No
CUST101786,Nidra Boase,20,Female,Haryana,Faridabad,06-01-2025,24-09-2025,Electronics,5,4112.95,822.59,1798.45,Yes,0,0,21,84,7,4,0.095,Credit Card,Tablet,Organic Search,None,Express,0,4,Medium,No
CUST101787,Ladli Narang,30,Female,Bihar,Gaya,19-03-2026,15-08-2026,Grocery,3,17418.04,5806.01,3101.52,Yes,0,0,24,96,8,3,0.042,Cash on Delivery,Android,Instagram,Platinum,Standard,0,3.3,Medium,No
CUST101788,Darsh Chana,25,Female,Uttar Pradesh,Noida,28-04-2026,15-08-2026,Grocery,7,14779.22,2111.32,3817.78,Yes,0,0,18,54,10,6,0.222,Net Banking,Android,Email,Silver,Express,1,3.4,Medium,No
CUST101789,Liam Acharya,22,Female,West Bengal,Kolkata,02-05-2024,18-05-2024,Sports & Fitness,4,3666.15,916.54,795.66,Yes,2,0.5,16,80,9,4,0.062,UPI,Android,Organic Search,Gold,Standard,0,4.2,Medium,Yes
CUST101790,Manthan Sethi,33,Female,Rajasthan,Jaipur,26-02-2024,19-08-2024,Home & Kitchen,9,11397.79,1266.42,4644.03,Yes,1,0.11,19,114,14,9,0.368,UPI,Windows Laptop,Instagram,Silver,Standard,0,3.2,Medium,Yes
CUST101791,Madhavi Sekhon,37,Male,Maharashtra,Nagpur,08-06-2024,09-11-2024,Fashion,3,1597.61,532.54,718.81,Yes,1,0.33,22,132,18,13,0.364,UPI,Windows Laptop,Email,None,Standard,0,4.1,Low,Yes
CUST101792,Samesh Nadig,38,Male,Kerala,Kochi,06-05-2024,20-03-2025,Grocery,4,5196.91,1299.23,402.01,Yes,0,0,23,92,7,5,0.13,UPI,iPhone,Direct,None,Express,0,4.1,Medium,Yes
CUST101793,Daksha Saran,36,Female,Rajasthan,Jaipur,06-01-2026,15-08-2026,Grocery,7,7498.69,1071.24,0,No,0,0,17,34,7,4,0.118,Credit Card,Android,Organic Search,Gold,Standard,0,4.5,Medium,No
CUST101794,Gaurav Anand,27,Male,Odisha,Bhubaneswar,29-08-2025,15-01-2026,Fashion,9,46659.69,5184.41,0,No,0,0,21,84,7,4,0.095,UPI,Android,Referral,Silver,Standard,0,4.8,High,No
CUST101795,Joshua Menon,37,Female,West Bengal,Kolkata,06-11-2024,02-11-2025,Books,6,11075.64,1845.94,0,No,1,0.17,28,140,30,20,0.357,Cash on Delivery,Android,Referral,None,Standard,1,4.4,Medium,Yes
CUST101796,Kala Bera,33,Male,Maharashtra,Mumbai,01-06-2025,15-08-2026,Electronics,9,2913.4,323.71,618.15,Yes,0,0,31,124,22,13,0.226,Debit Card,Android,Direct,None,Standard,1,5,Medium,No
CUST101797,Jagrati Choudhary,32,Female,Kerala,Kozhikode,21-09-2024,25-08-2025,Mobile Accessories,8,30457.09,3807.14,13683.11,Yes,0,0,22,110,23,9,0.182,UPI,Android,Organic Search,None,Standard,0,4.2,High,No
CUST101798,Azaan Keer,26,Male,West Bengal,Howrah,15-01-2026,15-08-2026,Sports & Fitness,6,11062.16,1843.69,0,No,0,0,20,100,8,3,0.1,UPI,Android,Email,Silver,Standard,2,5,Medium,No
CUST101799,Meera Nadkarni,27,Female,West Bengal,Howrah,14-10-2024,09-02-2026,Grocery,5,14724.04,2944.81,0,No,0,0,22,44,6,3,0.045,UPI,MacBook,YouTube,None,Standard,2,2.4,Medium,No
CUST101800,Nidra Raj,32,Male,West Bengal,Kolkata,23-02-2025,20-08-2025,Mobile Accessories,6,8660.19,1443.36,3364.21,Yes,2,0.33,34,102,21,13,0.206,Net Banking,Android,Organic Search,None,Standard,1,4.3,Medium,No
CUST101801,Siddharth Ghose,51,Female,Jharkhand,Ranchi,14-06-2026,15-08-2026,Grocery,6,9536.88,1589.48,0,No,1,0.17,19,38,6,3,0.053,Net Banking,Android,Google Ads,Gold,Standard,0,,Medium,No
CUST101802,Liam Guha,33,Male,Kerala,Kozhikode,11-06-2025,24-01-2026,Fashion,8,6858.21,857.28,0,No,0,0,19,38,5,3,0.105,Credit Card,iPhone,Instagram,None,Standard,1,4.3,Medium,No
CUST101803,Jagvi Sahni,26,Female,Telangana,Hyderabad,19-05-2024,29-10-2024,Home & Kitchen,5,10910.58,2182.12,0,No,0,0,25,75,13,5,0.12,UPI,Android,Organic Search,Gold,Express,0,4.3,Medium,Yes
CUST101804,Bhavya Dass,24,Female,Tamil Nadu,Coimbatore,19-03-2026,15-08-2026,Electronics,5,11008.37,2201.67,3400.62,Yes,0,0,23,69,7,3,0.087,Credit Card,Android,Referral,Silver,Standard,0,4.7,Medium,No
CUST101805,Advay Bora,27,Male,Telangana,Hyderabad,07-12-2025,03-04-2026,Home & Kitchen,8,4519.38,564.92,596.88,Yes,1,0.12,12,36,6,4,0.167,Credit Card,Tablet,Direct,Silver,Standard,1,4.6,Medium,No
CUST101806,Maanas Sur,48,Female,Madhya Pradesh,Bhopal,28-11-2025,13-06-2026,Grocery,4,3021.49,755.37,735.65,Yes,0,0,24,48,5,2,0.042,Credit Card,Android,Instagram,None,Standard,0,4.2,Medium,No
CUST101807,Laban Chad,28,Male,Bihar,Gaya,19-04-2025,15-08-2026,Home & Kitchen,7,4946.65,706.66,0,No,0,0,20,80,9,3,0.1,UPI,Android,Referral,Silver,Express,0,3.3,Medium,No
CUST101808,Ojasvi Shah,38,Male,Karnataka,Mangaluru,28-09-2025,15-08-2026,Fashion,6,19935.13,3322.52,0,No,0,0,23,92,15,6,0.174,Credit Card,iPhone,YouTube,Silver,Same Day,1,4.5,Medium,Yes
CUST101809,Pranit Sha,28,Male,Karnataka,Bengaluru,12-06-2025,11-07-2026,Beauty & Personal Care,10,21414.91,2141.49,0,No,2,0.2,22,44,3,1,0.045,Net Banking,Android,Organic Search,Platinum,Express,1,3.3,High,Yes
CUST101810,Shivani Rajagopalan,33,Female,Maharashtra,Mumbai,27-05-2026,04-07-2026,Books,7,8080.76,1154.39,0,No,0,0,26,78,6,2,0.038,Credit Card,Android,Google Ads,Silver,Standard,0,3.5,Medium,No
CUST101811,Upkaar Grewal,37,Male,Bihar,Muzaffarpur,23-01-2025,19-06-2025,Electronics,4,9780.78,2445.2,1593.38,Yes,0,0,18,36,2,1,0.056,Debit Card,Windows Laptop,Email,Silver,Express,0,4.4,Medium,Yes
CUST101812,Abhimanyu Tara,26,Male,Madhya Pradesh,Bhopal,25-05-2025,28-07-2025,Home & Kitchen,2,1265.8,632.9,518.22,Yes,0,0,15,60,11,7,0.2,Wallet,iPhone,Email,Platinum,Express,0,4.2,Low,Yes
CUST101813,Yachana Luthra,26,Female,Delhi,New Delhi,21-06-2025,31-07-2025,Electronics,6,9896.31,1649.38,4386.23,Yes,0,0,28,84,7,3,0.071,Credit Card,Android,Google Ads,Silver,Standard,2,3.4,Medium,Yes
CUST101814,Jeevika Bandi,44,Female,West Bengal,Howrah,31-07-2024,25-08-2024,Grocery,3,6459,2153,0,No,1,0.33,18,36,3,1,0.056,Credit Card,Windows Laptop,Instagram,None,Express,0,3.2,Low,Yes
CUST101815,Vasudha Pillay,39,Male,Maharashtra,Mumbai,15-06-2026,15-08-2026,Electronics,8,8513.3,1064.16,1779.78,Yes,0,0,25,100,16,6,0.16,UPI,Android,Direct,None,Standard,1,4.2,Medium,No
CUST101816,Vasatika Buch,37,Female,Andhra Pradesh,Vijayawada,27-05-2025,21-06-2025,Grocery,5,5826,1165.2,0,No,0,0,20,60,8,3,0.05,UPI,Android,Direct,None,Standard,2,3.9,Medium,Yes
CUST101817,Ati Shroff,37,Female,Tamil Nadu,Madurai,13-03-2026,17-07-2026,Fashion,4,7672.28,1918.07,1463.84,Yes,1,0.25,35,105,13,6,0.086,Credit Card,Windows Laptop,Email,Silver,Same Day,0,3.7,Medium,No
CUST101818,Gaurang Korpal,35,Male,Madhya Pradesh,Indore,21-09-2024,03-06-2026,Fashion,4,10478.7,2619.68,1636.16,Yes,0,0,18,108,14,6,0.167,Debit Card,Android,Google Ads,Gold,Express,0,4.6,Medium,No
CUST101819,Faras Zacharia,47,Female,Bihar,Gaya,08-12-2024,07-06-2025,Mobile Accessories,5,2902.51,580.5,589.4,Yes,0,0,19,57,11,5,0.158,Credit Card,MacBook,Organic Search,None,Express,0,4.1,Medium,Yes
CUST101820,Chatresh Oza,31,Female,Telangana,Hyderabad,07-02-2024,03-04-2025,Electronics,11,11706.69,1064.24,1247.53,Yes,1,0.09,24,96,8,4,0.125,UPI,Android,Direct,Silver,Same Day,2,4.8,Medium,No
CUST101821,Upasna Setty,36,Female,Karnataka,Mysuru,20-08-2024,18-10-2024,Home & Kitchen,7,5244.41,749.2,0,No,0,0,21,84,17,6,0.143,Credit Card,Android,Referral,Silver,Same Day,1,4.5,Medium,Yes
CUST101822,Garima Sama,19,Male,Maharashtra,Nashik,16-09-2024,24-09-2025,Electronics,6,10138.55,1689.76,3539.64,Yes,0,0,21,105,11,4,0.048,Credit Card,Android,Email,None,Standard,0,3,Medium,Yes
CUST101823,Chaitaly Mann,24,Female,Bihar,Gaya,03-11-2024,25-05-2026,Home & Kitchen,3,3092.42,1030.81,580.2,Yes,0,0,27,108,16,11,0.185,UPI,Windows Laptop,Organic Search,Silver,Standard,1,2.8,Low,Yes
CUST101824,Balendra Modi,21,Male,Madhya Pradesh,Bhopal,06-02-2025,02-12-2025,Home & Kitchen,4,9834.53,2458.63,0,No,0,0,23,92,19,11,0.391,UPI,Windows Laptop,YouTube,Gold,Express,0,4.7,Medium,No
CUST101825,Darsh Solanki,41,Female,Bihar,Patna,17-09-2024,05-11-2025,Fashion,10,7414.62,741.46,692.36,Yes,2,0.2,21,84,14,9,0.238,UPI,Tablet,Direct,Gold,Standard,0,4.9,Medium,Yes
CUST101826,Charan Manne,18,Male,Uttar Pradesh,Lucknow,20-04-2025,29-07-2026,Electronics,6,6345.02,1057.5,1200.49,Yes,0,0,27,81,9,4,0.074,Debit Card,iPhone,Organic Search,None,Standard,0,4.5,Medium,No
CUST101827,Bhavini Sundaram,28,Male,West Bengal,Siliguri,19-01-2026,15-08-2026,Fashion,8,29065.09,3633.14,8933.55,Yes,1,0.12,19,95,20,12,0.316,UPI,Windows Laptop,Direct,Silver,Express,4,3.5,High,No
CUST101828,Jonathan Tiwari,18,Male,Andhra Pradesh,Visakhapatnam,15-04-2024,17-07-2025,Grocery,6,8313.74,1385.62,0,No,0,0,15,75,14,7,0.333,UPI,Android,Referral,Gold,Standard,0,5,Medium,No
CUST101829,Arunima Krishnan,24,Female,Madhya Pradesh,Indore,03-09-2024,10-10-2025,Grocery,6,16004.72,2667.45,3504.69,Yes,0,0,18,36,4,1,0.056,UPI,Windows Laptop,Google Ads,Platinum,Standard,0,4.5,Medium,No
CUST101830,Avni Maharaj,27,Male,Tamil Nadu,Coimbatore,30-10-2024,04-11-2025,Beauty & Personal Care,3,1888.38,629.46,813.82,Yes,0,0,26,52,8,4,0.115,UPI,Android,Referral,Gold,Express,0,4.8,Low,Yes
CUST101831,Akshay Choudhury,42,Male,Andhra Pradesh,Vijayawada,08-12-2024,20-02-2026,Beauty & Personal Care,4,2375.29,593.82,643.57,Yes,1,0.25,16,80,12,7,0.25,Debit Card,Windows Laptop,Referral,Silver,Standard,0,4.6,Medium,Yes
CUST101832,Matthew Sekhon,34,Male,Uttar Pradesh,Varanasi,22-03-2025,11-04-2025,Fashion,2,6069.11,3034.56,0,No,0,0,12,60,9,4,0.167,UPI,Windows Laptop,YouTube,None,Same Day,2,3.8,Low,Yes
CUST101833,Parth Lal,24,Female,Uttar Pradesh,Noida,07-02-2024,28-08-2025,Fashion,5,8873.7,1774.74,1898.77,Yes,0,0,22,66,6,3,0.091,Cash on Delivery,Windows Laptop,Referral,Silver,Standard,1,4.1,Medium,Yes
CUST101834,Vedhika Golla,40,Male,Kerala,Kozhikode,30-03-2026,15-08-2026,Electronics,3,2697.37,899.12,735.67,Yes,0,0,31,124,21,8,0.129,Net Banking,Android,Organic Search,None,Standard,0,4,Low,No
CUST101835,Hemal Chad,31,Female,Madhya Pradesh,Bhopal,04-05-2026,15-08-2026,Fashion,6,19637.06,3272.84,8715.46,Yes,1,0.17,17,85,9,3,0.118,UPI,Android,Instagram,None,Standard,1,5,Medium,No
CUST101836,Mitesh Tandon,31,Male,Bihar,Patna,15-02-2024,09-10-2025,Fashion,4,3149.28,787.32,477.19,Yes,0,0,18,108,13,8,0.333,Debit Card,Android,Google Ads,None,Same Day,0,,Medium,Yes
CUST101837,Leela Khanna,21,Male,Maharashtra,Nashik,22-12-2025,15-08-2026,Home & Kitchen,6,4232.25,705.38,1806.2,Yes,0,0,20,60,9,3,0.1,UPI,Windows Laptop,Organic Search,None,Standard,0,4.5,Medium,No
CUST101838,Oliver Kade,23,Female,Tamil Nadu,Coimbatore,27-08-2025,05-06-2026,Beauty & Personal Care,5,5986.98,1197.4,0,No,0,0,17,34,3,1,0.059,Credit Card,Tablet,Referral,Gold,Express,0,4.1,Medium,No
CUST101839,Chatura Lalla,24,Female,Jharkhand,Ranchi,07-08-2024,26-03-2025,Mobile Accessories,4,5340.31,1335.08,0,No,0,0,21,63,12,7,0.143,UPI,Android,YouTube,None,Standard,1,3.2,Medium,Yes
CUST101840,Charles Ganesh,31,Male,Delhi,Delhi,12-09-2024,29-11-2024,Fashion,1,781.73,781.73,243.8,Yes,0,0,21,105,14,6,0.143,Debit Card,Android,Direct,None,Express,1,3.5,Low,Yes
CUST101841,Mohini Soni,32,Male,Telangana,Warangal,16-05-2024,15-08-2025,Beauty & Personal Care,3,3729.01,1243,561.11,Yes,1,0.33,24,144,14,7,0.125,UPI,Android,Email,None,Express,1,4.1,Low,Yes
CUST101842,Vamakshi Walia,43,Male,Gujarat,Ahmedabad,18-08-2024,24-02-2026,Sports & Fitness,6,9235.75,1539.29,2103.51,Yes,1,0.17,15,75,6,4,0.2,UPI,iPhone,Google Ads,None,Standard,0,2.8,Medium,No
CUST101843,Ladli Ramakrishnan,34,Female,Gujarat,Vadodara,28-03-2026,15-08-2026,Beauty & Personal Care,4,9094.67,2273.67,3109.12,Yes,1,0.25,24,48,9,5,0.125,UPI,Windows Laptop,Email,None,Standard,1,3.7,Medium,No
CUST101844,Adweta Dhillon,18,Male,Uttar Pradesh,Varanasi,14-12-2025,15-08-2026,Fashion,5,28857.53,5771.51,0,No,0,0,18,54,10,3,0.056,Cash on Delivery,iPhone,Organic Search,Platinum,Express,0,4.3,Medium,No
CUST101845,Advik Mani,33,Female,Jharkhand,Jamshedpur,31-07-2025,18-03-2026,Fashion,5,11159.16,2231.83,619.33,Yes,1,0.2,20,40,3,1,0.05,UPI,Tablet,Instagram,Silver,Standard,1,3.9,Medium,Yes
CUST101846,Lavanya Mutti,19,Male,Delhi,New Delhi,07-02-2024,09-09-2025,Electronics,4,3274.59,818.65,564.33,Yes,0,0,14,70,10,6,0.214,Wallet,Windows Laptop,Google Ads,Gold,Standard,0,4.4,Medium,Yes
CUST101847,Gunbir Wali,23,Male,Maharashtra,Nashik,03-06-2024,30-01-2026,Fashion,5,25372.58,5074.52,1925.14,Yes,0,0,20,100,17,9,0.35,UPI,Android,YouTube,None,Express,2,4.6,Medium,Yes
CUST101848,Rachana Mahajan,25,Male,Karnataka,Bengaluru,17-05-2025,11-12-2025,Grocery,4,5525.38,1381.34,2323.12,Yes,0,0,20,60,12,4,0.1,Credit Card,Android,Email,None,Standard,1,3.3,Medium,No
CUST101849,Anamika Loke,26,Female,Haryana,Gurugram,14-04-2024,11-05-2024,Electronics,1,1831.34,1831.34,673.68,Yes,0,0,14,70,6,2,0.071,Cash on Delivery,Windows Laptop,Instagram,None,Standard,0,4.2,Low,Yes
CUST101850,Aadhya Raman,20,Female,Bihar,Patna,11-09-2024,05-05-2025,Fashion,2,1602.32,801.16,710.69,Yes,1,0.5,20,80,10,6,0.15,UPI,MacBook,Direct,Silver,Standard,2,3.8,Low,Yes
CUST101851,Wyatt Hayer,33,Male,Tamil Nadu,Coimbatore,07-02-2025,24-03-2026,Grocery,4,5773.55,1443.39,0,No,0,0,29,87,8,5,0.103,UPI,iPhone,Referral,Silver,Standard,1,3.5,Medium,No
CUST101852,Pranit Munshi,20,Female,Punjab,Ludhiana,02-05-2025,10-02-2026,Grocery,4,4456.44,1114.11,1070.14,Yes,0,0,23,46,6,3,0.043,Credit Card,Android,Google Ads,None,Standard,0,3.7,Medium,No
CUST101853,Abhiram Bir,34,Male,Haryana,Faridabad,02-04-2025,08-02-2026,Home & Kitchen,2,4622.86,2311.43,0,No,0,0,22,132,17,11,0.273,Cash on Delivery,Android,Instagram,None,Standard,1,4.4,Low,No
CUST101854,Nisha Chaudhari,49,Female,Punjab,Amritsar,11-06-2025,15-08-2026,Grocery,3,7110.56,2370.19,2268.09,Yes,0,0,26,130,21,10,0.308,Cash on Delivery,Android,Direct,None,Express,1,3.1,Medium,No
CUST101855,Sanaya Panchal,20,Female,Assam,Guwahati,13-08-2025,15-08-2026,Home & Kitchen,7,8965.49,1280.78,2329.59,Yes,0,0,23,138,24,12,0.261,Cash on Delivery,Windows Laptop,Referral,None,Standard,1,,Medium,No
CUST101856,Bhanumati Krishnamurthy,29,Male,Delhi,Delhi,08-06-2025,15-08-2026,Electronics,3,8275.2,2758.4,1640.63,Yes,0,0,29,58,12,6,0.138,UPI,Android,Email,None,Express,4,3.8,Medium,No
CUST101857,Bahadurjit Bajwa,18,Female,Kerala,Kozhikode,04-01-2025,02-03-2026,Home & Kitchen,5,4536.58,907.32,1462.53,Yes,0,0,22,132,13,6,0.136,UPI,iPhone,Google Ads,None,Standard,0,4.5,Medium,Yes
CUST101858,Dakshesh Kalla,29,Female,Gujarat,Surat,11-04-2024,29-06-2024,Beauty & Personal Care,3,8632.9,2877.63,2469.47,Yes,0,0,19,57,10,6,0.211,Debit Card,Android,Email,Gold,Express,1,3.7,Medium,Yes
CUST101859,Jagdish Chadha,36,Male,Punjab,Ludhiana,25-10-2025,16-12-2025,Mobile Accessories,6,5899.28,983.21,1744.26,Yes,0,0,18,36,7,4,0.111,UPI,Android,Google Ads,Gold,Standard,1,3.5,Medium,No
CUST101860,Keya Goyal,37,Female,Kerala,Kozhikode,20-11-2025,01-01-2026,Electronics,6,4461.34,743.56,936.58,Yes,2,0.33,16,48,7,4,0.125,UPI,Android,Direct,None,Standard,0,3.8,Medium,No
CUST101861,Qarin Kulkarni,32,Male,Madhya Pradesh,Bhopal,21-08-2025,20-06-2026,Home & Kitchen,7,7818.34,1116.91,2703,Yes,0,0,15,45,8,3,0.067,Cash on Delivery,Android,Instagram,None,Express,0,5,Medium,No
CUST101862,Unni Borra,38,Female,Bihar,Muzaffarpur,22-08-2025,30-04-2026,Fashion,5,5436.79,1087.36,448.74,Yes,0,0,17,102,13,7,0.176,Debit Card,Windows Laptop,Direct,None,Standard,0,5,Medium,No
CUST101863,Aradhana Sane,51,Male,Karnataka,Mysuru,24-06-2025,11-11-2025,Home & Kitchen,6,4763.65,793.94,0,No,1,0.17,17,68,5,2,0.059,Net Banking,Android,Referral,Silver,Standard,1,4.2,Medium,Yes
CUST101864,Aarini Edwin,45,Female,Uttar Pradesh,Noida,26-05-2025,28-06-2026,Electronics,7,7300.86,1042.98,2499.12,Yes,0,0,19,57,5,3,0.105,Debit Card,Android,Direct,None,Standard,0,2.3,Medium,No
CUST101865,Aradhana Bhatia,27,Male,Andhra Pradesh,Visakhapatnam,23-01-2025,29-12-2025,Fashion,4,4518.82,1129.7,1158.52,Yes,1,0.25,17,51,5,2,0.059,UPI,Android,YouTube,Silver,Standard,2,4.7,Medium,No
CUST101866,Lipika Natarajan,19,Male,Jharkhand,Ranchi,28-12-2024,06-04-2025,Sports & Fitness,5,5613.36,1122.67,871.83,Yes,0,0,27,54,10,6,0.148,UPI,iPhone,Organic Search,None,Express,1,3.4,Medium,No
CUST101867,Aarna Lanka,28,Male,West Bengal,Kolkata,12-04-2026,15-08-2026,Beauty & Personal Care,3,5532.23,1844.08,1425.71,Yes,0,0,28,112,23,15,0.429,UPI,Android,Referral,Silver,Standard,1,4.4,Low,No
CUST101868,Ridhi Boase,23,Male,Karnataka,Mysuru,03-09-2025,15-08-2026,Home & Kitchen,5,7233.79,1446.76,0,No,0,0,18,90,12,5,0.111,UPI,MacBook,Google Ads,None,Standard,2,3.1,Medium,Yes
CUST101869,Sai Ramaswamy,35,Male,Maharashtra,Nagpur,24-04-2024,29-01-2025,Fashion,9,6031.95,670.22,989.59,Yes,1,0.11,28,84,14,6,0.143,Debit Card,Android,Direct,Silver,Express,1,3.3,Medium,No
CUST101870,Vyanjana Chopra,22,Male,Kerala,Kochi,22-12-2025,29-07-2026,Fashion,6,6110.95,1018.49,1335.36,Yes,3,0.5,17,34,4,1,0.059,Debit Card,iPhone,Organic Search,Gold,Standard,0,,Medium,Yes
CUST101871,Raagini Kamdar,30,Female,Punjab,Ludhiana,08-12-2024,07-08-2025,Home & Kitchen,3,5857.95,1952.65,1870.41,Yes,1,0.33,29,174,24,17,0.379,UPI,Windows Laptop,Organic Search,Platinum,Express,0,4.4,Low,Yes
CUST101872,Riya Lad,38,Male,Karnataka,Bengaluru,14-03-2024,23-11-2024,Sports & Fitness,3,2908.81,969.6,0,No,1,0.33,21,42,7,4,0.095,Cash on Delivery,MacBook,Email,Silver,Standard,0,2.4,Low,Yes
CUST101873,Bakhshi Bora,30,Female,Rajasthan,Jaipur,14-05-2024,09-08-2024,Mobile Accessories,3,2229.42,743.14,252.52,Yes,1,0.33,28,112,22,14,0.25,Wallet,Android,Instagram,None,Standard,0,3.4,Low,Yes
CUST101874,Zashil Sehgal,23,Female,Punjab,Ludhiana,19-02-2026,15-08-2026,Home & Kitchen,7,4728.03,675.43,0,No,0,0,24,48,6,3,0.042,UPI,Windows Laptop,Organic Search,Gold,Express,1,4.7,Medium,Yes
CUST101875,Widisha Dixit,40,Other,Kerala,Kozhikode,11-05-2026,15-08-2026,Home & Kitchen,6,5792.38,965.4,0,No,1,0.17,24,120,21,8,0.167,UPI,Windows Laptop,Direct,Silver,Standard,0,3.5,Medium,No
CUST101876,Baljiwan Ramakrishnan,18,Other,Uttar Pradesh,Lucknow,12-08-2025,26-03-2026,Sports & Fitness,5,10863.87,2172.77,0,No,0,0,22,132,15,7,0.227,Credit Card,iPhone,Instagram,None,Same Day,0,3.3,Medium,No
CUST101877,Max Narayan,28,Female,Uttar Pradesh,Kanpur,14-01-2025,18-07-2025,Home & Kitchen,2,2077.74,1038.87,0,No,0,0,25,150,18,8,0.2,UPI,Windows Laptop,Instagram,None,Standard,0,3.8,Low,No
CUST101878,Aarush Varma,31,Female,Rajasthan,Jaipur,04-05-2025,17-10-2025,Beauty & Personal Care,2,2383.23,1191.62,259.44,Yes,0,0,17,51,5,2,0.059,Debit Card,Android,Google Ads,Gold,Standard,1,5,Low,Yes
CUST101879,Vanya Sarin,31,Male,Tamil Nadu,Coimbatore,04-05-2024,30-08-2024,Fashion,6,6325.39,1054.23,2596.01,Yes,0,0,24,96,19,7,0.208,Net Banking,Windows Laptop,Organic Search,Platinum,Standard,1,4.7,Medium,No
CUST101880,Ekaraj Zachariah,32,Female,Uttar Pradesh,Noida,07-02-2024,30-09-2024,Grocery,4,4052.86,1013.22,1293.09,Yes,1,0.25,22,132,12,7,0.136,Credit Card,Android,Organic Search,Platinum,Standard,0,4.3,Medium,Yes
CUST101881,Aarush Rajagopalan,36,Female,Odisha,Bhubaneswar,19-02-2026,15-08-2026,Beauty & Personal Care,8,18895.09,2361.89,0,No,0,0,18,108,20,9,0.222,UPI,Tablet,Google Ads,Silver,Standard,1,4,High,No
CUST101882,Jairaj Wason,31,Male,Haryana,Faridabad,05-11-2024,12-12-2025,Sports & Fitness,9,12934.99,1437.22,4085.98,Yes,0,0,27,135,22,11,0.296,UPI,iPhone,YouTube,Gold,Express,0,4.6,Medium,Yes
CUST101883,Gauri Mitter,28,Female,Bihar,Gaya,15-04-2024,06-05-2025,Grocery,4,2903.67,725.92,1266.28,Yes,0,0,14,28,4,1,0.071,Debit Card,Windows Laptop,Direct,Silver,Standard,1,4.6,Medium,Yes
CUST101884,Christopher Chana,28,Male,Madhya Pradesh,Indore,09-07-2025,29-11-2025,Fashion,6,3985.37,664.23,898.95,Yes,1,0.17,21,105,21,13,0.476,Debit Card,Android,Organic Search,Silver,Standard,2,3.7,Medium,No
CUST101885,Harini Buch,26,Female,Karnataka,Bengaluru,12-08-2024,04-10-2025,Grocery,6,5313.14,885.52,1538.9,Yes,0,0,19,76,11,6,0.211,Credit Card,Android,Direct,Gold,Standard,0,3.5,Medium,No
CUST101886,Bimala Jain,37,Male,Gujarat,Vadodara,29-08-2024,20-04-2025,Sports & Fitness,2,1406.19,703.1,0,No,0,0,24,96,8,5,0.083,Cash on Delivery,Android,Instagram,Silver,Standard,0,3.9,Low,Yes
CUST101887,Balveer Rajagopalan,26,Female,West Bengal,Howrah,31-01-2025,06-08-2025,Fashion,4,9619.99,2405,493.08,Yes,1,0.25,23,138,29,12,0.435,Credit Card,Tablet,YouTube,Gold,Express,1,4.8,Medium,No
CUST101888,Chandani Ramakrishnan,38,Female,Delhi,New Delhi,01-06-2024,30-09-2025,Electronics,6,7425.78,1237.63,0,No,1,0.17,21,63,8,5,0.143,UPI,MacBook,Organic Search,Platinum,Standard,0,4.7,Medium,Yes
CUST101889,Jagrati Sur,31,Female,Kerala,Thiruvananthapuram,19-06-2025,15-08-2026,Electronics,4,6560.31,1640.08,0,No,2,0.5,20,40,3,2,0.05,UPI,Android,Direct,Silver,Standard,1,3.8,Medium,No
CUST101890,Raksha Gupta,27,Female,Andhra Pradesh,Visakhapatnam,27-09-2025,15-08-2026,Home & Kitchen,2,2138.1,1069.05,0,No,0,0,23,46,7,3,0.043,Credit Card,Android,Direct,Platinum,Express,0,,Low,No
CUST101891,Balendra Hans,36,Female,Maharashtra,Pune,07-03-2026,15-08-2026,Fashion,4,3986.95,996.74,885.94,Yes,0,0,19,76,9,6,0.158,Cash on Delivery,iPhone,Referral,Silver,Standard,0,4.7,Medium,No
CUST101892,William Suresh,25,Male,Gujarat,Surat,05-02-2025,12-04-2025,Beauty & Personal Care,6,12060.75,2010.12,0,No,0,0,16,80,16,7,0.25,Net Banking,Android,Organic Search,None,Express,0,3.9,Medium,Yes
CUST101893,Dev Zachariah,36,Male,Madhya Pradesh,Indore,09-05-2026,15-08-2026,Fashion,3,6133.49,2044.5,2270.6,Yes,0,0,17,102,15,7,0.235,UPI,iPhone,Google Ads,Silver,Standard,0,4.8,Low,No
CUST101894,Xalak Walla,33,Male,Karnataka,Mangaluru,11-02-2026,15-08-2026,Sports & Fitness,4,14116.22,3529.06,5348.58,Yes,0,0,26,52,4,2,0.038,Net Banking,Android,Direct,Silver,Express,4,4.1,Medium,No
CUST101895,Amol Bansal,26,Male,Uttar Pradesh,Varanasi,25-05-2024,29-06-2024,Fashion,5,3530.72,706.14,1556.36,Yes,0,0,23,115,13,8,0.13,UPI,Windows Laptop,Instagram,None,Standard,0,4.5,Medium,Yes
CUST101896,Daksh Nazareth,35,Male,Kerala,Thiruvananthapuram,09-07-2024,06-11-2024,Fashion,5,4895.94,979.19,1336.69,Yes,0,0,18,90,10,5,0.167,Debit Card,Android,Google Ads,Silver,Express,1,3.7,Medium,No
CUST101897,Nidra Dani,35,Female,Bihar,Patna,11-06-2026,15-08-2026,Home & Kitchen,6,7706.32,1284.39,1455.62,Yes,0,0,21,84,15,5,0.143,Credit Card,Android,Organic Search,None,Standard,1,5,Medium,No
CUST101898,Tara Yadav,40,Female,Karnataka,Bengaluru,07-11-2025,15-08-2026,Home & Kitchen,5,15959.47,3191.89,2764.36,Yes,0,0,21,126,11,5,0.19,Debit Card,iPhone,Organic Search,Silver,Express,,3.3,Medium,Yes
CUST101899,Viraj Bora,39,Female,Telangana,Warangal,05-08-2025,27-05-2026,Fashion,4,3375.97,843.99,0,No,0,0,15,90,11,7,0.267,Credit Card,Windows Laptop,Instagram,None,Express,1,4.6,Medium,No
CUST101900,Lohit Suresh,35,Male,Madhya Pradesh,Indore,19-07-2024,11-05-2025,Fashion,6,13483.5,2247.25,0,No,0,0,27,81,14,8,0.148,UPI,iPhone,Instagram,Platinum,Standard,0,3.5,Medium,No
CUST101901,Urishilla Bath,22,Male,Uttar Pradesh,Noida,16-05-2026,15-08-2026,Electronics,6,4934.95,822.49,0,No,1,0.17,20,120,19,7,0.2,UPI,Android,Email,None,Standard,0,5,Medium,No
CUST101902,Kalpit Atwal,51,Female,West Bengal,Kolkata,12-01-2024,18-07-2025,Grocery,3,6960.69,2320.23,556.53,Yes,0,0,21,84,14,7,0.143,UPI,iPhone,Direct,Platinum,Standard,0,3.2,Low,Yes
CUST101903,Chandresh Mohanty,20,Male,Madhya Pradesh,Indore,21-02-2024,06-11-2024,Grocery,4,4926.79,1231.7,1494.66,Yes,0,0,19,95,15,9,0.211,UPI,Android,Google Ads,Gold,Standard,0,5,Medium,Yes
CUST101904,Tanmayi Garde,39,Male,West Bengal,Durgapur,06-02-2026,15-08-2026,Home & Kitchen,5,3255.31,651.06,902.43,Yes,0,0,18,36,3,2,0.056,Cash on Delivery,Tablet,Email,None,Same Day,1,5,Medium,No
CUST101905,Hitesh Comar,34,Male,Kerala,Thiruvananthapuram,28-10-2024,14-01-2026,Grocery,6,7071.7,1178.62,0,No,0,0,34,170,29,21,0.441,Debit Card,Android,Instagram,None,Standard,1,4.7,Medium,Yes
CUST101906,Thomas Bhatnagar,22,Male,Karnataka,Mangaluru,21-05-2026,12-07-2026,Grocery,4,8589.43,2147.36,0,No,1,0.25,21,42,8,5,0.19,Credit Card,iPhone,Direct,Gold,Standard,0,4.7,Medium,Yes
CUST101907,Pooja Nazareth,30,Male,Jharkhand,Jamshedpur,26-10-2024,02-01-2026,Electronics,5,1528.3,305.66,0,No,0,0,19,57,4,2,0.053,Credit Card,Android,Direct,None,Standard,1,4.6,Medium,No
CUST101908,Ekta Dara,30,Male,Telangana,Hyderabad,04-06-2025,16-04-2026,Mobile Accessories,6,15569.59,2594.93,0,No,0,0,26,78,10,4,0.077,Debit Card,Android,Referral,Silver,Express,0,3.7,Medium,Yes
CUST101909,Ekanta Kala,41,Male,Tamil Nadu,Coimbatore,19-05-2024,12-08-2024,Sports & Fitness,9,5348.66,594.3,345.7,Yes,0,0,19,57,6,4,0.158,UPI,iPhone,Organic Search,None,Standard,2,3.8,Medium,Yes
CUST101910,Oscar Nayak,25,Female,Maharashtra,Nashik,09-04-2024,30-09-2025,Fashion,3,3349.11,1116.37,1138.41,Yes,2,0.67,17,85,8,5,0.235,UPI,Android,Direct,None,Standard,0,4.4,Low,Yes
CUST101911,Jai Mahal,29,Male,Tamil Nadu,Chennai,29-04-2025,03-11-2025,Fashion,2,2973.89,1486.94,1330.85,Yes,0,0,20,80,9,5,0.15,Net Banking,Android,Organic Search,None,Standard,1,5,Low,Yes
CUST101912,Ojasvi Ganguly,18,Male,Haryana,Faridabad,16-05-2024,28-08-2024,Electronics,4,1153.23,288.31,333.24,Yes,0,0,28,168,14,7,0.143,Debit Card,MacBook,Email,Silver,Express,1,4.6,Medium,Yes
CUST101913,Nitesh Sarna,45,Female,Andhra Pradesh,Vijayawada,20-05-2026,15-08-2026,Electronics,6,4755.89,792.65,0,No,1,0.17,25,50,8,5,0.12,UPI,Android,Instagram,Gold,Standard,0,2.9,Medium,No
CUST101914,Banjeet Deol,22,Female,Telangana,Warangal,31-12-2024,09-08-2025,Grocery,6,11367.21,1894.54,0,No,0,0,33,132,21,12,0.212,UPI,iPhone,YouTube,Gold,Standard,1,,Medium,No
CUST101915,Krisha Dugar,34,Male,Gujarat,Ahmedabad,02-06-2026,15-08-2026,Home & Kitchen,3,9939.65,3313.22,3150.52,Yes,0,0,18,108,16,10,0.278,UPI,Windows Laptop,Direct,Silver,Standard,1,3.7,Medium,No
CUST101916,Vidhi Buch,30,Female,Kerala,Kozhikode,17-06-2025,16-05-2026,Grocery,6,13732.81,2288.8,0,No,0,0,19,38,4,2,0.053,UPI,Windows Laptop,Email,None,Standard,0,4.6,Medium,No
CUST101917,Abhimanyu Gola,30,Male,Haryana,Gurugram,21-05-2025,15-08-2026,Grocery,8,14668.06,1833.51,5568.53,Yes,0,0,20,100,21,8,0.3,Wallet,Android,Organic Search,Silver,Express,2,3.7,Medium,Yes
CUST101918,Bhanumati Saha,37,Male,Uttar Pradesh,Varanasi,18-10-2025,31-12-2025,Beauty & Personal Care,6,2125.18,354.2,0,No,1,0.17,18,36,6,4,0.111,Credit Card,Windows Laptop,Google Ads,Silver,Standard,1,4.8,Medium,No
CUST101919,Jonathan Jhaveri,44,Other,Telangana,Warangal,09-06-2024,06-10-2024,Grocery,4,4548.21,1137.05,1590.14,Yes,1,0.25,23,115,23,16,0.478,UPI,Windows Laptop,Direct,Silver,Standard,0,4.6,Medium,Yes
CUST101920,Anika Virk,33,Female,Gujarat,Ahmedabad,30-01-2026,15-08-2026,Electronics,8,24810.2,3101.28,6764.61,Yes,0,0,30,180,22,16,0.233,Cash on Delivery,iPhone,Google Ads,None,Same Day,0,4,High,No
CUST101921,Nisha Khare,36,Male,Odisha,Bhubaneswar,23-06-2024,12-10-2025,Fashion,3,7994.37,2664.79,0,No,0,0,26,104,19,13,0.346,Credit Card,Android,Email,Silver,Standard,1,3.3,Medium,Yes
CUST101922,Baljiwan Gole,34,Female,West Bengal,Siliguri,28-03-2024,16-08-2024,Beauty & Personal Care,5,5550.42,1110.08,1295.95,Yes,1,0.2,25,50,4,2,0.04,Net Banking,Android,Referral,None,Standard,1,5,Medium,No
CUST101923,Gaurang Mitra,39,Female,Bihar,Muzaffarpur,02-02-2025,10-05-2025,Electronics,6,8092.06,1348.68,,Yes,0,0,20,120,20,12,0.35,Credit Card,Android,Direct,Silver,Standard,0,4.2,Medium,No
CUST101924,Omya Agrawal,27,Male,Telangana,Hyderabad,24-04-2025,14-12-2025,Electronics,7,16766.7,2395.24,0,No,1,0.14,15,45,8,5,0.133,Net Banking,iPhone,Direct,Silver,Same Day,1,4,Medium,Yes
CUST101925,Rehaan Dalal,40,Male,Madhya Pradesh,Bhopal,28-06-2025,15-08-2026,Sports & Fitness,2,4917.83,2458.92,311.42,Yes,0,0,12,48,5,1,0.083,Cash on Delivery,Android,Instagram,Silver,Standard,0,4.2,Low,No
CUST101926,Janaki Zacharia,40,Male,Maharashtra,Nagpur,21-04-2025,15-08-2026,Grocery,3,4125.35,1375.12,0,No,0,0,23,69,15,6,0.087,UPI,Android,Organic Search,None,Standard,1,3.3,Low,No
CUST101927,Ucchal Joshi,40,Female,Uttar Pradesh,Varanasi,21-02-2026,15-08-2026,Fashion,3,3406.93,1135.64,0,No,0,0,18,54,8,3,0.111,Cash on Delivery,Android,Google Ads,None,Standard,0,4.6,Low,No
CUST101928,Chatresh Hari,26,Male,Rajasthan,Udaipur,09-10-2024,27-12-2025,Grocery,8,15747.57,1968.45,6648.51,Yes,0,0,24,96,12,5,0.125,UPI,MacBook,Google Ads,Gold,Standard,0,3.9,High,No
CUST101929,Manthan Som,30,Female,Bihar,Gaya,07-01-2026,15-08-2026,Sports & Fitness,4,10699.93,2674.98,3019.78,Yes,1,0.25,30,60,6,3,0.067,UPI,Android,YouTube,Silver,Standard,2,4.1,Medium,No
CUST101930,Patrick Dutta,33,Male,West Bengal,Howrah,27-03-2025,15-08-2026,Fashion,3,2906.33,968.78,254.75,Yes,0,0,15,90,9,4,0.133,UPI,Windows Laptop,Google Ads,Gold,Standard,1,4.3,Low,No
CUST101931,Chatura Patla,20,Male,Uttar Pradesh,Varanasi,15-09-2025,17-12-2025,Electronics,9,5042.46,560.27,2024.37,Yes,1,0.11,18,72,7,3,0.056,Net Banking,Android,Direct,None,Standard,1,2.9,Medium,No
CUST101932,Shaurya Saran,44,Female,Uttar Pradesh,Noida,22-03-2024,09-06-2024,Mobile Accessories,7,9735.18,1390.74,3398.53,Yes,0,0,23,46,7,4,0.13,Credit Card,Windows Laptop,Google Ads,Platinum,Standard,0,2.7,Medium,Yes
CUST101933,Gaurika Setty,31,Female,Uttar Pradesh,Varanasi,31-07-2024,13-02-2025,Fashion,4,3072.5,768.12,462.61,Yes,0,0,19,76,11,4,0.158,UPI,Windows Laptop,Direct,None,Standard,0,2.9,Medium,Yes
CUST101934,Hemang Ben,33,Male,Uttar Pradesh,Kanpur,26-03-2026,14-06-2026,Electronics,7,26626.78,3803.83,0,No,0,0,16,64,9,5,0.125,UPI,MacBook,Referral,Gold,Standard,0,3.6,Medium,No
CUST101935,Nakul Balakrishnan,26,Male,Odisha,Bhubaneswar,03-06-2025,11-01-2026,Home & Kitchen,5,4227.7,845.54,1009.59,Yes,0,0,25,50,10,7,0.2,UPI,iPhone,Google Ads,Silver,Standard,1,3.9,Medium,No
CUST101936,Yutika D’Alia,20,Female,Madhya Pradesh,Indore,13-05-2024,20-07-2024,Grocery,5,5723.79,1144.76,2318.35,Yes,0,0,28,84,6,3,0.071,UPI,Android,YouTube,None,Express,0,2.9,Medium,Yes
CUST101937,Wahab Saxena,26,Male,Delhi,Delhi,22-03-2025,12-11-2025,Fashion,10,9960.03,996,0,No,2,0.2,30,150,17,6,0.1,UPI,Tablet,Google Ads,None,Standard,0,3.1,Medium,Yes
CUST101938,Oni Issac,33,Male,Punjab,Chandigarh,27-04-2024,02-01-2025,Fashion,8,8361.52,1045.19,0,No,0,0,14,28,5,1,0.071,UPI,Android,Instagram,Silver,Express,2,4.2,Medium,Yes
CUST101939,Victor Choudhary,36,Female,Rajasthan,Jaipur,18-08-2025,15-08-2026,Fashion,6,12727.25,2121.21,0,No,0,0,10,50,4,2,0.1,UPI,Android,Instagram,Silver,Express,0,3.3,Medium,No
CUST101940,Vedant Chaudhari,32,Female,Maharashtra,Nashik,08-02-2026,15-08-2026,Mobile Accessories,4,10304.61,2576.15,0,No,0,0,22,110,11,5,0.091,UPI,Windows Laptop,Referral,Silver,Express,2,3.6,Medium,No
CUST101941,Nitara Iyengar,34,Male,West Bengal,Kolkata,30-08-2024,25-12-2024,Fashion,7,13810.04,1972.86,3802.37,Yes,1,0.14,22,88,11,5,0.136,Credit Card,Windows Laptop,Instagram,Platinum,Standard,1,4.9,Medium,No
CUST101942,Thomas Borah,28,Female,Tamil Nadu,Coimbatore,18-01-2026,15-08-2026,Beauty & Personal Care,5,12593.44,2518.69,0,No,0,0,21,42,8,5,0.19,Credit Card,Windows Laptop,Direct,Silver,Standard,1,4.3,Medium,No
CUST101943,Vedhika Bhagat,35,Female,Madhya Pradesh,Bhopal,29-05-2024,07-08-2025,Books,2,2282.32,1141.16,256.91,Yes,1,0.5,24,48,7,4,0.083,UPI,Android,Organic Search,None,Express,1,3,Low,Yes
CUST101944,Maanav Kalita,43,Male,Odisha,Bhubaneswar,04-06-2026,15-08-2026,Electronics,4,3275.07,818.77,0,No,0,0,19,57,8,5,0.105,UPI,Android,Google Ads,None,Standard,,4.2,Medium,No
CUST101945,Pranav Ram,37,Female,Madhya Pradesh,Bhopal,16-06-2025,15-08-2026,Mobile Accessories,2,1664.28,832.14,285.64,Yes,1,0.5,23,115,24,14,0.348,Debit Card,iPhone,Referral,Gold,Standard,1,4.4,Low,No
CUST101946,Laban Shankar,37,Male,Rajasthan,Jaipur,07-10-2025,15-08-2026,Mobile Accessories,4,8017.93,2004.48,2633.9,Yes,1,0.25,23,69,10,6,0.087,Debit Card,Android,YouTube,None,Standard,1,4.7,Medium,No
CUST101947,Jagrati Madan,33,Male,Gujarat,Surat,13-01-2025,17-06-2026,Books,8,22228.52,2778.56,0,No,0,0,20,120,25,16,0.5,Debit Card,Android,Organic Search,Platinum,Express,0,4.5,High,No
CUST101948,Gautami Datta,19,Male,Maharashtra,Mumbai,30-08-2025,15-08-2026,Fashion,7,4487.62,641.09,1339.93,Yes,0,0,19,95,9,5,0.158,Net Banking,Android,Email,Gold,Standard,2,4.5,Medium,No
CUST101949,Darpan Mand,23,Male,Tamil Nadu,Chennai,08-06-2025,31-05-2026,Beauty & Personal Care,5,4637.49,927.5,366.44,Yes,1,0.2,20,60,8,3,0.1,UPI,Android,Referral,None,Express,0,4.1,Medium,No
CUST101950,Indrajit Shroff,35,Female,Gujarat,Ahmedabad,27-05-2025,15-08-2026,Grocery,4,5463.63,1365.91,0,No,0,0,13,39,7,3,0.077,UPI,MacBook,YouTube,Platinum,Standard,0,4.4,Medium,No
CUST101951,Omya Garg,31,Male,Maharashtra,Pune,23-10-2025,15-08-2026,Mobile Accessories,5,4569.45,913.89,1237.57,Yes,1,0.2,30,150,15,5,0.1,Credit Card,MacBook,Direct,None,Standard,0,4.7,Medium,Yes
CUST101952,Thomas Merchant,35,Female,Delhi,New Delhi,26-04-2024,10-12-2024,Fashion,6,10144.22,1690.7,1242.35,Yes,0,0,28,84,8,5,0.143,UPI,MacBook,Email,Silver,Standard,1,4,Medium,Yes
CUST101953,Onkar Karpe,44,Male,Uttar Pradesh,Varanasi,25-10-2025,15-08-2026,Grocery,5,11653.02,2330.6,2907.15,Yes,0,0,23,138,18,10,0.217,UPI,Android,Google Ads,None,Standard,0,3.6,Medium,No
CUST101954,Nisha Vig,37,Male,Kerala,Thiruvananthapuram,29-07-2025,30-06-2026,Fashion,7,35077.29,5011.04,0,No,1,0.14,33,66,13,9,0.182,UPI,iPhone,Instagram,Gold,Express,0,4,Medium,No
CUST101955,Tarak Solanki,41,Female,Andhra Pradesh,Visakhapatnam,23-10-2025,23-01-2026,Electronics,5,23250.31,4650.06,8693.49,Yes,1,0.2,26,156,16,10,0.231,Credit Card,Windows Laptop,Direct,None,Standard,1,3.8,Medium,No
CUST101956,Arya Atwal,32,Female,Jharkhand,Ranchi,12-11-2024,20-01-2025,Home & Kitchen,4,8316.84,2079.21,891.59,Yes,0,0,26,130,27,14,0.346,Debit Card,Android,Organic Search,Gold,Standard,0,4,Medium,Yes
CUST101957,Yatin Kota,25,Female,Bihar,Muzaffarpur,25-05-2026,15-08-2026,Sports & Fitness,8,8340.79,1042.6,2892.18,Yes,0,0,23,92,16,11,0.261,UPI,iPhone,Google Ads,Gold,Standard,0,2.7,Medium,No
CUST101958,Radha Kapadia,31,Female,Gujarat,Ahmedabad,12-01-2024,03-04-2024,Home & Kitchen,6,13216.89,2202.82,2580.92,Yes,1,0.17,25,125,18,13,0.4,Debit Card,Android,Google Ads,None,Standard,3,4.8,Medium,Yes
CUST101959,Abdul Sahni,25,Male,Bihar,Patna,30-03-2024,10-10-2024,Beauty & Personal Care,4,1770.26,442.56,569.27,Yes,0,0,17,34,2,1,0.059,UPI,MacBook,Google Ads,Silver,Express,0,4.3,Medium,Yes
CUST101960,Banjeet Singhal,43,Female,Madhya Pradesh,Bhopal,22-01-2025,20-02-2026,Mobile Accessories,5,8649.93,1729.99,0,No,1,0.2,28,168,25,15,0.357,Credit Card,Android,Instagram,None,Same Day,2,4.9,Medium,No
CUST101961,Pavani Wali,37,Male,Maharashtra,Mumbai,23-03-2024,30-06-2025,Home & Kitchen,4,7240.91,1810.23,1854.18,Yes,0,0,16,48,6,3,0.062,Debit Card,Windows Laptop,Email,None,Standard,1,3.4,Medium,No
CUST101962,Varenya Chaudhari,35,Female,Gujarat,Surat,31-01-2026,15-08-2026,Beauty & Personal Care,3,4848.81,1616.27,1866.91,Yes,0,0,28,84,16,6,0.107,UPI,Android,Instagram,Platinum,Standard,3,4.4,Low,No
CUST101963,Warhi Khosla,41,Female,Punjab,Chandigarh,14-06-2026,15-08-2026,Fashion,7,5142.65,734.66,476.07,Yes,1,0.14,17,68,10,6,0.176,UPI,Android,Organic Search,None,Express,1,4,Medium,No
CUST101964,Advik Ray,18,Male,Telangana,Hyderabad,30-01-2025,24-06-2025,Home & Kitchen,4,9439.19,2359.8,0,No,0,0,27,162,35,24,0.556,Credit Card,Android,Direct,None,Standard,0,4.2,Medium,Yes
CUST101965,Kevin Parmer,36,Male,Uttar Pradesh,Lucknow,28-06-2025,03-03-2026,Grocery,3,2297.42,765.81,0,No,0,0,21,63,6,3,0.095,UPI,Android,Organic Search,Gold,Express,1,4.5,Low,No
CUST101966,William Chana,21,Female,Uttar Pradesh,Noida,22-10-2025,08-04-2026,Mobile Accessories,4,8915.8,2228.95,3381.84,Yes,0,0,21,105,21,8,0.143,Wallet,Windows Laptop,Instagram,None,Express,0,4.7,Medium,No
CUST101967,Varsha Mody,31,Female,Karnataka,Bengaluru,01-10-2025,15-08-2026,Beauty & Personal Care,5,7835.49,1567.1,3395.55,Yes,0,0,18,54,7,4,0.111,Debit Card,MacBook,Organic Search,Silver,Express,0,,Medium,No
CUST101968,Tripti Bajwa,29,Male,Telangana,Warangal,09-04-2024,26-12-2025,Grocery,6,9170.6,1528.43,0,No,1,0.17,19,38,5,3,0.105,Debit Card,Windows Laptop,Instagram,None,Standard,1,3.7,Medium,Yes
CUST101969,Ubika Devi,36,Female,Tamil Nadu,Coimbatore,01-04-2025,07-06-2025,Electronics,8,5907.95,738.49,0,No,0,0,22,132,26,17,0.318,Debit Card,Android,Google Ads,Silver,Express,0,4.3,Medium,Yes
CUST101970,Qasim Prabhakar,33,Female,West Bengal,Siliguri,23-05-2026,15-08-2026,Fashion,4,3189.17,797.29,459.36,Yes,2,0.5,17,51,8,3,0.118,UPI,iPhone,Google Ads,Platinum,Standard,0,1.9,Medium,Yes
CUST101971,Aarav Bobal,42,Male,West Bengal,Durgapur,23-11-2024,24-01-2026,Home & Kitchen,1,529.09,529.09,55.14,Yes,1,1,18,54,11,4,0.111,UPI,Android,Direct,None,Standard,1,4.6,Low,No
CUST101972,Gaurangi Wali,26,Male,Punjab,Amritsar,24-12-2025,21-01-2026,Electronics,5,11628.8,2325.76,0,No,2,0.4,16,32,6,3,0.125,Debit Card,Android,Referral,Gold,Standard,1,4.3,Medium,No
CUST101973,Chaman Sandhu,37,Female,Tamil Nadu,Madurai,14-03-2024,06-08-2025,Fashion,7,10289.08,1469.87,958.87,Yes,0,0,19,57,9,3,0.105,Wallet,Android,Direct,Silver,Standard,2,4.2,Medium,No
CUST101974,Sarthak Buch,32,Male,Rajasthan,Jodhpur,05-04-2024,18-09-2025,Home & Kitchen,4,4408.34,1102.08,1040.67,Yes,1,0.25,21,84,13,8,0.286,Debit Card,Android,Instagram,Silver,Standard,1,4.2,Medium,No
CUST101975,Christopher Varma,18,Male,Tamil Nadu,Madurai,01-04-2024,18-04-2025,Electronics,6,6609.24,1101.54,2011.73,Yes,0,0,27,162,18,11,0.185,UPI,Windows Laptop,Instagram,Silver,Standard,1,2.9,Medium,No
CUST101976,Charan Choudhry,24,Female,Jharkhand,Jamshedpur,25-11-2024,01-06-2026,Fashion,9,18083.02,2009.22,0,No,1,0.11,20,60,7,5,0.2,Cash on Delivery,Android,Direct,Gold,Standard,0,3.9,High,Yes
CUST101977,Jasmit Shroff,30,Female,Delhi,New Delhi,19-04-2026,15-08-2026,Home & Kitchen,8,5705.86,713.23,0,No,0,0,23,115,13,6,0.13,Credit Card,iPhone,Instagram,Silver,Express,2,4.3,Medium,No
CUST101978,Jasmit Peri,40,Female,Gujarat,Vadodara,23-06-2024,30-12-2025,Beauty & Personal Care,8,8005.64,1000.7,2966.61,Yes,1,0.12,16,48,9,5,0.188,Debit Card,Android,Organic Search,Silver,Express,0,4.2,Medium,Yes
CUST101979,Ekalinga Jayaraman,35,Male,Haryana,Gurugram,06-01-2026,15-08-2026,Books,3,1867.95,622.65,,Yes,1,0.33,17,68,11,6,0.176,Credit Card,Windows Laptop,YouTube,None,Standard,0,5,Low,No
CUST101980,Gaurika Khare,22,Female,Punjab,Amritsar,10-11-2024,20-03-2026,Beauty & Personal Care,3,2302.27,767.42,630.7,Yes,2,0.67,20,100,18,7,0.25,Debit Card,Android,Organic Search,None,Standard,0,3.8,Low,No
CUST101981,Vanya Kadakia,30,Female,Karnataka,Bengaluru,17-11-2025,15-08-2026,Home & Kitchen,4,5434.29,1358.57,873.03,Yes,1,0.25,19,76,14,10,0.211,Wallet,iPhone,Direct,Gold,Standard,3,4.4,Medium,No
CUST101982,Ekani Pandit,47,Male,Madhya Pradesh,Bhopal,21-07-2025,20-03-2026,Mobile Accessories,9,18573.43,2063.71,4715.14,Yes,0,0,20,40,8,2,0.05,UPI,Android,Organic Search,Silver,Standard,0,3.1,High,Yes
CUST101983,Yahvi Sampath,32,Female,Gujarat,Surat,11-05-2025,09-10-2025,Grocery,8,14617.43,1827.18,2997.68,Yes,0,0,22,110,11,4,0.136,Credit Card,iPhone,Direct,None,Standard,0,3.4,Medium,Yes
CUST101984,Chatura Bhatnagar,28,Female,Rajasthan,Jaipur,25-09-2024,06-06-2025,Fashion,7,15729.82,2247.12,2208,Yes,0,0,24,120,24,10,0.292,Cash on Delivery,Android,Organic Search,None,Express,2,5,Medium,Yes
CUST101985,Hemani Sethi,35,Female,Maharashtra,Nagpur,03-03-2025,02-07-2026,Electronics,2,3364.88,1682.44,880.34,Yes,1,0.5,24,96,16,11,0.333,Net Banking,iPhone,Google Ads,Platinum,Express,0,3.8,Low,No
CUST101986,Yachana Vyas,37,Female,Maharashtra,Pune,04-02-2024,20-07-2025,Grocery,6,4917.93,819.66,0,No,0,0,19,76,15,5,0.158,Cash on Delivery,MacBook,Organic Search,None,Express,1,4.2,Medium,Yes
CUST101987,Upma Wali,27,Male,Kerala,Kozhikode,28-04-2024,16-08-2025,Beauty & Personal Care,6,17167.52,2861.25,0,No,1,0.17,22,44,9,4,0.136,Credit Card,iPhone,Google Ads,Silver,Express,,4.3,Medium,Yes
CUST101988,Siya Pillai,35,Female,Rajasthan,Jaipur,05-01-2025,20-11-2025,Grocery,8,17486.37,2185.8,6621.07,Yes,0,0,29,145,20,11,0.276,Wallet,Android,Organic Search,Silver,Standard,1,5,High,No
CUST101989,Raghav Shankar,28,Female,Gujarat,Vadodara,21-07-2025,01-02-2026,Grocery,8,24181.81,3022.73,0,No,0,0,17,85,15,7,0.235,UPI,iPhone,Google Ads,None,Standard,1,4.1,High,No
CUST101990,Faris Raman,37,Female,Kerala,Thiruvananthapuram,26-03-2025,09-05-2025,Beauty & Personal Care,4,15381.4,3845.35,6439.76,Yes,0,0,24,120,23,14,0.292,UPI,Android,Google Ads,None,Standard,0,3.7,Medium,No
CUST101991,Bhavya Bose,32,Other,Madhya Pradesh,Bhopal,04-11-2024,28-12-2024,Mobile Accessories,6,6496.75,1082.79,558.24,Yes,0,0,31,155,17,8,0.194,UPI,Android,Referral,Platinum,Standard,1,3.6,Medium,Yes
CUST101992,Nitesh Majumdar,35,Male,Karnataka,Mysuru,22-12-2024,11-07-2025,Beauty & Personal Care,7,7107.92,1015.42,817.21,Yes,1,0.14,17,34,5,3,0.059,Credit Card,Android,YouTube,Platinum,Standard,1,4.2,Medium,No
CUST101993,Manbir Taneja,25,Male,Uttar Pradesh,Lucknow,10-01-2025,09-12-2025,Electronics,10,3459.63,345.96,364.85,Yes,0,0,23,69,8,3,0.043,Debit Card,Android,Referral,None,Express,0,4.7,Medium,No
CUST101994,Samarth Verma,24,Male,Maharashtra,Pune,07-04-2026,15-08-2026,Sports & Fitness,6,7703.27,1283.88,0,No,0,0,20,100,9,3,0.1,Credit Card,Windows Laptop,Instagram,Silver,Standard,2,3.6,Medium,No
CUST101995,Chaaya Saha,39,Female,Kerala,Kochi,14-04-2024,18-03-2025,Fashion,4,5705.37,1426.34,390.1,Yes,0,0,20,120,21,12,0.35,Wallet,Android,Direct,Silver,Express,,3.6,Medium,Yes
CUST101996,Urvi Palan,30,Male,Bihar,Muzaffarpur,24-01-2025,22-03-2025,Grocery,4,4174.77,1043.69,1773.43,Yes,0,0,21,42,6,3,0.048,UPI,Android,Google Ads,None,Standard,1,4.6,Medium,No
CUST101997,Sachi Bail,33,Female,Jharkhand,Jamshedpur,24-06-2024,12-04-2025,Mobile Accessories,2,2228.75,1114.38,166.56,Yes,1,0.5,19,57,7,3,0.105,Cash on Delivery,Windows Laptop,Google Ads,Platinum,Standard,0,4.8,Low,Yes
CUST101998,Ranbir Bhatnagar,29,Male,West Bengal,Howrah,15-04-2024,14-03-2025,Grocery,6,10404.32,1734.05,2148.49,Yes,1,0.17,27,108,11,5,0.111,Cash on Delivery,Windows Laptop,Organic Search,None,Express,1,5,Medium,Yes
CUST101999,Vincent Venkatesh,38,Male,West Bengal,Howrah,14-08-2025,18-02-2026,Beauty & Personal Care,4,2254.32,563.58,918.83,Yes,0,0,24,72,7,3,0.042,UPI,Windows Laptop,Direct,None,Standard,0,4.2,Medium,No
CUST102000,Nisha Oza,26,Male,Tamil Nadu,Coimbatore,11-06-2024,05-08-2024,Home & Kitchen,3,7719.96,2573.32,3314.58,Yes,2,0.67,22,88,10,5,0.136,Credit Card,iPhone,Instagram,Gold,Express,0,,Medium,Yes
CUST102001,Vedika Wagle,30,Female,Delhi,Delhi,23-09-2024,20-11-2025,Fashion,3,5951.83,1983.94,1405.32,Yes,0,0,20,120,26,15,0.3,Cash on Delivery,Android,Direct,Silver,Standard,0,4.4,Low,No
CUST102002,Tanvi Modi,37,Female,Delhi,Delhi,16-07-2025,15-08-2026,Fashion,4,5231.57,1307.89,1283.68,Yes,0,0,18,36,7,2,0.056,Cash on Delivery,Windows Laptop,Direct,None,Express,0,2.6,Medium,No
CUST102003,Damini Garg,40,Female,Assam,Guwahati,07-06-2026,15-08-2026,Beauty & Personal Care,2,3034.37,1517.18,923.88,Yes,0,0,28,84,16,6,0.071,Debit Card,Android,Google Ads,None,Standard,1,4.9,Low,No
CUST102004,Utkarsh Sule,27,Female,Delhi,Delhi,05-10-2024,17-04-2025,Grocery,5,8303.83,1660.77,0,No,0,0,21,84,7,3,0.048,Net Banking,iPhone,Instagram,None,Express,0,4.7,Medium,Yes
CUST102005,Bhavya Batta,47,Male,Tamil Nadu,Chennai,29-10-2024,20-04-2025,Grocery,4,7568.24,1892.06,1361.26,Yes,0,0,16,80,15,7,0.312,Debit Card,Android,YouTube,None,Standard,1,4.3,Medium,Yes
CUST102006,Ira Mane,34,Male,Kerala,Kozhikode,09-08-2025,29-09-2025,Fashion,8,29859.52,3732.44,0,No,0,0,16,96,17,8,0.312,Credit Card,iPhone,Email,None,Express,2,4.3,High,No
CUST102007,Ojas Dyal,23,Other,Gujarat,Vadodara,10-05-2026,15-08-2026,Home & Kitchen,3,3055.15,1018.38,880.32,Yes,0,0,21,126,26,15,0.524,Debit Card,Android,Organic Search,Silver,Standard,2,4.2,Low,Yes
CUST102008,Qabil Gill,34,Female,Madhya Pradesh,Indore,06-05-2024,10-11-2025,Sports & Fitness,5,15712.8,3142.56,3813,Yes,0,0,24,48,6,4,0.083,Debit Card,Android,Email,None,Standard,0,5,Medium,Yes
CUST102009,Neel Khanna,28,Male,West Bengal,Durgapur,02-09-2024,27-09-2025,Home & Kitchen,2,2026.63,1013.32,183.03,Yes,0,0,14,28,4,2,0.071,Credit Card,Android,Organic Search,None,Standard,1,2.8,Low,No
CUST102010,Benjamin Nadig,34,Female,Rajasthan,Udaipur,03-04-2026,15-08-2026,Beauty & Personal Care,5,5789.48,1157.9,0,No,0,0,18,36,5,2,0.056,UPI,Windows Laptop,Instagram,Silver,Standard,2,3.8,Medium,No
CUST102011,Ridhi Lad,31,Male,West Bengal,Kolkata,21-08-2024,09-06-2025,Grocery,5,5020.21,1004.04,1276.77,Yes,0,0,20,40,6,2,0.05,Debit Card,Android,Direct,None,Express,1,4.1,Medium,Yes
CUST102012,Qarin Jha,32,Male,West Bengal,Howrah,28-10-2025,18-07-2026,Grocery,5,13762.45,2752.49,0,No,0,0,16,80,9,5,0.125,Cash on Delivery,Windows Laptop,Organic Search,Silver,Standard,2,4.9,Medium,No
CUST102013,Edhitha Padmanabhan,24,Male,Assam,Guwahati,07-08-2025,07-09-2025,Home & Kitchen,4,3987.83,996.96,0,No,0,0,24,144,14,6,0.083,Wallet,Windows Laptop,Organic Search,None,Express,2,4.4,Medium,No
CUST102014,Kashish Sen,39,Female,Maharashtra,Nashik,14-03-2025,31-03-2026,Books,4,6735.96,1683.99,2747.98,Yes,0,0,22,110,19,10,0.364,Credit Card,Android,Organic Search,Silver,Standard,0,3.6,Medium,No
CUST102015,Charvi Dara,22,Male,Uttar Pradesh,Noida,16-05-2024,02-10-2024,Electronics,6,6664.88,1110.81,2509.26,Yes,0,0,14,28,5,2,0.071,Cash on Delivery,MacBook,Organic Search,None,Express,0,3.5,Medium,No
CUST102016,Nidhi Tata,22,Male,Gujarat,Vadodara,24-02-2026,15-08-2026,Mobile Accessories,8,8523.99,1065.5,906.14,Yes,0,0,22,66,11,6,0.182,Cash on Delivery,Android,Instagram,None,Express,1,4.2,Medium,Yes
CUST102017,Tara Nagarajan,34,Male,Telangana,Hyderabad,09-07-2025,20-02-2026,Electronics,8,19769.17,2471.15,7270.55,Yes,0,0,19,76,14,6,0.211,Debit Card,iPhone,Direct,None,Express,1,3.9,High,No
CUST102018,Aayush Tripathi,44,Male,Assam,Dibrugarh,28-01-2026,15-08-2026,Electronics,6,8175.57,1362.6,2620.44,Yes,0,0,20,60,9,4,0.05,UPI,Tablet,Referral,None,Standard,1,5,Medium,No
CUST102019,Chakrika Som,28,Male,West Bengal,Durgapur,28-05-2024,31-07-2025,Books,7,5642.02,806,0,No,0,0,21,126,18,9,0.286,Debit Card,Android,Email,Silver,Standard,0,4.3,Medium,Yes
CUST102020,Manan Sathe,37,Male,Bihar,Muzaffarpur,25-02-2024,23-07-2025,Fashion,3,3655.19,1218.4,0,No,0,0,18,108,23,8,0.222,Wallet,Android,Organic Search,Gold,Standard,0,3.6,Low,Yes
CUST102021,Isaiah Srinivas,40,Male,Andhra Pradesh,Visakhapatnam,18-11-2025,01-06-2026,Grocery,2,2842.44,1421.22,,No,0,0,20,100,21,12,0.25,Debit Card,Android,Google Ads,Silver,Standard,2,5,Low,No
CUST102022,Liam Dada,38,Female,Uttar Pradesh,Lucknow,21-12-2024,28-01-2026,Sports & Fitness,6,8905.8,1484.3,1383.14,Yes,1,0.17,19,76,12,7,0.211,Debit Card,Windows Laptop,Instagram,None,Standard,0,3.4,Medium,No
CUST102023,Aryan Ratti,29,Male,Jharkhand,Ranchi,13-09-2024,22-06-2026,Sports & Fitness,5,6281.92,1256.38,1702.74,Yes,0,0,21,42,5,3,0.095,UPI,Windows Laptop,Google Ads,None,Standard,0,4.2,Medium,No
CUST102024,Sanaya Parikh,22,Male,West Bengal,Durgapur,23-03-2026,15-08-2026,Mobile Accessories,6,6184.22,1030.7,1047.87,Yes,0,0,24,48,6,2,0.042,Debit Card,MacBook,Referral,None,Standard,1,3.7,Medium,No
CUST102025,Eta Bhakta,18,Male,Gujarat,Ahmedabad,03-03-2024,01-12-2025,Fashion,2,4456.65,2228.32,846.2,Yes,1,0.5,19,57,9,5,0.158,UPI,iPhone,Direct,Silver,Standard,0,3.6,Low,Yes
CUST102026,Tristan Mall,29,Female,Delhi,Delhi,05-04-2026,15-08-2026,Grocery,6,11953.29,1992.22,928.34,Yes,0,0,26,104,11,8,0.231,Cash on Delivery,MacBook,Referral,Silver,Standard,2,4.3,Medium,No
CUST102027,Arin Chacko,40,Female,Kerala,Kozhikode,03-03-2024,17-06-2025,Electronics,4,4815.73,1203.93,2150.44,Yes,1,0.25,23,115,24,15,0.522,UPI,Android,Direct,Gold,Standard,1,4.8,Medium,Yes
CUST102028,Gagan Vala,22,Male,Andhra Pradesh,Vijayawada,16-03-2026,11-08-2026,Home & Kitchen,5,6225.59,1245.12,1081.5,Yes,0,0,22,44,7,4,0.091,UPI,iPhone,Direct,None,Standard,1,4.6,Medium,No
CUST102029,Robert Swaminathan,37,Female,Delhi,Delhi,29-01-2024,05-08-2024,Sports & Fitness,6,4498.53,749.76,0,No,0,0,23,138,14,5,0.087,UPI,Android,Google Ads,Silver,Same Day,1,3.5,Medium,Yes
CUST102030,Yasti Bhalla,23,Female,Bihar,Gaya,05-07-2025,06-04-2026,Fashion,4,4958.61,1239.65,2217.8,Yes,0,0,16,32,4,1,0.062,Credit Card,Android,YouTube,Gold,Standard,0,5,Medium,No
CUST102031,Mitali Divan,32,Female,Karnataka,Mangaluru,20-10-2025,15-08-2026,Beauty & Personal Care,4,3479.38,869.84,1522.75,Yes,1,0.25,30,120,13,4,0.067,UPI,Windows Laptop,Referral,None,Express,1,4.4,Medium,No
CUST102032,Kala Raju,37,Male,Uttar Pradesh,Varanasi,22-08-2025,01-06-2026,Home & Kitchen,5,8468.49,1693.7,0,No,1,0.2,19,114,10,6,0.158,UPI,Windows Laptop,YouTube,None,Express,0,2.4,Medium,No
CUST102033,Advik Mane,26,Male,Gujarat,Surat,21-07-2025,15-08-2026,Beauty & Personal Care,5,6542.45,1308.49,1736.79,Yes,0,0,26,130,22,12,0.308,Credit Card,Windows Laptop,YouTube,None,Express,0,4.6,Medium,No
CUST102034,Indali Morar,32,Female,Andhra Pradesh,Vijayawada,26-10-2024,21-06-2025,Mobile Accessories,7,7343.83,1049.12,1275.7,Yes,0,0,19,38,3,1,0.053,Credit Card,iPhone,Google Ads,None,Express,0,4.9,Medium,Yes
CUST102035,Gagan Kale,28,Female,Uttar Pradesh,Noida,05-12-2025,15-08-2026,Electronics,7,8486.85,1212.41,3348.93,Yes,1,0.14,18,108,14,9,0.333,UPI,Android,Instagram,None,Same Day,1,4.2,Medium,No
CUST102036,Ojasvi Savant,37,Female,Telangana,Hyderabad,03-09-2025,20-11-2025,Beauty & Personal Care,6,8179.22,1363.2,0,No,1,0.17,19,95,16,10,0.263,UPI,Windows Laptop,Google Ads,None,Standard,1,4.5,Medium,No
CUST102037,Nihal Samra,33,Male,Maharashtra,Nagpur,02-08-2024,23-11-2025,Sports & Fitness,12,31638.72,2636.56,2932.58,Yes,0,0,26,104,10,6,0.115,Credit Card,Android,Organic Search,None,Express,0,5,High,No
CUST102038,Liam Chadha,31,Male,Maharashtra,Pune,20-05-2024,05-10-2024,Home & Kitchen,5,11652.25,2330.45,1953.38,Yes,1,0.2,21,105,21,13,0.333,Net Banking,Android,Google Ads,Gold,Standard,0,2.3,Medium,Yes
CUST102039,Sarthak Mitter,43,Female,Delhi,New Delhi,21-05-2025,15-08-2026,Electronics,2,5018.92,2509.46,0,No,1,0.5,20,100,10,4,0.1,Credit Card,Tablet,Google Ads,None,Standard,,4.5,Low,Yes
CUST102040,Gautami Bhatti,36,Female,Delhi,New Delhi,14-07-2025,23-03-2026,Beauty & Personal Care,6,7370.71,1228.45,0,No,0,0,16,96,15,10,0.312,Credit Card,iPhone,Organic Search,Platinum,Standard,0,3.5,Medium,No
CUST102041,Gaurang Ahuja,25,Male,Punjab,Amritsar,13-05-2025,10-08-2025,Fashion,5,7226.81,1445.36,0,No,0,0,22,44,9,3,0.045,Credit Card,Windows Laptop,Instagram,None,Standard,0,4.9,Medium,No
CUST102042,Anjali Sachdeva,30,Male,Uttar Pradesh,Kanpur,18-09-2025,15-08-2026,Electronics,9,37102.92,4122.55,6557.77,Yes,0,0,22,132,12,8,0.182,UPI,Android,YouTube,Gold,Standard,0,3.9,High,No
CUST102043,Turvi Devan,30,Male,Uttar Pradesh,Varanasi,16-05-2025,15-08-2026,Sports & Fitness,3,3268.16,1089.39,263.53,Yes,0,0,27,81,7,4,0.074,Cash on Delivery,Android,Organic Search,None,Same Day,0,4.4,Low,No
CUST102044,Quincy Raj,32,Female,Maharashtra,Mumbai,10-01-2026,15-08-2026,Home & Kitchen,8,12936.66,1617.08,0,No,0,0,22,132,12,7,0.227,UPI,iPhone,Instagram,None,Express,0,3,Medium,No
CUST102045,Vritti Basak,51,Female,Haryana,Gurugram,02-02-2026,15-08-2026,Mobile Accessories,3,3744.86,1248.29,1272.92,Yes,1,0.33,23,138,17,10,0.304,UPI,iPhone,Organic Search,Platinum,Express,1,4.7,Low,Yes
CUST102046,Daksha Tak,34,Female,Kerala,Kochi,09-08-2025,15-08-2026,Sports & Fitness,6,7009.65,1168.27,1577.13,Yes,0,0,25,50,8,3,0.08,UPI,Android,Direct,None,Standard,0,3.2,Medium,No
CUST102047,Udarsh Bala,18,Female,West Bengal,Siliguri,09-07-2024,15-03-2026,Grocery,3,8211.62,2737.21,0,No,0,0,21,84,13,6,0.19,Cash on Delivery,Android,Google Ads,None,Standard,0,3.9,Medium,Yes
CUST102048,Mitesh Lala,27,Male,Odisha,Bhubaneswar,11-12-2025,13-02-2026,Electronics,4,3553.5,888.38,414.16,Yes,0,0,22,66,8,4,0.091,UPI,Android,Organic Search,Silver,Standard,0,5,Medium,No
CUST102049,Urmi Dash,18,Female,Uttar Pradesh,Noida,05-11-2025,17-01-2026,Home & Kitchen,6,14111.49,2351.92,2875.77,Yes,0,0,18,36,5,2,0.056,Debit Card,MacBook,Google Ads,Gold,Standard,1,4.6,Medium,No
CUST102050,Omisha Gola,28,Other,Maharashtra,Pune,12-10-2025,15-08-2026,Fashion,4,7800.27,1950.07,3219.41,Yes,1,0.25,20,40,5,2,0.05,UPI,Android,Referral,Gold,Standard,1,3.9,Medium,Yes
CUST102051,Yash Balakrishnan,18,Female,Gujarat,Surat,18-02-2024,14-05-2024,Books,8,10998.34,1374.79,1159.92,Yes,0,0,20,100,12,8,0.25,Cash on Delivery,Windows Laptop,Instagram,Gold,Standard,1,3.1,Medium,Yes
CUST102052,Aradhana Tailor,24,Female,Rajasthan,Jodhpur,28-12-2024,20-07-2025,Electronics,2,2322.69,1161.34,826.9,Yes,1,0.5,20,60,8,3,0.05,UPI,Android,YouTube,Silver,Standard,2,4,Low,Yes
CUST102053,Janaki Srivastava,19,Male,Karnataka,Mysuru,28-05-2026,15-08-2026,Fashion,4,4521.85,1130.46,0,No,0,0,15,75,9,4,0.133,UPI,Android,YouTube,None,Standard,0,3.7,Medium,No
CUST102054,Aarna Soni,34,Female,Jharkhand,Ranchi,18-09-2025,15-08-2026,Home & Kitchen,8,17034.47,2129.31,2975.44,Yes,1,0.12,17,85,12,5,0.118,Debit Card,Android,Referral,None,Standard,1,3.7,High,Yes
CUST102055,Kashvi Vala,31,Female,Punjab,Ludhiana,10-11-2025,29-04-2026,Fashion,8,21467.13,2683.39,8345.88,Yes,1,0.12,24,48,6,4,0.083,UPI,Tablet,Direct,None,Standard,1,3.6,High,Yes
CUST102056,Aashi Gaba,33,Female,Odisha,Bhubaneswar,10-05-2025,15-08-2026,Fashion,8,16937.86,2117.23,0,No,0,0,21,84,10,4,0.048,Credit Card,Android,Referral,None,Standard,0,3.8,High,No
CUST102057,Madhav Nagarajan,30,Male,Gujarat,Vadodara,03-10-2024,10-01-2025,Beauty & Personal Care,4,5213.52,1303.38,0,No,2,0.5,22,44,5,2,0.045,UPI,Android,Organic Search,None,Express,3,3.9,Medium,Yes
CUST102058,Krishna Parikh,20,Female,Gujarat,Vadodara,16-02-2024,09-05-2024,Electronics,5,8110.18,1622.04,741.41,Yes,0,0,26,156,17,6,0.154,Cash on Delivery,MacBook,Instagram,None,Express,1,5,Medium,Yes
CUST102059,Chatresh Mahajan,35,Male,Bihar,Muzaffarpur,09-02-2026,15-08-2026,Electronics,5,9312.44,1862.49,3011.37,Yes,1,0.2,16,64,6,3,0.062,Debit Card,Android,Organic Search,None,Same Day,0,3.3,Medium,No
CUST102060,Oni Parekh,46,Male,Uttar Pradesh,Lucknow,03-08-2024,25-08-2025,Fashion,3,3166.48,1055.49,0,No,0,0,22,66,7,4,0.136,Net Banking,Windows Laptop,Organic Search,Silver,Standard,1,4.9,Low,No
CUST102061,Bimala Manne,34,Male,West Bengal,Durgapur,17-08-2024,25-10-2024,Grocery,7,15953.67,2279.1,5936.33,Yes,0,0,25,100,21,14,0.24,Debit Card,Android,Referral,None,Standard,0,5,Medium,Yes
CUST102062,Yoshita Hari,28,Female,Rajasthan,Jodhpur,30-09-2025,07-01-2026,Beauty & Personal Care,5,8171.3,1634.26,1843.02,Yes,0,0,17,51,5,2,0.059,Credit Card,Windows Laptop,Organic Search,Gold,Express,,2.5,Medium,No
CUST102063,Girindra Ganesh,20,Male,Madhya Pradesh,Bhopal,18-11-2024,17-07-2026,Home & Kitchen,5,11799.68,2359.94,4857.41,Yes,1,0.2,18,90,12,6,0.222,UPI,Android,Email,Gold,Standard,0,3.5,Medium,No
CUST102064,Diya Mitra,24,Male,Gujarat,Vadodara,09-04-2026,15-08-2026,Beauty & Personal Care,6,3977.75,662.96,1113.73,Yes,0,0,20,40,8,5,0.15,Credit Card,Android,Instagram,Silver,Same Day,3,4,Medium,No
CUST102065,Janani Char,35,Female,West Bengal,Durgapur,24-02-2025,21-01-2026,Fashion,5,4857.89,971.58,1832.15,Yes,0,0,13,26,2,1,0.077,UPI,Windows Laptop,Instagram,None,Standard,1,4.2,Medium,No
CUST102066,Maanas Arya,40,Female,Madhya Pradesh,Indore,12-08-2024,06-02-2025,Mobile Accessories,5,5433,1086.6,735.54,Yes,0,0,25,150,24,17,0.56,UPI,Android,Direct,Platinum,Standard,,3,Medium,Yes
CUST102067,Zarna Manda,33,Female,Karnataka,Bengaluru,23-10-2025,15-08-2026,Electronics,5,7049.19,1409.84,945.27,Yes,0,0,16,32,6,4,0.125,UPI,Tablet,Direct,Silver,Standard,2,4,Medium,No
CUST102068,Vedhika Sabharwal,37,Male,Delhi,Delhi,13-10-2024,14-07-2026,Grocery,3,2906.83,968.94,0,No,0,0,24,96,9,4,0.083,Credit Card,iPhone,Organic Search,Silver,Standard,2,4.4,Low,No
CUST102069,Nicholas Chaudry,37,Female,Karnataka,Mangaluru,15-02-2024,07-11-2024,Books,5,22227.59,4445.52,6860.64,Yes,1,0.2,31,186,36,17,0.419,Credit Card,Android,Email,Silver,Standard,0,3.1,Medium,Yes
CUST102070,Mohammed Thakur,35,Male,Tamil Nadu,Madurai,23-03-2026,15-08-2026,Sports & Fitness,6,3989.3,664.88,1278.67,Yes,0,0,21,42,7,3,0.048,Debit Card,Android,YouTube,None,Standard,1,4.1,Medium,No
CUST102071,Raghav Vora,26,Male,Kerala,Kozhikode,14-01-2024,29-12-2024,Fashion,5,13286.55,2657.31,0,No,0,0,21,126,24,16,0.476,Net Banking,MacBook,Instagram,Gold,Standard,0,3.5,Medium,Yes
CUST102072,Omisha Sharma,32,Male,Rajasthan,Jodhpur,24-09-2025,15-08-2026,Fashion,2,4562.69,2281.34,957.48,Yes,0,0,22,44,3,1,0.045,Net Banking,Android,Organic Search,Silver,Same Day,0,4,Low,No
CUST102073,Jackson Deep,24,Female,Karnataka,Bengaluru,09-01-2025,15-08-2026,Grocery,4,5952.26,1488.06,0,No,0,0,16,32,2,1,0.062,UPI,iPhone,Email,None,Standard,1,3.5,Medium,No
CUST102074,Varsha Pall,31,Male,Haryana,Faridabad,03-12-2025,27-03-2026,Electronics,5,4831.09,966.22,373.2,Yes,0,0,19,95,9,6,0.211,Debit Card,Android,Direct,None,Standard,0,3.8,Medium,No
CUST102075,Janani Dewan,34,Male,Haryana,Faridabad,28-11-2024,11-04-2025,Sports & Fitness,4,5685.91,1421.48,748.13,Yes,0,0,30,60,13,5,0.1,Credit Card,Windows Laptop,Referral,None,Standard,0,,Medium,Yes
CUST102076,Hema Gera,44,Male,Haryana,Faridabad,05-05-2026,15-08-2026,Grocery,4,8751.51,2187.88,3921.25,Yes,0,0,28,56,11,6,0.107,Cash on Delivery,Android,Google Ads,Gold,Express,2,5,Medium,Yes
CUST102077,Ayush Dani,21,Male,Delhi,Delhi,14-06-2024,27-04-2025,Grocery,2,1174.14,587.07,0,No,0,0,16,64,10,3,0.062,Debit Card,Android,Organic Search,Silver,Express,1,5,Low,Yes
CUST102078,Kabir Dhar,35,Female,Gujarat,Surat,21-05-2025,31-10-2025,Electronics,8,6678.23,834.78,759.43,Yes,0,0,20,60,9,5,0.1,UPI,Android,Instagram,Platinum,Standard,0,5,Medium,No
CUST102079,Damyanti Dass,43,Female,Andhra Pradesh,Visakhapatnam,26-04-2024,27-11-2024,Grocery,3,3031.07,1010.36,0,No,0,0,16,64,7,4,0.188,UPI,Android,Google Ads,None,Same Day,1,2.5,Low,No
CUST102080,Kalpit Brar,37,Male,Madhya Pradesh,Indore,27-09-2025,14-10-2025,Grocery,5,9984.96,1996.99,0,No,0,0,23,138,15,7,0.13,UPI,iPhone,Google Ads,Platinum,Standard,0,4.5,Medium,No
CUST102081,Isaac Brahmbhatt,38,Male,West Bengal,Kolkata,19-07-2025,15-08-2026,Sports & Fitness,4,10479.65,2619.91,3651.16,Yes,0,0,16,96,10,3,0.062,UPI,Tablet,Google Ads,Platinum,Standard,1,3.9,Medium,Yes
CUST102082,Veda Sankar,36,Male,West Bengal,Howrah,14-03-2025,04-06-2025,Electronics,3,11774.52,3924.84,0,No,0,0,19,38,6,3,0.053,UPI,Windows Laptop,Organic Search,Silver,Standard,0,3.4,Medium,No
CUST102083,Ronith Chokshi,41,Female,Gujarat,Surat,30-10-2024,16-04-2025,Electronics,7,2905.62,415.09,404.45,Yes,0,0,24,48,8,5,0.083,UPI,Tablet,Direct,Gold,Express,1,5,Medium,No
CUST102084,Yochana Bhargava,22,Male,Assam,Dibrugarh,01-04-2025,15-08-2026,Fashion,5,4347.17,869.43,1088.37,Yes,0,0,19,95,14,9,0.263,Debit Card,Android,Direct,None,Same Day,1,4,Medium,No
CUST102085,Jagat Kulkarni,20,Male,Uttar Pradesh,Lucknow,18-05-2026,15-08-2026,Electronics,7,7902.92,1128.99,953.54,Yes,2,0.29,20,40,7,4,0.1,Cash on Delivery,Android,Organic Search,None,Express,0,4.7,Medium,No
CUST102086,Dominic Mitra,31,Female,Rajasthan,Jaipur,27-09-2024,20-03-2026,Beauty & Personal Care,3,6270.53,2090.18,949.45,Yes,0,0,19,76,6,2,0.053,UPI,Android,Email,None,Standard,0,4.8,Low,Yes
CUST102087,Gopal Dasgupta,18,Male,Maharashtra,Nagpur,11-12-2025,02-07-2026,Books,7,14071.13,2010.16,6258.38,Yes,1,0.14,23,92,7,4,0.13,UPI,Windows Laptop,Organic Search,Platinum,Express,1,4.6,Medium,No
CUST102088,Ryan Goyal,41,Male,Bihar,Muzaffarpur,03-08-2024,06-09-2024,Home & Kitchen,5,3195.49,639.1,1091.17,Yes,0,0,23,92,17,8,0.174,Debit Card,Tablet,Email,None,Express,0,3.9,Medium,No
CUST102089,Ayush Chana,41,Male,Punjab,Ludhiana,22-04-2024,13-02-2025,Sports & Fitness,12,18544.34,1545.36,0,No,1,0.08,21,84,11,7,0.19,Cash on Delivery,Windows Laptop,Organic Search,Silver,Standard,,3.9,High,Yes
CUST102090,Arunima Pall,28,Male,Telangana,Hyderabad,16-01-2024,09-02-2024,Electronics,9,2884.9,320.54,178.93,Yes,0,0,28,84,14,5,0.071,Cash on Delivery,iPhone,Instagram,None,Standard,0,4.2,Medium,No
CUST102091,Naveen Tella,28,Female,Madhya Pradesh,Bhopal,03-08-2024,30-01-2026,Electronics,5,8251.52,1650.3,1673.85,Yes,1,0.2,21,84,11,5,0.095,UPI,iPhone,Google Ads,None,Standard,0,5,Medium,No
CUST102092,Yashasvi Bir,30,Female,Andhra Pradesh,Vijayawada,02-03-2025,15-08-2026,Electronics,4,5838.23,1459.56,1588.58,Yes,0,0,26,104,14,6,0.115,Credit Card,Windows Laptop,YouTube,None,Standard,1,4.8,Medium,No
CUST102093,Akshay Wadhwa,31,Male,Karnataka,Bengaluru,14-05-2024,27-03-2025,Fashion,4,4638.4,1159.6,0,No,1,0.25,23,138,11,3,0.043,Debit Card,Android,Instagram,None,Standard,2,3.9,Medium,Yes
CUST102094,Rehaan Manda,32,Male,Uttar Pradesh,Varanasi,12-02-2024,24-10-2024,Books,5,4829.66,965.93,1880.76,Yes,0,0,26,156,24,12,0.269,UPI,Windows Laptop,Organic Search,Gold,Standard,0,4,Medium,Yes
CUST102095,Aayush Chaudhary,35,Female,Tamil Nadu,Madurai,02-02-2026,18-07-2026,Electronics,3,3442.42,1147.47,0,No,0,0,26,156,13,5,0.077,UPI,Windows Laptop,Referral,Silver,Standard,3,5,Low,No
CUST102096,Yamini Soman,30,Female,Madhya Pradesh,Indore,10-10-2024,26-09-2025,Beauty & Personal Care,4,7452.99,1863.25,0,No,0,0,20,40,5,1,0.05,Credit Card,Android,Instagram,Silver,Standard,0,3.2,Medium,No
CUST102097,Qasim Sarraf,39,Male,Uttar Pradesh,Varanasi,13-04-2026,15-08-2026,Home & Kitchen,4,11832.32,2958.08,0,No,1,0.25,21,126,12,7,0.19,Wallet,Android,Organic Search,Silver,Standard,1,2.8,Medium,No
CUST102098,Pratyush Pant,35,Female,Bihar,Patna,07-04-2024,29-07-2025,Mobile Accessories,4,2515.26,628.82,980.26,Yes,3,0.75,21,42,4,2,0.048,UPI,Android,YouTube,Gold,Express,0,3.5,Medium,Yes
CUST102099,Panini Kala,26,Male,Madhya Pradesh,Indore,29-02-2024,07-09-2024,Electronics,2,2311.9,1155.95,403.95,Yes,1,0.5,21,126,26,16,0.381,UPI,Windows Laptop,Organic Search,None,Standard,0,5,Low,Yes
CUST102100,Nikita Chowdhury,42,Female,Gujarat,Vadodara,17-08-2024,24-02-2025,Fashion,8,14835.89,1854.49,2427.65,Yes,0,0,21,84,18,12,0.381,Cash on Delivery,Tablet,Instagram,Gold,Same Day,2,3.3,Medium,No
CUST102101,Jatin Shukla,20,Female,Assam,Dibrugarh,14-06-2026,15-08-2026,Electronics,8,11794.45,1474.31,0,No,0,0,21,126,10,4,0.048,Net Banking,Android,Instagram,None,Express,2,3.5,Medium,No
CUST102102,Zinal Deshpande,30,Female,Uttar Pradesh,Noida,04-10-2025,15-08-2026,Home & Kitchen,7,8707.77,1243.97,1206.57,Yes,0,0,23,115,23,10,0.174,Cash on Delivery,iPhone,Instagram,Silver,Standard,0,4.3,Medium,No
CUST102103,Jalsa Mani,39,Male,Karnataka,Mysuru,19-01-2025,09-12-2025,Fashion,4,3358.98,839.74,1170.32,Yes,0,0,19,38,7,4,0.105,Credit Card,iPhone,YouTube,Gold,Standard,0,4.2,Medium,No
CUST102104,Fitan Narang,25,Male,Odisha,Cuttack,07-06-2024,23-06-2024,Sports & Fitness,2,3970.24,1985.12,502.07,Yes,2,1,15,60,9,3,0.067,Net Banking,Android,Organic Search,None,Standard,1,4.9,Low,Yes
CUST102105,Jack Rajan,33,Female,Madhya Pradesh,Indore,03-04-2026,15-08-2026,Beauty & Personal Care,5,1979.81,395.96,792.47,Yes,0,0,24,96,14,8,0.125,Credit Card,Android,YouTube,Platinum,Express,1,5,Medium,No
CUST102106,Tanmayi Muni,35,Female,Tamil Nadu,Chennai,15-04-2025,15-08-2026,Beauty & Personal Care,3,2239.46,746.49,863.59,Yes,0,0,20,80,10,5,0.1,UPI,iPhone,Google Ads,None,Standard,2,3.8,Low,No
CUST102107,Upkaar Reddy,24,Female,Haryana,Faridabad,18-08-2025,15-08-2026,Beauty & Personal Care,5,19017.42,3803.48,6941.08,Yes,0,0,24,144,24,14,0.458,Wallet,Android,Google Ads,Platinum,Express,3,4.4,Medium,Yes
CUST102108,Priya Gulati,30,Male,Assam,Dibrugarh,26-07-2024,12-08-2025,Electronics,4,3094.62,773.66,763.1,Yes,0,0,19,38,4,2,0.053,Debit Card,Android,Email,None,Standard,1,4.3,Medium,Yes
CUST102109,Vamakshi Pillai,30,Female,Tamil Nadu,Madurai,22-06-2024,12-01-2026,Home & Kitchen,4,3747.83,936.96,238.12,Yes,1,0.25,24,96,8,5,0.125,UPI,Android,Organic Search,None,Standard,1,3.5,Medium,No
CUST102110,Agastya Swamy,27,Female,Andhra Pradesh,Visakhapatnam,10-03-2026,15-08-2026,Mobile Accessories,5,4858.19,971.64,500.33,Yes,1,0.2,20,80,17,12,0.45,UPI,Android,Google Ads,Silver,Standard,1,4.5,Medium,No
CUST102111,Meghana Sarma,49,Male,Maharashtra,Mumbai,21-03-2024,16-11-2024,Sports & Fitness,8,8756.93,1094.62,2037.23,Yes,0,0,24,144,28,11,0.333,Debit Card,iPhone,Organic Search,Gold,Express,0,4.2,Medium,Yes
CUST102112,Jagdish Dhar,25,Male,Karnataka,Bengaluru,18-01-2024,26-05-2025,Books,7,7803.14,1114.73,0,No,1,0.14,24,96,12,6,0.167,Cash on Delivery,Android,Direct,None,Express,1,4.3,Medium,Yes
CUST102113,Nandini Chaudry,39,Male,Karnataka,Mangaluru,08-12-2025,23-02-2026,Sports & Fitness,7,14947.33,2135.33,0,No,1,0.14,22,88,7,3,0.045,Wallet,Windows Laptop,Organic Search,Platinum,Same Day,0,3.7,Medium,No
CUST102114,Dhruv Patla,28,Female,Haryana,Faridabad,17-10-2024,07-08-2025,Electronics,6,11412.69,1902.12,0,No,0,0,14,42,8,4,0.214,UPI,iPhone,Direct,None,Standard,0,,Medium,Yes
CUST102115,Hamsini Iyer,22,Female,Bihar,Gaya,25-12-2024,22-01-2025,Fashion,5,6130.4,1226.08,946.16,Yes,1,0.2,18,108,9,3,0.111,Cash on Delivery,Android,YouTube,Gold,Express,0,3.4,Medium,No
CUST102116,Jason Kaul,32,Female,Maharashtra,Nashik,17-05-2026,28-06-2026,Electronics,4,15016.58,3754.14,5251.74,Yes,1,0.25,23,69,5,3,0.087,UPI,Android,Instagram,Gold,Standard,0,3.5,Medium,No
CUST102117,Xalak Mallick,36,Male,Gujarat,Surat,05-10-2024,10-03-2025,Fashion,6,6941.96,1156.99,480.33,Yes,0,0,21,63,7,4,0.095,Debit Card,Android,YouTube,Gold,Same Day,1,5,Medium,Yes
CUST102118,Mugdha Parekh,38,Female,Bihar,Patna,31-01-2025,15-08-2026,Electronics,6,9598.76,1599.79,0,No,1,0.17,26,156,28,17,0.308,UPI,Android,YouTube,Gold,Standard,1,3.8,Medium,No
CUST102119,Nidhi Sundaram,43,Female,Maharashtra,Nashik,04-02-2026,15-08-2026,Home & Kitchen,5,7558.28,1511.66,1205.79,Yes,0,0,13,52,10,6,0.231,Credit Card,Windows Laptop,YouTube,None,Standard,0,4.2,Medium,No
CUST102120,Manan Sha,55,Male,Haryana,Faridabad,21-05-2024,20-09-2025,Grocery,10,19772.56,1977.26,3521.08,Yes,0,0,22,88,14,9,0.318,Credit Card,Windows Laptop,Google Ads,Gold,Same Day,0,4,High,Yes
CUST102121,Jason Krishna,33,Male,Madhya Pradesh,Bhopal,07-11-2025,15-08-2026,Books,4,2436.69,609.17,363.44,Yes,0,0,21,42,6,3,0.095,Net Banking,MacBook,Direct,Silver,Standard,0,3.3,Medium,Yes
CUST102122,Widisha Kashyap,26,Male,Rajasthan,Udaipur,31-05-2025,15-12-2025,Grocery,4,2999.82,749.96,0,No,0,0,24,48,3,2,0.042,Credit Card,iPhone,Email,None,Express,1,3.2,Medium,Yes
CUST102123,Ayushman Chaudhary,35,Female,Andhra Pradesh,Vijayawada,07-09-2024,04-08-2025,Mobile Accessories,6,14631.51,2438.58,845.27,Yes,1,0.17,15,90,11,4,0.2,Debit Card,Android,Direct,None,Express,1,3.8,Medium,Yes
CUST102124,Ekansh Tara,29,Male,Gujarat,Surat,23-10-2025,15-08-2026,Electronics,4,13280.09,3320.02,0,No,0,0,20,100,9,3,0.05,Net Banking,Android,Email,Silver,Standard,0,3.9,Medium,No
CUST102125,Praneel Raja,38,Male,Andhra Pradesh,Visakhapatnam,23-06-2025,15-08-2026,Electronics,4,3815.5,953.88,341.53,Yes,1,0.25,21,63,6,3,0.048,UPI,Android,Google Ads,None,Standard,0,3.5,Medium,Yes
CUST102126,Michael Mitter,21,Male,Odisha,Cuttack,24-08-2024,30-06-2025,Grocery,5,3977.86,795.57,1256.26,Yes,1,0.2,28,168,15,5,0.107,UPI,Android,Google Ads,None,Standard,0,4.4,Medium,Yes
CUST102127,Faraj Venkatesh,50,Female,Bihar,Patna,11-05-2024,03-07-2025,Fashion,8,5448.58,681.07,990.6,Yes,0,0,17,68,13,7,0.235,UPI,Android,Instagram,None,Standard,2,4.7,Medium,Yes
CUST102128,Unnati Jaggi,38,Male,Karnataka,Mysuru,01-11-2024,05-08-2025,Fashion,2,4286.37,2143.18,0,No,0,0,18,54,9,5,0.167,UPI,iPhone,Organic Search,None,Standard,0,4.3,Low,Yes
CUST102129,Widisha Swaminathan,18,Male,Haryana,Faridabad,23-12-2024,18-01-2026,Fashion,5,2347.23,469.45,0,No,0,0,23,46,6,3,0.087,UPI,Windows Laptop,Google Ads,Gold,Express,1,3.8,Medium,Yes
CUST102130,Hemal Zachariah,25,Male,Gujarat,Vadodara,11-10-2024,02-06-2026,Fashion,8,12646.76,1580.84,1644.3,Yes,1,0.12,20,60,12,5,0.15,UPI,Android,Organic Search,None,Standard,1,4.8,Medium,No
CUST102131,Azad Sani,38,Male,Karnataka,Mangaluru,19-10-2024,09-01-2025,Home & Kitchen,5,6831.36,1366.27,533.38,Yes,0,0,18,36,3,1,0.056,UPI,Android,Organic Search,Silver,Standard,1,4.5,Medium,Yes
CUST102132,Leela Sengupta,40,Male,West Bengal,Durgapur,11-06-2024,09-10-2025,Home & Kitchen,3,2907.29,969.1,658.7,Yes,1,0.33,24,144,30,14,0.375,UPI,Android,Google Ads,Silver,Same Day,0,5,Low,No
CUST102133,Krisha Savant,21,Male,Uttar Pradesh,Noida,22-02-2025,24-04-2025,Home & Kitchen,5,4281.44,856.29,0,No,0,0,21,42,3,2,0.048,UPI,Windows Laptop,YouTube,Silver,Express,1,3.7,Medium,Yes
CUST102134,Balendra Bali,37,Female,Uttar Pradesh,Noida,08-01-2026,21-03-2026,Grocery,6,13809.27,2301.54,0,No,0,0,26,156,29,20,0.5,UPI,iPhone,Direct,None,Same Day,1,3.5,Medium,No
CUST102135,Chavvi Gala,18,Female,Kerala,Kochi,12-04-2025,20-05-2025,Home & Kitchen,4,7470.99,1867.75,0,No,0,0,23,138,17,10,0.304,Cash on Delivery,Windows Laptop,Organic Search,Gold,Standard,0,4.7,Medium,No
CUST102136,Raagini Desai,30,Female,Haryana,Faridabad,03-10-2025,03-08-2026,Fashion,5,12436.54,2487.31,3953.08,Yes,0,0,18,72,7,4,0.167,Wallet,iPhone,Organic Search,Silver,Standard,0,4.1,Medium,No
CUST102137,Lopa Sura,40,Male,Maharashtra,Nashik,02-06-2026,15-08-2026,Electronics,7,10223.83,1460.55,0,No,0,0,23,115,19,8,0.174,UPI,Windows Laptop,Direct,Gold,Standard,0,4.3,Medium,No
CUST102138,Vritti Zacharia,27,Female,Kerala,Kochi,23-07-2025,15-08-2026,Fashion,11,14474.94,1315.9,5795.56,Yes,0,0,19,95,16,8,0.158,Debit Card,MacBook,Instagram,Gold,Standard,1,5,Medium,Yes
CUST102139,Vamakshi Dugar,19,Male,Karnataka,Mangaluru,21-05-2025,28-06-2025,Grocery,7,9906.91,1415.27,1931.64,Yes,1,0.14,23,115,24,10,0.217,UPI,iPhone,YouTube,Gold,Express,0,3.4,Medium,No
CUST102140,Mahika Lall,32,Male,Haryana,Faridabad,19-10-2025,05-01-2026,Grocery,4,10819.38,2704.84,4583.3,Yes,0,0,17,102,12,7,0.294,Cash on Delivery,Android,Organic Search,Silver,Standard,1,,Medium,No
CUST102141,Krishna Pandit,26,Female,Punjab,Chandigarh,22-04-2025,15-08-2026,Grocery,5,2504.31,500.86,0,No,0,0,19,114,21,12,0.474,UPI,Tablet,Google Ads,Silver,Standard,0,4.2,Medium,No
CUST102142,Ekani Bhat,36,Female,Uttar Pradesh,Kanpur,27-12-2024,15-08-2026,Fashion,6,11586.49,1931.08,0,No,4,0.67,24,96,20,7,0.125,UPI,Android,Instagram,None,Standard,1,,Medium,No
CUST102143,Chakradev Dave,24,Female,Kerala,Kochi,07-11-2024,18-07-2025,Beauty & Personal Care,4,4305.96,1076.49,1677.63,Yes,0,0,23,92,13,9,0.261,Credit Card,Windows Laptop,Google Ads,None,Standard,1,2.6,Medium,Yes
CUST102144,Ikshita Bala,25,Female,Tamil Nadu,Coimbatore,25-09-2025,19-07-2026,Beauty & Personal Care,3,4348.36,1449.45,0,No,2,0.67,24,48,6,4,0.083,Wallet,Windows Laptop,Email,Gold,Standard,2,3.8,Low,Yes
CUST102145,Lajita Chatterjee,18,Other,Rajasthan,Udaipur,04-12-2025,15-08-2026,Home & Kitchen,4,3573.93,893.48,1394.3,Yes,1,0.25,24,48,6,2,0.042,UPI,Tablet,YouTube,None,Standard,0,4.5,Medium,Yes
CUST102146,Hemani Parikh,32,Female,Punjab,Amritsar,01-09-2024,12-07-2025,Beauty & Personal Care,5,11281.33,2256.27,2269.72,Yes,0,0,29,174,37,17,0.241,UPI,Android,Direct,Silver,Standard,1,4.1,Medium,No
CUST102147,Indali Bhalla,30,Female,Gujarat,Surat,21-04-2025,06-08-2025,Home & Kitchen,4,7719.36,1929.84,0,No,0,0,18,90,14,9,0.389,Debit Card,Tablet,Referral,None,Standard,2,4.2,Medium,Yes
CUST102148,Yug Keer,21,Female,Telangana,Hyderabad,06-09-2025,15-08-2026,Beauty & Personal Care,7,5284.21,754.89,1942.61,Yes,0,0,23,69,14,7,0.174,Net Banking,Windows Laptop,Organic Search,None,Standard,2,3.6,Medium,No
CUST102149,Frado Bhatti,33,Male,Rajasthan,Jaipur,09-06-2026,15-08-2026,Grocery,5,5595.24,1119.05,819.75,Yes,0,0,14,56,8,2,0.071,Cash on Delivery,Android,Instagram,Silver,Standard,2,4.5,Medium,No
CUST102150,Ishwar Nazareth,39,Male,Punjab,Amritsar,11-03-2025,29-01-2026,Electronics,1,833.88,833.88,0,No,0,0,19,57,11,7,0.211,Net Banking,Android,Organic Search,None,Standard,0,4.9,Low,No
CUST102151,Anmol Yohannan,29,Female,Tamil Nadu,Madurai,06-09-2024,06-03-2025,Grocery,8,9882.99,1235.37,798.89,Yes,1,0.12,20,60,8,4,0.15,UPI,Android,Direct,Gold,Standard,0,5,Medium,Yes
CUST102152,Baljiwan Sharma,33,Male,Karnataka,Mysuru,22-01-2024,12-02-2024,Electronics,4,14107.52,3526.88,0,No,1,0.25,14,84,8,2,0.071,UPI,Windows Laptop,Google Ads,None,Standard,0,4.2,Medium,Yes
CUST102153,Yutika Sama,33,Male,Kerala,Thiruvananthapuram,21-04-2025,17-06-2025,Electronics,6,2849.93,474.99,0,No,1,0.17,20,40,6,3,0.05,Cash on Delivery,Windows Laptop,Instagram,Gold,Standard,1,4.1,Medium,No
CUST102154,Anmol Singh,21,Male,Punjab,Amritsar,25-07-2025,14-07-2026,Mobile Accessories,4,7146.97,1786.74,0,No,0,0,20,100,20,13,0.4,Credit Card,Windows Laptop,Direct,Silver,Express,0,4.3,Medium,No
CUST102155,Edhitha Purohit,47,Male,Maharashtra,Nashik,19-01-2026,05-07-2026,Mobile Accessories,4,7354.63,1838.66,1591.44,Yes,0,0,23,69,5,2,0.043,Credit Card,Windows Laptop,Google Ads,None,Express,0,3.5,Medium,No
CUST102156,Ekantika Chaudhari,27,Female,Delhi,Delhi,01-05-2026,27-06-2026,Electronics,6,5192.24,865.37,0,No,0,0,25,100,11,4,0.08,UPI,Android,Instagram,None,Standard,1,3.9,Medium,No
CUST102157,Harish Jha,36,Female,Maharashtra,Nashik,25-05-2025,26-12-2025,Home & Kitchen,3,1786.59,595.53,0,No,0,0,19,76,16,5,0.158,UPI,Android,Email,None,Standard,,3.5,Low,Yes
CUST102158,Watika Thakkar,37,Female,Telangana,Warangal,14-06-2026,15-08-2026,Fashion,9,10724.94,1191.66,2075.65,Yes,0,0,22,88,10,6,0.182,Wallet,Android,Organic Search,None,Standard,1,4.4,Medium,No
CUST102159,Ojas Mistry,30,Female,Gujarat,Surat,01-12-2024,29-07-2025,Home & Kitchen,6,3448.62,574.77,0,No,0,0,20,60,8,4,0.05,Debit Card,iPhone,Google Ads,Gold,Standard,0,3.6,Medium,Yes
CUST102160,Rajata Jaggi,36,Female,Kerala,Kochi,07-10-2025,15-08-2026,Sports & Fitness,3,4953.24,1651.08,0,No,1,0.33,21,42,5,2,0.048,UPI,Android,Organic Search,None,Express,0,4.2,Low,No
CUST102161,Faqid Wason,33,Female,Bihar,Patna,28-04-2026,15-08-2026,Mobile Accessories,5,3480.54,696.11,0,No,0,0,19,95,11,7,0.211,Debit Card,Windows Laptop,Referral,Silver,Standard,0,4.2,Medium,No
CUST102162,Bhavna Lanka,20,Female,Bihar,Muzaffarpur,12-02-2026,15-08-2026,Beauty & Personal Care,5,7118.17,1423.63,1872.66,Yes,0,0,22,66,8,3,0.091,Credit Card,Windows Laptop,Organic Search,None,Standard,0,4,Medium,No
CUST102163,Chameli Ratti,28,Male,Telangana,Warangal,07-12-2024,21-11-2025,Fashion,5,3921.96,784.39,1318.27,Yes,0,0,21,42,8,3,0.048,Credit Card,Android,Direct,None,Standard,0,,Medium,No
CUST102164,George Chandran,26,Male,Punjab,Ludhiana,03-12-2024,16-06-2025,Beauty & Personal Care,5,10401.71,2080.34,0,No,0,0,20,100,12,6,0.2,Wallet,Windows Laptop,Google Ads,None,Standard,0,4.7,Medium,No
CUST102165,Anjali Bhavsar,27,Male,Rajasthan,Jaipur,24-04-2025,15-08-2026,Fashion,5,14825.56,2965.11,3737.58,Yes,0,0,24,120,21,7,0.208,Credit Card,Windows Laptop,Instagram,Gold,Standard,1,4.5,Medium,Yes
CUST102166,Prisha Kadakia,21,Female,Andhra Pradesh,Visakhapatnam,11-02-2024,23-11-2024,Books,7,8579.97,1225.71,1298.63,Yes,0,0,19,95,10,6,0.211,Debit Card,MacBook,Organic Search,Gold,Standard,1,4.7,Medium,Yes
CUST102167,Faraj Mittal,40,Male,Bihar,Gaya,14-03-2024,08-10-2024,Books,7,6137.74,876.82,1434.63,Yes,0,0,13,65,6,3,0.154,UPI,Android,Email,None,Standard,1,3.7,Medium,Yes
CUST102168,Rachita Zacharia,44,Female,Maharashtra,Pune,19-03-2026,15-08-2026,Beauty & Personal Care,7,24332.37,3476.05,0,No,0,0,12,60,11,6,0.333,UPI,MacBook,Organic Search,Silver,Standard,0,3.6,Medium,No
CUST102169,Ryan Sachdeva,39,Female,Odisha,Cuttack,10-04-2026,15-08-2026,Fashion,9,9612.83,1068.09,1899.65,Yes,0,0,18,36,3,1,0.056,Credit Card,Windows Laptop,Instagram,None,Standard,0,4.5,Medium,Yes
CUST102170,Zayan Varma,41,Male,Tamil Nadu,Madurai,22-01-2024,13-05-2024,Fashion,7,11240.8,1605.83,3167.03,Yes,1,0.14,21,105,19,13,0.524,Net Banking,Android,Direct,Gold,Express,1,3.5,Medium,Yes
CUST102171,Pranit Bahl,28,Male,Odisha,Bhubaneswar,07-08-2024,25-10-2025,Electronics,7,10427.52,1489.65,0,No,0,0,29,87,14,10,0.207,Wallet,Android,Instagram,None,Express,0,3.6,Medium,Yes
CUST102172,Xalak Kala,26,Female,West Bengal,Durgapur,19-03-2024,27-08-2025,Sports & Fitness,5,6980.23,1396.05,384.36,Yes,0,0,16,32,4,2,0.062,Cash on Delivery,Android,Instagram,Gold,Standard,0,4,Medium,No
CUST102173,Amrita Walia,25,Male,Karnataka,Mysuru,22-08-2024,29-07-2025,Home & Kitchen,4,4849.01,1212.25,1942.79,Yes,1,0.25,26,130,18,11,0.192,Cash on Delivery,Android,Direct,None,Express,2,2.1,Medium,Yes
CUST102174,Darpan Vig,36,Female,Haryana,Gurugram,05-06-2024,18-01-2026,Fashion,7,3583.68,511.95,701.45,Yes,1,0.14,20,40,6,4,0.1,UPI,Android,Direct,None,Standard,1,3.6,Medium,Yes
CUST102175,Janya Shere,33,Female,Delhi,New Delhi,22-11-2024,26-01-2026,Home & Kitchen,6,20842.98,3473.83,0,No,1,0.17,32,64,6,4,0.062,Net Banking,Windows Laptop,Referral,Gold,Standard,0,4.7,Medium,No
CUST102176,Wridesh Dora,30,Female,Punjab,Amritsar,23-04-2024,26-08-2024,Sports & Fitness,5,8591.69,1718.34,850.21,Yes,0,0,25,100,11,4,0.04,Wallet,Android,Organic Search,None,Standard,1,4.2,Medium,Yes
CUST102177,Radhika Roy,41,Male,Tamil Nadu,Madurai,12-03-2026,15-08-2026,Electronics,6,8846.75,1474.46,2464.55,Yes,1,0.17,22,44,3,1,0.045,UPI,Android,Referral,Gold,Express,4,4.5,Medium,No
CUST102178,Devansh Jani,34,Female,Bihar,Muzaffarpur,30-08-2025,15-08-2026,Sports & Fitness,4,7844.97,1961.24,0,No,0,0,18,72,12,5,0.111,Credit Card,Android,Referral,None,Standard,0,4.6,Medium,No
CUST102179,Amara Mangat,24,Female,Odisha,Cuttack,03-10-2025,16-11-2025,Books,6,6544.78,1090.8,739.4,Yes,0,0,18,108,20,14,0.611,UPI,Windows Laptop,Google Ads,Silver,Standard,3,3.5,Medium,No
CUST102180,Aahana Keer,26,Other,Rajasthan,Udaipur,12-09-2025,20-06-2026,Mobile Accessories,5,9520.62,1904.12,0,No,0,0,16,64,11,5,0.188,Cash on Delivery,Android,YouTube,None,Standard,2,2.7,Medium,No
CUST102181,William Comar,36,Female,Tamil Nadu,Coimbatore,09-08-2025,08-08-2026,Home & Kitchen,4,4043.81,1010.95,1427.41,Yes,0,0,18,108,19,7,0.278,UPI,Windows Laptop,Google Ads,None,Standard,3,4.2,Medium,No
CUST102182,Rehaan Bala,39,Female,Karnataka,Mangaluru,01-10-2024,13-03-2026,Fashion,7,8398.69,1199.81,2213.62,Yes,1,0.14,21,126,25,18,0.524,Debit Card,Android,Google Ads,Gold,Express,0,3.9,Medium,Yes
CUST102183,Dayita Shetty,35,Male,West Bengal,Howrah,15-01-2025,31-08-2025,Fashion,4,7547.28,1886.82,878.7,Yes,1,0.25,24,144,25,10,0.292,Cash on Delivery,Tablet,Google Ads,Silver,Standard,1,3.7,Medium,No
CUST102184,Rajata Sami,46,Female,Tamil Nadu,Madurai,20-01-2024,11-10-2024,Fashion,8,13814.35,1726.79,5473.53,Yes,1,0.12,15,60,7,2,0.067,UPI,Tablet,Direct,None,Same Day,1,3.7,Medium,Yes
CUST102185,Saksham Dutta,44,Female,Bihar,Gaya,03-11-2025,15-08-2026,Electronics,4,4539.74,1134.94,351.6,Yes,0,0,38,76,8,5,0.079,UPI,Tablet,Direct,Platinum,Standard,1,4.9,Medium,No
CUST102186,Laban Balakrishnan,35,Male,Jharkhand,Ranchi,27-07-2024,25-06-2025,Beauty & Personal Care,4,7552.57,1888.14,725.57,Yes,0,0,26,130,17,11,0.346,UPI,Android,Referral,None,Express,1,,Medium,Yes
CUST102187,Arunima Goda,24,Male,Haryana,Faridabad,02-06-2026,15-08-2026,Home & Kitchen,3,2412.01,804,0,No,0,0,16,96,13,7,0.188,Cash on Delivery,Android,Organic Search,Gold,Standard,0,4.4,Low,No
CUST102188,Vedika Bahri,21,Male,Madhya Pradesh,Bhopal,28-08-2025,19-03-2026,Sports & Fitness,8,6627.6,828.45,1004.38,Yes,1,0.12,23,115,13,5,0.087,UPI,iPhone,Referral,Gold,Same Day,1,4.6,Medium,Yes
CUST102189,Fiyaz Murthy,28,Female,Madhya Pradesh,Bhopal,16-08-2025,04-01-2026,Electronics,3,3107.38,1035.79,0,No,0,0,28,56,6,2,0.036,Net Banking,Windows Laptop,Google Ads,None,Standard,1,4.8,Low,No
CUST102190,Devansh Ray,37,Male,Bihar,Gaya,13-05-2026,15-08-2026,Beauty & Personal Care,6,7198.76,1199.79,1911.73,Yes,0,0,19,114,20,9,0.316,Credit Card,Windows Laptop,Organic Search,None,Express,0,3.2,Medium,No
CUST102191,Gautam Ranganathan,46,Male,Delhi,Delhi,07-09-2025,14-10-2025,Grocery,2,2055.1,1027.55,479.44,Yes,0,0,26,156,17,11,0.231,UPI,Android,Instagram,Silver,Express,0,3.9,Low,No
CUST102192,Warinder Choudhury,34,Female,Assam,Dibrugarh,18-01-2026,15-08-2026,Grocery,4,4409.17,1102.29,0,No,0,0,25,150,28,9,0.16,UPI,Windows Laptop,Direct,Silver,Express,1,5,Medium,No
CUST102193,Zayan Taneja,40,Female,Odisha,Cuttack,10-02-2026,14-05-2026,Books,4,9394.45,2348.61,3240.99,Yes,0,0,26,156,18,11,0.154,UPI,Windows Laptop,Google Ads,None,Express,1,5,Medium,No
CUST102194,Wazir Das,29,Male,Uttar Pradesh,Lucknow,08-06-2024,20-12-2025,Grocery,5,17138.57,3427.71,2502.16,Yes,0,0,23,92,12,8,0.261,UPI,Android,YouTube,None,Standard,0,5,Medium,Yes
CUST102195,Forum Ramakrishnan,36,Male,Maharashtra,Nagpur,17-06-2026,15-08-2026,Books,5,6485.87,1297.17,2240.3,Yes,1,0.2,22,88,10,6,0.182,UPI,Android,Referral,None,Standard,0,4.6,Medium,No
CUST102196,Pallavi Kamdar,38,Male,Gujarat,Surat,09-05-2026,15-08-2026,Fashion,5,10208.76,2041.75,4043.86,Yes,0,0,22,66,12,6,0.136,Cash on Delivery,MacBook,Email,None,Standard,0,4.3,Medium,No
CUST102197,Hredhaan Gill,18,Male,Gujarat,Ahmedabad,26-07-2025,10-06-2026,Home & Kitchen,5,3968.94,793.79,1049.98,Yes,0,0,17,85,11,4,0.176,UPI,Android,Organic Search,Silver,Standard,1,3.6,Medium,No
CUST102198,Anvi Sarraf,28,Male,Haryana,Gurugram,07-02-2024,14-05-2025,Electronics,7,7746.8,1106.69,0,No,0,0,18,90,19,6,0.222,UPI,Android,Instagram,None,Express,0,2.9,Medium,No
CUST102199,Aachal Bhalla,39,Female,Uttar Pradesh,Varanasi,27-04-2024,26-11-2024,Electronics,6,9246.27,1541.04,598.93,Yes,0,0,17,51,8,3,0.118,Cash on Delivery,Windows Laptop,Direct,None,Standard,1,4.8,Medium,Yes
CUST102200,Kavya Chowdhury,33,Female,Telangana,Hyderabad,24-01-2025,17-08-2025,Fashion,6,5735.81,955.97,371.1,Yes,0,0,18,72,5,2,0.056,Credit Card,Windows Laptop,Google Ads,None,Standard,0,3.8,Medium,No
CUST102201,Pallavi Soman,21,Female,Andhra Pradesh,Visakhapatnam,03-04-2026,15-08-2026,Electronics,9,18723.84,2080.43,2412.85,Yes,0,0,16,48,9,4,0.188,UPI,Android,Organic Search,None,Standard,1,3.1,High,No
CUST102202,Arunima Dhillon,18,Male,Maharashtra,Pune,10-11-2025,15-08-2026,Fashion,3,2671.38,890.46,516.52,Yes,1,0.33,30,180,31,18,0.4,UPI,Tablet,Google Ads,None,Standard,1,4.4,Low,No
CUST102203,Vaishnavi Pillai,28,Female,Gujarat,Surat,11-01-2025,02-08-2026,Electronics,3,7772.82,2590.94,0,No,0,0,23,92,10,3,0.087,UPI,Android,Referral,None,Standard,,5,Medium,No
CUST102204,Ansh Banerjee,30,Female,West Bengal,Howrah,28-04-2026,05-06-2026,Electronics,2,3725.15,1862.58,1132.39,Yes,0,0,25,150,17,11,0.24,Wallet,iPhone,Direct,None,Standard,0,4.4,Low,No
CUST102205,Wriddhish Kulkarni,24,Male,Kerala,Kozhikode,23-05-2026,15-08-2026,Books,3,6150.68,2050.23,0,No,0,0,22,66,9,5,0.136,Credit Card,Windows Laptop,YouTube,None,Express,1,3.8,Low,No
CUST102206,Dayamai Patil,32,Male,Assam,Dibrugarh,10-01-2025,26-07-2025,Electronics,4,8837.72,2209.43,3431.69,Yes,1,0.25,26,130,22,13,0.231,Debit Card,iPhone,Direct,None,Same Day,0,4.6,Medium,Yes
CUST102207,Warjas Savant,35,Female,Tamil Nadu,Madurai,03-08-2025,15-08-2026,Grocery,4,14219.4,3554.85,3899.55,Yes,0,0,23,46,9,3,0.043,Cash on Delivery,iPhone,Direct,Gold,Standard,0,3.6,Medium,No
CUST102208,Abhiram Ramaswamy,36,Female,Haryana,Faridabad,17-08-2025,15-08-2026,Electronics,3,4982.5,1660.83,0,No,0,0,18,36,3,1,0.056,Credit Card,Android,Email,Gold,Standard,0,3.8,Low,No
CUST102209,Charvi Chana,18,Male,Tamil Nadu,Madurai,16-01-2026,23-04-2026,Books,9,6417.76,713.08,2613.51,Yes,1,0.11,26,156,16,7,0.154,UPI,Tablet,Instagram,Silver,Express,1,4.4,Medium,No
CUST102210,Chameli Kade,20,Female,Assam,Guwahati,11-02-2024,28-05-2024,Books,7,10391.45,1484.49,0,No,0,0,28,56,9,6,0.143,Wallet,iPhone,Referral,Platinum,Standard,1,3,Medium,No
CUST102211,Reva Nadig,29,Female,Kerala,Kozhikode,02-09-2025,21-06-2026,Grocery,2,2166.5,1083.25,0,No,0,0,20,120,14,7,0.2,Credit Card,Android,Direct,None,Standard,0,4.3,Low,No
CUST102212,Bahadurjit Mahal,36,Female,Madhya Pradesh,Indore,14-04-2025,15-08-2026,Grocery,5,3365.03,673.01,1148.62,Yes,1,0.2,20,60,6,2,0.05,UPI,Windows Laptop,Direct,None,Same Day,1,4,Medium,Yes
CUST102213,Vyanjana Sinha,35,Male,West Bengal,Kolkata,02-04-2025,10-07-2025,Electronics,3,7881.59,2627.2,2330.47,Yes,1,0.33,23,92,16,11,0.348,Cash on Delivery,Android,YouTube,Gold,Standard,0,4,Medium,Yes
CUST102214,Gaurangi Sami,35,Female,Andhra Pradesh,Visakhapatnam,09-05-2024,17-12-2025,Mobile Accessories,9,12037.02,1337.45,2368.04,Yes,0,0,19,95,8,3,0.053,Net Banking,MacBook,Direct,Silver,Standard,0,3.7,Medium,Yes
CUST102215,Naveen Lal,28,Male,Kerala,Thiruvananthapuram,28-01-2024,06-09-2024,Books,5,3479.86,695.97,0,No,0,0,21,126,19,10,0.333,Debit Card,iPhone,Email,Platinum,Express,3,5,Medium,Yes
CUST102216,Indira Salvi,28,Female,Tamil Nadu,Coimbatore,14-01-2026,15-08-2026,Books,4,4154.91,1038.73,1283.24,Yes,1,0.25,16,64,10,4,0.125,Credit Card,Android,Organic Search,None,Express,1,3.4,Medium,No
CUST102217,Sudiksha Bala,25,Female,Punjab,Amritsar,10-01-2026,15-08-2026,Grocery,3,12615.34,4205.11,1503.1,Yes,1,0.33,23,92,12,4,0.043,Wallet,Android,Google Ads,Gold,Express,1,3.8,Medium,No
CUST102218,Qarin Sawhney,37,Male,Tamil Nadu,Madurai,20-09-2025,15-08-2026,Fashion,5,16279.06,3255.81,6204.37,Yes,1,0.2,29,174,16,5,0.069,UPI,Tablet,Email,Gold,Standard,2,4.4,Medium,No
CUST102219,Aarush Rattan,24,Female,Haryana,Faridabad,21-11-2024,26-03-2026,Books,4,6906.9,1726.72,2938.67,Yes,0,0,22,110,14,4,0.091,UPI,Android,Referral,Platinum,Express,2,5,Medium,Yes
CUST102220,Dalaja Murthy,38,Male,Maharashtra,Mumbai,23-05-2025,15-08-2026,Fashion,8,15993.34,1999.17,1426.53,Yes,0,0,18,90,12,7,0.167,UPI,iPhone,Google Ads,Platinum,Standard,1,3.2,High,Yes
CUST102221,Indrajit Dugar,33,Female,Odisha,Cuttack,10-09-2025,13-05-2026,Beauty & Personal Care,7,5661.11,808.73,0,No,2,0.29,18,72,7,3,0.056,UPI,Android,Instagram,Platinum,Standard,1,4.4,Medium,No
CUST102222,Zaitra De,31,Male,Uttar Pradesh,Kanpur,09-06-2026,15-08-2026,Electronics,5,3286.64,657.33,0,No,0,0,19,38,5,3,0.053,Credit Card,Windows Laptop,Direct,Gold,Standard,0,3.9,Medium,No
CUST102223,Ekaja Seth,26,Female,Maharashtra,Pune,20-11-2024,20-06-2026,Books,7,14712.34,2101.76,0,No,0,0,22,88,11,6,0.136,Debit Card,Windows Laptop,Google Ads,None,Standard,1,5,Medium,No
CUST102224,Kiaan Lad,20,Male,Delhi,New Delhi,17-03-2026,19-04-2026,Electronics,5,18854.82,3770.96,0,No,0,0,30,90,18,12,0.333,UPI,Windows Laptop,Organic Search,None,Express,1,4.6,Medium,No
CUST102225,Falak Manda,26,Female,West Bengal,Howrah,08-06-2024,17-01-2025,Fashion,7,6195.52,885.07,1232.29,Yes,0,0,22,132,11,5,0.136,UPI,Android,Referral,Platinum,Standard,0,3.9,Medium,No
CUST102226,Frado Sachdeva,28,Female,Rajasthan,Jaipur,30-05-2025,22-10-2025,Beauty & Personal Care,6,6830.68,1138.45,0,No,0,0,23,92,15,6,0.174,Credit Card,Windows Laptop,Organic Search,None,Express,2,3.2,Medium,Yes
CUST102227,Qabil Ramaswamy,18,Female,Tamil Nadu,Coimbatore,22-10-2025,15-08-2026,Grocery,6,8659.8,1443.3,1931.33,Yes,0,0,20,100,18,9,0.3,Credit Card,Android,Organic Search,Gold,Express,1,4.1,Medium,No
CUST102228,Udarsh Bail,29,Male,Uttar Pradesh,Lucknow,15-01-2026,01-05-2026,Beauty & Personal Care,2,2411.78,1205.89,703.14,Yes,1,0.5,24,72,11,7,0.125,Net Banking,Android,Direct,Gold,Express,1,4,Low,No
CUST102229,Veer Chakraborty,38,Female,Tamil Nadu,Coimbatore,10-09-2024,21-03-2026,Fashion,6,6311.32,1051.89,1902.26,Yes,1,0.17,26,104,15,8,0.231,UPI,Android,Direct,Gold,Express,0,2.4,Medium,No
CUST102230,Rushil Lala,36,Male,Tamil Nadu,Chennai,04-09-2024,15-09-2025,Electronics,8,6317.89,789.74,1627.27,Yes,1,0.12,14,84,8,4,0.143,UPI,iPhone,Referral,Gold,Standard,0,4,Medium,Yes
CUST102231,Chandran Rattan,27,Female,Kerala,Kozhikode,29-04-2026,15-08-2026,Grocery,11,17506.76,1591.52,7444.63,Yes,0,0,21,126,20,9,0.238,UPI,Android,Organic Search,None,Express,0,5,High,No
CUST102232,Abha Dixit,31,Female,West Bengal,Durgapur,18-12-2024,01-10-2025,Mobile Accessories,7,9087.22,1298.17,0,No,0,0,20,120,19,11,0.3,UPI,Android,Organic Search,None,Standard,0,4.5,Medium,No
CUST102233,Jhalak Garde,27,Female,Assam,Guwahati,01-02-2025,05-02-2026,Sports & Fitness,9,19425.3,2158.37,7647.65,Yes,0,0,19,95,19,10,0.316,UPI,Android,Email,Silver,Express,3,4.1,High,Yes
CUST102234,Akshay Vora,32,Female,Punjab,Chandigarh,04-08-2025,26-11-2025,Home & Kitchen,3,3143.12,1047.71,1405.64,Yes,2,0.67,17,102,20,10,0.235,Cash on Delivery,Android,Email,None,Standard,0,4,Low,No
CUST102235,Sudiksha Talwar,43,Male,Odisha,Cuttack,21-07-2024,12-04-2026,Books,10,20646.69,2064.67,0,No,0,0,22,66,5,2,0.045,UPI,iPhone,Instagram,None,Standard,0,3.8,High,No
CUST102236,Udarsh Jani,39,Female,Uttar Pradesh,Kanpur,28-10-2024,08-09-2025,Home & Kitchen,6,9119.98,1520,0,No,0,0,21,42,9,4,0.048,Net Banking,Windows Laptop,Email,None,Standard,1,3.6,Medium,Yes
CUST102237,Amaira Mani,35,Male,Haryana,Faridabad,27-05-2024,09-02-2026,Home & Kitchen,4,10338.33,2584.58,0,No,0,0,18,54,8,5,0.167,Debit Card,MacBook,Direct,None,Standard,0,4.4,Medium,No
CUST102238,Lavanya De,27,Female,Karnataka,Mysuru,08-08-2024,13-03-2025,Home & Kitchen,5,5228.38,1045.68,642.84,Yes,1,0.2,21,105,21,7,0.143,UPI,Android,Email,None,Standard,0,3.8,Medium,Yes
CUST102239,Samuel Kale,37,Female,Maharashtra,Nagpur,28-11-2025,02-01-2026,Home & Kitchen,8,18953.41,2369.18,0,No,1,0.12,17,85,8,3,0.118,UPI,Android,Referral,Gold,Standard,0,4.2,High,No
CUST102240,Ranbir Sahota,18,Female,Delhi,Delhi,16-05-2026,15-08-2026,Grocery,4,5613.35,1403.34,1817.36,Yes,0,0,22,66,11,7,0.182,UPI,Windows Laptop,Email,Gold,Express,0,4.6,Medium,No
CUST102241,Nilima Dhingra,29,Female,Madhya Pradesh,Indore,27-04-2026,15-08-2026,Home & Kitchen,9,19367.16,2151.91,1436.25,Yes,2,0.22,17,51,7,3,0.059,UPI,Windows Laptop,Organic Search,Silver,Standard,0,3,High,No
CUST102242,Bina Lala,36,Male,West Bengal,Durgapur,13-07-2025,23-12-2025,Fashion,4,11953.27,2988.32,3855.62,Yes,2,0.5,24,72,7,3,0.042,Debit Card,Android,Instagram,Gold,Express,0,,Medium,No
CUST102243,Shravya Kothari,37,Female,Uttar Pradesh,Kanpur,19-09-2024,19-10-2025,Fashion,2,5627.84,2813.92,640.37,Yes,1,0.5,17,85,7,3,0.059,UPI,Windows Laptop,Instagram,Silver,Express,0,3.6,Low,No
CUST102244,Tara Chada,36,Male,Andhra Pradesh,Vijayawada,22-10-2024,07-05-2025,Electronics,5,6771.04,1354.21,1149.23,Yes,0,0,19,114,12,5,0.211,UPI,Android,Organic Search,None,Express,0,,Medium,Yes
CUST102245,Upasna Deol,33,Female,Haryana,Gurugram,10-11-2024,27-10-2025,Beauty & Personal Care,6,6006.41,1001.07,2075.36,Yes,1,0.17,23,115,9,5,0.13,Debit Card,Android,Direct,Platinum,Standard,1,3.5,Medium,No
CUST102246,Mitali Kala,29,Female,Uttar Pradesh,Kanpur,18-10-2024,05-10-2025,Fashion,3,7075.87,2358.62,816.81,Yes,0,0,24,144,23,9,0.292,Debit Card,Android,Instagram,None,Standard,0,,Medium,Yes
CUST102247,Pallavi Kunda,35,Male,West Bengal,Durgapur,14-11-2025,15-08-2026,Electronics,5,6008.8,1201.76,1578.35,Yes,1,0.2,24,72,8,4,0.083,Net Banking,Windows Laptop,Email,None,Standard,0,3.5,Medium,No
CUST102248,Girish Bhargava,23,Male,Punjab,Amritsar,25-05-2026,15-08-2026,Grocery,5,12455.09,2491.02,3558.05,Yes,0,0,14,84,17,11,0.357,UPI,iPhone,Instagram,None,Standard,0,3.6,Medium,Yes
CUST102249,Gaurangi Keer,24,Male,Uttar Pradesh,Lucknow,31-01-2024,23-09-2024,Grocery,5,3039.88,607.98,351.85,Yes,0,0,19,76,12,4,0.105,UPI,Windows Laptop,Google Ads,Gold,Standard,0,4.5,Medium,Yes
CUST102250,Irya Bath,31,Other,Maharashtra,Nashik,12-11-2025,15-08-2026,Grocery,3,5784.4,1928.13,925,Yes,0,0,15,30,5,2,0.067,UPI,Android,Instagram,None,Express,0,3.7,Low,No
CUST102251,Zehaan Thaman,32,Male,Maharashtra,Pune,13-02-2024,24-06-2024,Home & Kitchen,3,2739.18,913.06,801.44,Yes,0,0,23,138,19,14,0.261,UPI,Android,Organic Search,None,Standard,0,4.7,Low,Yes
CUST102252,Chasmum Rana,18,Female,Assam,Guwahati,08-07-2025,12-01-2026,Books,4,2430.29,607.57,569.85,Yes,2,0.5,19,38,4,2,0.053,Cash on Delivery,iPhone,Organic Search,None,Standard,0,4.9,Medium,Yes
CUST102253,Kevin Barman,35,Female,Odisha,Cuttack,13-05-2024,01-01-2025,Mobile Accessories,2,1946.92,973.46,611.32,Yes,0,0,15,45,8,4,0.067,UPI,Android,Organic Search,Platinum,Standard,0,4.5,Low,Yes
CUST102254,Abha Gara,37,Male,Punjab,Amritsar,14-12-2024,08-01-2026,Sports & Fitness,4,4884.41,1221.1,1914.14,Yes,2,0.5,19,38,5,2,0.053,UPI,Windows Laptop,Direct,Gold,Same Day,2,3.1,Medium,No
CUST102255,Harinakshi Sidhu,30,Male,Haryana,Gurugram,06-08-2024,05-07-2025,Beauty & Personal Care,6,19342.14,3223.69,2011.85,Yes,0,0,17,68,14,8,0.235,Cash on Delivery,Android,Instagram,None,Standard,1,3.5,Medium,No
CUST102256,Gaurav Nadig,50,Female,Uttar Pradesh,Lucknow,25-03-2025,15-08-2026,Fashion,7,2128.65,304.09,166.57,Yes,0,0,21,105,17,8,0.238,UPI,iPhone,Direct,None,Same Day,1,4.6,Medium,No
CUST102257,Lucky Lad,26,Male,Rajasthan,Jaipur,18-05-2025,28-08-2025,Mobile Accessories,6,7021.72,1170.29,2223.71,Yes,0,0,19,38,7,4,0.053,UPI,MacBook,Email,None,Standard,2,5,Medium,No
CUST102258,Dhriti Basu,28,Female,Gujarat,Surat,26-03-2024,26-06-2024,Fashion,4,4938.56,1234.64,1769.28,Yes,0,0,20,100,12,4,0.1,UPI,Android,YouTube,None,Express,3,2.8,Medium,Yes
CUST102259,Xalak Mand,28,Male,Tamil Nadu,Madurai,07-09-2024,06-12-2025,Fashion,3,2432.35,810.78,558.77,Yes,1,0.33,22,110,15,5,0.091,Net Banking,Windows Laptop,Instagram,None,Standard,2,4.7,Low,Yes
CUST102260,Qushi Mandal,30,Male,Gujarat,Surat,21-09-2024,24-04-2025,Home & Kitchen,3,3082.79,1027.6,639.88,Yes,0,0,19,114,12,5,0.105,Net Banking,Windows Laptop,Instagram,Gold,Standard,1,3.5,Low,Yes
CUST102261,Aishani Varughese,28,Female,Madhya Pradesh,Bhopal,06-06-2025,15-08-2026,Electronics,4,4612.76,1153.19,0,No,0,0,18,36,6,2,0.056,UPI,Android,Organic Search,Silver,Standard,1,2.9,Medium,No
CUST102262,Rajata Gala,20,Male,Uttar Pradesh,Noida,20-03-2024,23-05-2025,Mobile Accessories,7,5525.28,789.33,1495.04,Yes,1,0.14,29,174,32,21,0.448,Cash on Delivery,Windows Laptop,Organic Search,None,Standard,0,4.6,Medium,Yes
CUST102263,Vyanjana Dora,27,Female,Haryana,Faridabad,12-09-2025,30-09-2025,Beauty & Personal Care,3,5005.09,1668.36,1231.59,Yes,0,0,23,46,7,4,0.13,Wallet,Android,Instagram,None,Standard,0,3.1,Low,Yes
CUST102264,Chatresh Gulati,30,Female,Gujarat,Vadodara,05-04-2025,11-07-2025,Beauty & Personal Care,8,22470.1,2808.76,0,No,0,0,22,88,16,11,0.273,UPI,iPhone,Direct,None,Express,,,High,No
CUST102265,Chatura Karpe,41,Male,Uttar Pradesh,Kanpur,21-09-2025,15-08-2026,Grocery,7,9419.37,1345.62,1124.67,Yes,0,0,28,112,14,5,0.143,Debit Card,Android,YouTube,Silver,Standard,0,5,Medium,No
CUST102266,Balendra Singhal,49,Male,Bihar,Patna,08-09-2024,28-09-2024,Home & Kitchen,6,5802.16,967.03,1871.1,Yes,0,0,17,102,20,9,0.353,UPI,Windows Laptop,Instagram,Gold,Standard,0,2.9,Medium,No
CUST102267,Nihal Sibal,42,Male,Uttar Pradesh,Kanpur,18-01-2024,13-01-2025,Electronics,6,7465.85,1244.31,2587.19,Yes,1,0.17,21,63,13,9,0.286,Credit Card,Android,YouTube,Gold,Same Day,2,3.3,Medium,No
CUST102268,Jack Talwar,25,Male,Odisha,Cuttack,12-09-2024,14-03-2026,Beauty & Personal Care,8,7815.5,976.94,3208.43,Yes,0,0,24,120,20,7,0.208,UPI,Windows Laptop,Google Ads,None,Standard,1,4,Medium,Yes
CUST102269,Riya Parikh,25,Female,Delhi,Delhi,01-09-2024,10-12-2025,Grocery,8,19264.1,2408.01,8245.81,Yes,0,0,23,115,15,8,0.217,Debit Card,iPhone,Google Ads,Silver,Standard,1,3.6,High,No
CUST102270,Tanvi Tailor,30,Female,Rajasthan,Jaipur,01-06-2024,07-11-2024,Home & Kitchen,4,4753.41,1188.35,0,No,0,0,25,50,9,5,0.08,Debit Card,Android,Referral,None,Standard,1,4.3,Medium,Yes
CUST102271,Manbir Dasgupta,45,Male,Maharashtra,Nagpur,31-08-2025,16-09-2025,Grocery,7,12168.87,1738.41,2719.21,Yes,0,0,26,104,22,9,0.269,Debit Card,iPhone,Organic Search,None,Express,0,4.4,Medium,No
CUST102272,Girik Jani,30,Male,Telangana,Warangal,14-05-2025,12-03-2026,Fashion,3,4478.72,1492.91,1126.68,Yes,0,0,22,132,21,13,0.318,Net Banking,Android,Organic Search,Silver,Standard,0,3.4,Low,Yes
CUST102273,Pranit Ganguly,20,Male,Rajasthan,Jaipur,02-04-2025,27-11-2025,Fashion,7,10489.38,1498.48,0,No,0,0,19,57,9,6,0.158,UPI,Android,Instagram,Gold,Standard,1,5,Medium,No
CUST102274,Simon Agrawal,27,Male,Bihar,Patna,28-11-2025,15-08-2026,Electronics,5,3768.08,753.62,214.29,Yes,2,0.4,20,40,7,3,0.1,UPI,Android,Referral,Gold,Standard,0,3,Medium,No
CUST102275,Omaja Bose,37,Female,Jharkhand,Jamshedpur,25-06-2025,08-02-2026,Fashion,8,6568.21,821.03,785.94,Yes,0,0,17,68,11,6,0.235,UPI,Tablet,Google Ads,Platinum,Express,0,3.9,Medium,No
CUST102276,Wishi Chandra,37,Female,Uttar Pradesh,Noida,24-04-2024,21-10-2024,Sports & Fitness,2,2201.01,1100.51,0,No,0,0,22,66,7,3,0.045,Credit Card,Android,Instagram,None,Express,0,4,Low,No
CUST102277,Atharv Mane,29,Male,Kerala,Kozhikode,22-01-2026,15-08-2026,Sports & Fitness,7,4899.59,699.94,0,No,0,0,22,66,9,5,0.182,Credit Card,Windows Laptop,Instagram,None,Standard,0,4.1,Medium,No
CUST102278,Meera Prakash,36,Male,Rajasthan,Jaipur,07-02-2026,15-08-2026,Home & Kitchen,5,3748.57,749.71,0,No,2,0.4,16,96,15,7,0.25,UPI,Android,Direct,Silver,Standard,1,4.6,Medium,No
CUST102279,Ekiya Dube,18,Female,Bihar,Gaya,22-03-2025,15-08-2026,Beauty & Personal Care,6,5818.05,969.68,0,No,1,0.17,20,120,17,6,0.1,Wallet,Android,YouTube,Gold,Standard,3,4.6,Medium,No
CUST102280,Finn Sharma,32,Male,West Bengal,Howrah,18-12-2024,30-11-2025,Grocery,7,11181.62,1597.37,1875.29,Yes,0,0,27,108,18,8,0.185,Cash on Delivery,Android,Direct,Silver,Standard,1,4.1,Medium,Yes
CUST102281,Sudiksha Luthra,38,Female,Delhi,New Delhi,16-09-2025,30-04-2026,Fashion,4,10831.14,2707.78,1799.89,Yes,0,0,28,168,20,9,0.25,UPI,MacBook,Google Ads,None,Express,1,4.9,Medium,Yes
CUST102282,Forum Bassi,24,Male,Telangana,Hyderabad,26-04-2026,15-08-2026,Electronics,6,8867.24,1477.87,3719.66,Yes,1,0.17,21,42,4,2,0.048,Credit Card,Android,YouTube,Gold,Standard,0,3.1,Medium,No
CUST102283,Ekta Dayal,24,Female,Rajasthan,Jodhpur,24-06-2025,15-08-2026,Mobile Accessories,9,14311.89,1590.21,0,No,0,0,28,140,11,5,0.071,Net Banking,Windows Laptop,Referral,Gold,Standard,0,4.2,Medium,No
CUST102284,Chanakya Mandal,18,Female,West Bengal,Howrah,17-11-2024,16-05-2025,Beauty & Personal Care,7,9855.73,1407.96,,Yes,0,0,20,40,3,2,0.05,UPI,iPhone,Direct,Gold,Express,1,4.7,Medium,No
CUST102285,Christopher Bobal,44,Male,Maharashtra,Nagpur,03-04-2025,21-08-2025,Mobile Accessories,3,3808.03,1269.34,1044.02,Yes,0,0,19,38,4,1,0.053,Credit Card,Android,Email,Gold,Standard,1,4.1,Low,Yes
CUST102286,George Rastogi,25,Female,Tamil Nadu,Chennai,13-08-2024,31-01-2025,Fashion,5,7439.67,1487.93,2955.88,Yes,1,0.2,19,57,4,2,0.053,Cash on Delivery,Tablet,Organic Search,Gold,Standard,,3.9,Medium,Yes
CUST102287,Pranav Khatri,33,Female,Andhra Pradesh,Visakhapatnam,25-01-2026,15-08-2026,Grocery,5,10599.78,2119.96,0,No,1,0.2,18,72,8,4,0.111,UPI,MacBook,Referral,None,Express,0,4,Medium,No
CUST102288,Gaurav Bail,36,Male,Tamil Nadu,Madurai,26-12-2024,10-02-2025,Fashion,6,12421.54,2070.26,0,No,0,0,25,100,15,5,0.12,Cash on Delivery,Android,Organic Search,None,Standard,0,4.2,Medium,No
CUST102289,Nicholas Rama,43,Male,Rajasthan,Jaipur,14-06-2025,29-03-2026,Fashion,4,1397.07,349.27,397.89,Yes,1,0.25,19,57,10,5,0.105,UPI,iPhone,Direct,None,Standard,1,4.2,Medium,Yes
CUST102290,Bhavani Dube,30,Female,Karnataka,Mangaluru,13-04-2026,15-08-2026,Home & Kitchen,6,12197.7,2032.95,2730.4,Yes,0,0,26,52,8,4,0.077,Credit Card,Android,Google Ads,Silver,Standard,1,4.6,Medium,Yes
CUST102291,Chanchal Swaminathan,27,Female,Uttar Pradesh,Varanasi,21-04-2024,26-05-2024,Fashion,3,3880.91,1293.64,626.04,Yes,0,0,34,68,10,4,0.059,Wallet,iPhone,Referral,Gold,Standard,1,4.6,Low,Yes
CUST102292,Dayita Deep,32,Female,Tamil Nadu,Chennai,30-07-2024,19-01-2026,Electronics,7,12667.49,1809.64,2709.03,Yes,0,0,16,80,9,3,0.062,Credit Card,Android,Organic Search,Silver,Express,3,3.9,Medium,Yes
CUST102293,Gopal Pillai,41,Female,Karnataka,Mysuru,20-08-2024,11-05-2026,Fashion,4,5997.87,1499.47,2618.05,Yes,2,0.5,14,70,5,3,0.143,Net Banking,Windows Laptop,Email,Silver,Standard,1,4.3,Medium,Yes
CUST102294,Vrishti Sehgal,30,Female,Rajasthan,Jaipur,07-06-2024,24-03-2025,Electronics,4,5108.48,1277.12,0,No,0,0,17,68,6,3,0.059,Net Banking,Tablet,Referral,Silver,Standard,0,3.8,Medium,No
CUST102295,Vamakshi Loyal,23,Female,West Bengal,Kolkata,25-07-2025,15-08-2025,Grocery,2,3013.67,1506.84,0,No,1,0.5,17,34,7,4,0.118,Credit Card,iPhone,Google Ads,None,Express,0,2.9,Low,No
CUST102296,Gautam Sami,19,Female,West Bengal,Siliguri,03-06-2026,15-08-2026,Home & Kitchen,7,12384.73,1769.25,711.65,Yes,0,0,24,120,25,17,0.292,Wallet,Android,Google Ads,None,Standard,0,5,Medium,No
CUST102297,Quincy Saraf,21,Male,Delhi,Delhi,19-11-2024,12-04-2025,Electronics,4,5414.96,1353.74,1556.04,Yes,0,0,29,87,10,3,0.034,UPI,Windows Laptop,Referral,None,Standard,1,5,Medium,No
CUST102298,Girik Baria,38,Female,West Bengal,Kolkata,02-04-2024,09-02-2025,Electronics,8,10725.11,1340.64,591.76,Yes,0,0,14,28,3,1,0.071,UPI,Android,Google Ads,Silver,Express,0,4.3,Medium,Yes
CUST102299,Ubika Kapur,28,Male,Maharashtra,Pune,04-09-2024,24-12-2024,Electronics,6,4199.47,699.91,972.62,Yes,0,0,16,96,19,13,0.438,Net Banking,Android,Direct,None,Express,1,3.9,Medium,Yes
CUST102300,Warhi Vyas,26,Male,Tamil Nadu,Coimbatore,31-10-2025,15-08-2026,Beauty & Personal Care,6,8334.99,1389.16,3281.31,Yes,0,0,16,80,7,3,0.125,Credit Card,Windows Laptop,Google Ads,None,Express,1,3.7,Medium,No
CUST102301,Bina Sidhu,25,Female,Madhya Pradesh,Indore,20-05-2024,15-03-2025,Electronics,7,3196.37,456.62,284.1,Yes,0,0,18,54,5,2,0.056,Debit Card,Windows Laptop,Google Ads,Gold,Standard,1,5,Medium,No
CUST102302,Fariq Sridhar,32,Male,Uttar Pradesh,Varanasi,07-02-2025,13-08-2025,Grocery,4,6598.98,1649.74,1293.86,Yes,0,0,27,81,7,2,0.037,UPI,iPhone,Referral,None,Express,0,3.6,Medium,No
CUST102303,Manthan Datta,29,Male,Rajasthan,Udaipur,01-01-2026,15-08-2026,Electronics,4,9172.79,2293.2,1845.56,Yes,0,0,26,156,31,19,0.308,Debit Card,MacBook,Organic Search,Silver,Same Day,0,3.6,Medium,No
CUST102304,Yuvraj Virk,29,Male,Tamil Nadu,Madurai,07-02-2025,14-09-2025,Fashion,3,1999.47,666.49,0,No,0,0,26,130,10,6,0.154,Cash on Delivery,Windows Laptop,YouTube,None,Express,1,,Low,No
CUST102305,Chakrika Batta,42,Female,Jharkhand,Jamshedpur,28-03-2026,23-07-2026,Books,4,4715.56,1178.89,1607.93,Yes,0,0,25,100,8,3,0.08,Debit Card,Windows Laptop,YouTube,None,Standard,0,4.5,Medium,No
CUST102306,Chakradev Varghese,43,Female,Gujarat,Vadodara,23-08-2025,15-08-2026,Grocery,5,16822.15,3364.43,0,No,0,0,20,60,11,6,0.2,Wallet,Android,Google Ads,None,Standard,1,5,Medium,No
CUST102307,Yashvi Sandal,18,Female,Maharashtra,Nagpur,28-10-2025,15-08-2026,Electronics,2,8512.12,4256.06,,Yes,1,0.5,17,34,5,2,0.059,Debit Card,Android,Direct,None,Standard,0,4.5,Medium,No
CUST102308,Girindra Shetty,34,Male,Bihar,Patna,17-02-2025,12-07-2025,Sports & Fitness,7,8936.99,1276.71,3446.25,Yes,1,0.14,15,60,9,5,0.133,UPI,Android,Instagram,None,Standard,0,3.7,Medium,No
CUST102309,Isha Kumar,25,Male,Maharashtra,Pune,15-03-2025,07-05-2025,Home & Kitchen,6,8834.02,1472.34,0,No,0,0,26,78,16,9,0.231,UPI,Tablet,Google Ads,Silver,Standard,2,2.8,Medium,No
CUST102310,Yahvi Babu,29,Male,Telangana,Warangal,20-08-2024,07-07-2025,Sports & Fitness,2,2540.76,1270.38,1028.66,Yes,1,0.5,17,51,7,2,0.059,Debit Card,Windows Laptop,Referral,Gold,Standard,0,4.4,Low,No
CUST102311,Turvi Gola,33,Male,Rajasthan,Jodhpur,11-07-2024,27-12-2025,Beauty & Personal Care,6,8360.14,1393.36,0,No,0,0,17,102,14,6,0.176,UPI,iPhone,Referral,Platinum,Standard,2,4.3,Medium,No
CUST102312,Maya Bath,29,Male,Haryana,Gurugram,08-04-2024,07-06-2024,Grocery,9,20627.47,2291.94,0,No,0,0,21,105,14,9,0.286,UPI,Android,Instagram,None,Standard,0,3.7,High,Yes
CUST102313,Omaja Mishra,33,Male,Rajasthan,Udaipur,22-04-2024,16-11-2024,Mobile Accessories,3,4255.98,1418.66,874.73,Yes,1,0.33,18,90,15,6,0.167,Credit Card,Android,Organic Search,Gold,Standard,0,4,Low,Yes
CUST102314,Suhani Sengupta,36,Male,Odisha,Cuttack,10-09-2025,15-08-2026,Fashion,1,564.71,564.71,36.78,Yes,0,0,19,114,14,8,0.211,Debit Card,Android,YouTube,None,Standard,1,4.6,Low,No
CUST102315,Harita Grover,33,Male,Andhra Pradesh,Vijayawada,19-06-2025,15-08-2026,Beauty & Personal Care,2,2705.14,1352.57,225.53,Yes,1,0.5,20,120,20,13,0.4,UPI,Android,Organic Search,Gold,Express,0,4.6,Low,Yes
CUST102316,Qasim Brar,26,Female,Maharashtra,Nagpur,07-10-2024,08-04-2025,Home & Kitchen,3,2902.37,967.46,658.31,Yes,2,0.67,18,72,12,7,0.222,Net Banking,MacBook,Organic Search,Silver,Standard,2,4.5,Low,Yes
CUST102317,Hitesh Saraf,26,Female,Tamil Nadu,Coimbatore,16-12-2025,01-05-2026,Electronics,3,2335.9,778.63,1041.9,Yes,0,0,24,96,10,6,0.125,Wallet,iPhone,YouTube,None,Standard,3,,Low,No
CUST102318,Abdul Rana,19,Female,Telangana,Warangal,06-06-2025,24-02-2026,Electronics,8,5074.8,634.35,614.17,Yes,0,0,31,186,30,16,0.355,Debit Card,Windows Laptop,Direct,None,Express,0,4.3,Medium,No
CUST102319,Agastya Garg,24,Female,Gujarat,Surat,15-12-2024,24-07-2025,Electronics,2,2977.14,1488.57,1215.37,Yes,0,0,23,92,16,11,0.261,Debit Card,iPhone,Referral,None,Standard,0,4.6,Low,Yes
CUST102320,Triveni Ravel,47,Male,Gujarat,Surat,11-11-2024,20-03-2025,Beauty & Personal Care,5,10415.23,2083.05,4351.04,Yes,0,0,22,44,9,5,0.136,UPI,Android,Email,None,Standard,0,3.8,Medium,Yes
CUST102321,Chavvi Patel,25,Female,Assam,Dibrugarh,17-12-2025,15-08-2026,Beauty & Personal Care,4,7107.35,1776.84,1519.97,Yes,1,0.25,20,120,25,12,0.3,UPI,Android,Referral,Silver,Same Day,0,3.4,Medium,No
CUST102322,Chasmum Chahal,21,Male,Kerala,Kozhikode,14-05-2025,15-08-2026,Beauty & Personal Care,6,16249.15,2708.19,3814.17,Yes,0,0,30,150,16,8,0.167,UPI,Android,Google Ads,Silver,Express,0,4.5,Medium,No
CUST102323,Krishna Atwal,34,Female,Uttar Pradesh,Varanasi,20-06-2025,18-09-2025,Electronics,2,1465.01,732.5,367.91,Yes,0,0,19,95,15,9,0.211,Credit Card,Tablet,Direct,Gold,Express,0,4.4,Low,Yes
CUST102324,Isaac Babu,30,Female,Tamil Nadu,Madurai,13-10-2025,14-04-2026,Home & Kitchen,7,8667.07,1238.15,0,No,0,0,25,150,21,13,0.32,Net Banking,Android,Email,Silver,Standard,0,3.7,Medium,No
CUST102325,Avi Kadakia,29,Female,Punjab,Chandigarh,26-09-2025,27-11-2025,Books,2,3514.17,1757.08,0,No,0,0,18,90,11,4,0.111,UPI,Android,Referral,Silver,Standard,1,4.8,Low,No
CUST102326,Maanav Khurana,42,Female,Jharkhand,Ranchi,11-03-2025,03-06-2025,Home & Kitchen,3,5092.46,1697.49,924.05,Yes,1,0.33,16,48,6,4,0.125,UPI,Android,Instagram,None,Standard,0,3.9,Low,Yes
CUST102327,Rayaan Chadha,35,Female,Punjab,Ludhiana,06-06-2025,15-08-2026,Beauty & Personal Care,4,4431.45,1107.86,524.16,Yes,1,0.25,19,38,8,3,0.053,UPI,MacBook,Google Ads,Silver,Express,0,2.7,Medium,No
CUST102328,Ubika Divan,27,Female,West Bengal,Siliguri,16-02-2026,04-08-2026,Grocery,7,6079.13,868.45,0,No,0,0,21,63,5,2,0.048,UPI,Android,Instagram,None,Standard,0,4.2,Medium,No
CUST102329,Pahal Bains,28,Male,Bihar,Gaya,15-08-2025,15-08-2026,Grocery,5,8959.55,1791.91,700.7,Yes,0,0,26,156,31,11,0.308,Debit Card,Android,Google Ads,Silver,Standard,0,3.1,Medium,No
CUST102330,Ojas Dua,27,Female,West Bengal,Howrah,19-03-2025,07-07-2026,Home & Kitchen,7,17225.28,2460.75,6013.03,Yes,0,0,23,115,16,8,0.217,Credit Card,iPhone,Direct,Gold,Standard,3,1.9,Medium,No
CUST102331,Vedhika Sinha,38,Male,Delhi,Delhi,01-04-2026,15-08-2026,Sports & Fitness,6,7814.14,1302.36,0,No,0,0,18,72,11,3,0.056,Credit Card,Android,Google Ads,Silver,Same Day,0,3.9,Medium,No
CUST102332,Shivani Kibe,29,Female,West Bengal,Kolkata,12-09-2025,16-04-2026,Home & Kitchen,6,9816.07,1636.01,0,No,0,0,12,36,6,2,0.083,Debit Card,iPhone,Direct,None,Standard,1,4.5,Medium,No
CUST102333,Chaitaly Ramanathan,18,Male,Uttar Pradesh,Kanpur,26-07-2024,22-06-2025,Books,6,9189.45,1531.58,3730.53,Yes,0,0,16,48,6,3,0.125,Debit Card,Windows Laptop,Instagram,Platinum,Express,2,3.8,Medium,Yes
CUST102334,Gauri Anand,31,Male,Odisha,Cuttack,10-04-2026,15-08-2026,Fashion,8,7245.19,905.65,0,No,0,0,18,90,19,10,0.278,Credit Card,Android,Email,None,Express,2,4.2,Medium,Yes
CUST102335,Rachana Sagar,19,Female,Maharashtra,Nashik,25-01-2026,15-08-2026,Fashion,6,12136.79,2022.8,0,No,0,0,24,96,19,7,0.208,UPI,Windows Laptop,Google Ads,Silver,Standard,1,3.9,Medium,No
CUST102336,Bina Bansal,48,Male,Telangana,Warangal,02-10-2024,20-01-2025,Electronics,5,6197.76,1239.55,0,No,0,0,15,90,9,6,0.2,Net Banking,Android,Direct,Silver,Standard,0,3.9,Medium,Yes
CUST102337,Mugdha Sunder,23,Female,Gujarat,Vadodara,11-05-2025,15-08-2026,Sports & Fitness,5,2479.9,495.98,0,No,0,0,23,115,19,9,0.304,UPI,Windows Laptop,Direct,Silver,Standard,1,2.9,Medium,No
CUST102338,Vincent Bhat,30,Male,Telangana,Warangal,11-02-2026,15-08-2026,Home & Kitchen,7,6810.53,972.93,0,No,1,0.14,18,36,5,3,0.111,Cash on Delivery,Android,Referral,Gold,Standard,1,2.4,Medium,No
CUST102339,Pahal Mutti,33,Female,Maharashtra,Nagpur,23-10-2024,06-02-2026,Fashion,5,2013.88,402.78,741.61,Yes,0,0,19,38,4,2,0.053,Cash on Delivery,Android,Direct,None,Standard,1,4.2,Medium,No
CUST102340,Amrita Sahni,29,Female,Gujarat,Ahmedabad,08-01-2025,19-07-2025,Fashion,4,27105.71,6776.43,0,No,1,0.25,22,132,17,12,0.318,Cash on Delivery,iPhone,YouTube,None,Standard,2,3.7,Medium,No
CUST102341,Jackson Talwar,29,Female,Kerala,Kochi,28-07-2025,18-12-2025,Books,7,18291.3,2613.04,3608.39,Yes,0,0,25,150,15,9,0.2,Net Banking,Android,Organic Search,None,Standard,3,3.1,Medium,No
CUST102342,Saumya Sarin,34,Male,West Bengal,Durgapur,02-07-2024,18-11-2025,Sports & Fitness,8,4741.79,592.72,0,No,2,0.25,21,42,6,2,0.048,UPI,Windows Laptop,Google Ads,Gold,Standard,2,3.9,Medium,No
CUST102343,Neel Mani,43,Male,Maharashtra,Pune,01-02-2024,25-03-2024,Beauty & Personal Care,6,5806.48,967.75,0,No,0,0,20,80,13,7,0.15,Credit Card,Android,Organic Search,Silver,Express,0,3.1,Medium,Yes
CUST102344,Upasna Padmanabhan,37,Female,Telangana,Warangal,09-10-2024,24-01-2026,Beauty & Personal Care,8,13047.06,1630.88,0,No,0,0,19,114,21,8,0.316,UPI,Windows Laptop,Organic Search,None,Standard,0,4,Medium,No
CUST102345,Vincent Tripathi,43,Male,Jharkhand,Jamshedpur,15-04-2026,15-08-2026,Home & Kitchen,4,13305.63,3326.41,0,No,1,0.25,22,44,5,2,0.045,UPI,MacBook,Instagram,None,Express,0,2.2,Medium,No
CUST102346,Harinakshi Sidhu,23,Male,Odisha,Cuttack,22-05-2026,15-08-2026,Home & Kitchen,5,8743.63,1748.73,3608.5,Yes,0,0,17,68,12,8,0.353,UPI,Windows Laptop,Direct,None,Standard,0,4.9,Medium,No
CUST102347,Chaaya Ramakrishnan,34,Female,Odisha,Bhubaneswar,07-03-2025,05-04-2026,Books,6,8645.02,1440.84,3612.65,Yes,0,0,14,56,8,3,0.143,Credit Card,Windows Laptop,Google Ads,Silver,Same Day,0,4.8,Medium,No
CUST102348,Jagvi Sodhi,32,Male,Telangana,Hyderabad,02-06-2025,03-10-2025,Electronics,6,4940.1,823.35,365.81,Yes,0,0,22,132,15,9,0.227,Debit Card,Android,Direct,Gold,Standard,1,3.4,Medium,No
CUST102349,Sarthak Mandal,34,Male,Uttar Pradesh,Lucknow,16-11-2025,15-08-2026,Home & Kitchen,7,13352.57,1907.51,0,No,0,0,20,60,11,5,0.15,Credit Card,Windows Laptop,Direct,Gold,Express,1,4.4,Medium,Yes
CUST102350,Vasudha Dayal,42,Male,West Bengal,Howrah,06-04-2025,14-11-2025,Fashion,7,13681.59,1954.51,0,No,0,0,24,96,15,6,0.125,UPI,Android,Organic Search,None,Standard,0,3.7,Medium,No
CUST102351,Ryan Dugar,29,Male,Bihar,Patna,20-05-2026,15-08-2026,Home & Kitchen,5,5753.58,1150.72,1522.28,Yes,0,0,16,96,20,8,0.375,UPI,Android,Direct,Silver,Standard,0,5,Medium,No
CUST102352,Harrison Sagar,28,Female,Assam,Guwahati,02-01-2025,14-09-2025,Home & Kitchen,5,6519.69,1303.94,575.48,Yes,0,0,19,76,9,4,0.105,UPI,Windows Laptop,Google Ads,Gold,Express,0,3,Medium,No
CUST102353,Chavvi Keer,35,Male,Uttar Pradesh,Lucknow,19-10-2025,15-08-2026,Home & Kitchen,5,5403.89,1080.78,773.25,Yes,1,0.2,22,110,23,15,0.318,UPI,Android,Organic Search,None,Standard,2,4.9,Medium,No
CUST102354,Champak Badami,18,Female,Haryana,Gurugram,08-09-2024,19-12-2024,Electronics,3,8038.35,2679.45,1410.39,Yes,0,0,19,76,11,6,0.158,Credit Card,Android,Organic Search,None,Standard,0,4.7,Medium,Yes
CUST102355,Advika Parikh,29,Male,Kerala,Thiruvananthapuram,14-06-2024,01-08-2025,Home & Kitchen,6,3197.86,532.98,1007.71,Yes,1,0.17,17,51,7,3,0.118,Debit Card,Windows Laptop,Instagram,None,Standard,1,3.3,Medium,Yes
CUST102356,Owen Thakur,30,Male,Maharashtra,Mumbai,06-09-2025,09-06-2026,Fashion,6,10324.83,1720.8,0,No,0,0,20,80,16,6,0.1,Cash on Delivery,Windows Laptop,YouTube,None,Standard,,4.9,Medium,Yes
CUST102357,Devansh Nazareth,24,Female,Assam,Guwahati,05-12-2025,15-08-2026,Fashion,3,4063.65,1354.55,0,No,0,0,25,75,7,3,0.08,UPI,iPhone,Organic Search,None,Standard,0,3.8,Low,No
CUST102358,Ishaan Karan,39,Male,West Bengal,Siliguri,12-06-2025,17-05-2026,Electronics,5,2631.53,526.31,246.24,Yes,0,0,24,48,6,4,0.125,UPI,MacBook,Referral,Silver,Standard,1,3.5,Medium,No
CUST102359,Udarsh Sur,23,Female,Uttar Pradesh,Noida,24-08-2025,15-08-2026,Grocery,8,8900.61,1112.58,0,No,0,0,20,60,5,2,0.05,Debit Card,Windows Laptop,Organic Search,Platinum,Standard,0,4.3,Medium,No
CUST102360,Harini Pant,30,Female,Maharashtra,Nashik,05-01-2025,04-05-2025,Home & Kitchen,4,2607.74,651.93,0,No,1,0.25,18,72,11,5,0.167,Credit Card,Android,Referral,Gold,Standard,0,3.9,Medium,Yes
CUST102361,Amara Dora,33,Male,West Bengal,Durgapur,20-08-2025,10-12-2025,Beauty & Personal Care,3,2669.74,889.91,616,Yes,0,0,30,60,5,2,0.033,UPI,Windows Laptop,Organic Search,Silver,Standard,,4.2,Low,Yes
CUST102362,Chandresh Sarma,42,Female,Gujarat,Ahmedabad,12-04-2024,26-08-2025,Grocery,5,3829.51,765.9,1280.39,Yes,0,0,16,32,6,3,0.062,Cash on Delivery,MacBook,Google Ads,Silver,Standard,1,3.6,Medium,No
CUST102363,Indrajit Cherian,31,Male,Tamil Nadu,Chennai,16-08-2025,04-12-2025,Grocery,8,23613.83,2951.73,0,No,0,0,24,48,3,1,0.042,Credit Card,Android,Direct,Gold,Standard,2,4.1,High,Yes
CUST102364,Benjamin Tripathi,38,Male,Rajasthan,Jaipur,05-05-2024,03-09-2025,Home & Kitchen,7,9235.71,1319.39,1452.75,Yes,0,0,16,32,6,2,0.062,Credit Card,Android,Direct,None,Standard,2,4.8,Medium,No
CUST102365,Oliver Dalal,37,Male,Uttar Pradesh,Varanasi,07-02-2024,07-04-2024,Home & Kitchen,5,11050.84,2210.17,3386.55,Yes,0,0,15,60,10,6,0.133,UPI,Windows Laptop,Organic Search,Silver,Standard,1,3.4,Medium,Yes
CUST102366,Janaki Dugar,32,Female,West Bengal,Kolkata,13-12-2024,27-01-2025,Fashion,4,2801,700.25,1197.22,Yes,1,0.25,26,156,30,11,0.346,UPI,Android,Email,Silver,Standard,0,4.3,Medium,No
CUST102367,Riya Toor,22,Male,Maharashtra,Nagpur,31-07-2024,26-09-2025,Beauty & Personal Care,5,4039.13,807.83,0,No,0,0,21,63,8,5,0.095,Wallet,Android,YouTube,None,Standard,0,3.6,Medium,No
CUST102368,Hardik Dube,20,Female,Uttar Pradesh,Noida,14-11-2024,08-12-2025,Home & Kitchen,7,7142.14,1020.31,0,No,1,0.14,21,126,14,6,0.19,Debit Card,Windows Laptop,Direct,Silver,Express,1,3.6,Medium,Yes
CUST102369,Gaurika Devi,32,Female,Tamil Nadu,Coimbatore,06-01-2026,15-08-2026,Sports & Fitness,2,3076.15,1538.08,0,No,0,0,25,150,15,10,0.24,UPI,iPhone,Google Ads,Gold,Standard,0,5,Low,No
CUST102370,Saksham Sarna,27,Male,Kerala,Kochi,03-01-2026,15-08-2026,Books,4,7570.17,1892.54,0,No,0,0,22,66,10,5,0.136,Wallet,Windows Laptop,Referral,None,Standard,0,5,Medium,No
CUST102371,Abeer Korpal,38,Male,Bihar,Patna,01-03-2025,18-01-2026,Electronics,4,7334.96,1833.74,0,No,1,0.25,23,115,13,4,0.087,UPI,Android,Organic Search,Gold,Standard,0,3.7,Medium,Yes
CUST102372,Harita Mangat,37,Female,Punjab,Ludhiana,03-09-2024,09-05-2026,Electronics,6,5393.94,898.99,0,No,0,0,23,69,14,7,0.13,Credit Card,iPhone,Google Ads,Gold,Same Day,0,3.7,Medium,No
CUST102373,Frederick Lata,30,Female,Odisha,Bhubaneswar,09-10-2025,15-08-2026,Beauty & Personal Care,3,5617.11,1872.37,2274.16,Yes,1,0.33,18,90,7,4,0.111,Wallet,MacBook,Instagram,Platinum,Express,2,3.5,Low,No
CUST102374,Oeshi Patel,22,Male,Gujarat,Vadodara,12-10-2024,10-03-2025,Fashion,8,6455.25,806.91,0,No,1,0.12,21,63,5,1,0.048,Net Banking,MacBook,Instagram,None,Express,0,4.7,Medium,No
CUST102375,Max Wagle,35,Female,Odisha,Cuttack,18-08-2024,26-07-2025,Electronics,6,10351.11,1725.19,1947.83,Yes,0,0,17,102,11,5,0.176,Credit Card,Windows Laptop,Email,Silver,Standard,1,3.2,Medium,Yes
CUST102376,Vedant Devi,23,Male,Tamil Nadu,Coimbatore,15-11-2024,16-06-2025,Books,3,2168.76,722.92,975.69,Yes,1,0.33,19,114,10,6,0.211,Debit Card,Android,Organic Search,None,Standard,2,4.4,Low,Yes
CUST102377,Odika Rout,25,Female,Tamil Nadu,Chennai,26-05-2025,24-02-2026,Fashion,3,3662.04,1220.68,0,No,0,0,20,60,11,4,0.1,UPI,iPhone,Organic Search,None,Standard,1,5,Low,No
CUST102378,Zaitra Pathak,23,Female,Madhya Pradesh,Indore,04-06-2025,20-10-2025,Books,3,5349.1,1783.03,2317.66,Yes,0,0,21,42,3,1,0.048,Credit Card,Android,Organic Search,Silver,Standard,0,4.2,Low,No
CUST102379,Saanvi Dhingra,30,Female,Gujarat,Ahmedabad,12-08-2024,01-04-2026,Grocery,7,11298.9,1614.13,0,No,0,0,27,135,23,8,0.148,Debit Card,Tablet,Organic Search,Platinum,Express,1,4.8,Medium,Yes
CUST102380,Zansi Boase,40,Female,Madhya Pradesh,Indore,20-05-2025,20-06-2026,Grocery,3,2341.45,780.48,0,No,2,0.67,19,38,5,2,0.053,UPI,Tablet,Google Ads,None,Same Day,2,4.7,Low,Yes
CUST102381,Hamsini Murty,31,Female,Punjab,Chandigarh,04-04-2026,15-08-2026,Fashion,7,12267.9,1752.56,0,No,0,0,19,95,17,11,0.474,Cash on Delivery,Android,Direct,None,Express,0,3.8,Medium,No
CUST102382,Nitesh Saraf,27,Female,Haryana,Faridabad,16-04-2024,22-11-2025,Fashion,7,6177.96,882.57,0,No,0,0,13,78,10,4,0.154,UPI,Android,Referral,Silver,Standard,1,3.1,Medium,No
CUST102383,Maya Bansal,19,Female,Assam,Dibrugarh,29-11-2025,01-04-2026,Home & Kitchen,6,2595.42,432.57,958.94,Yes,0,0,24,120,20,7,0.208,UPI,MacBook,Google Ads,Gold,Standard,1,4.8,Medium,No
CUST102384,Dalbir Venkatesh,35,Male,Gujarat,Vadodara,02-01-2026,26-02-2026,Electronics,3,7633.87,2544.62,518.54,Yes,0,0,26,156,26,14,0.269,UPI,Android,Organic Search,None,Standard,1,4.8,Medium,No
CUST102385,Oni Ratti,25,Female,Tamil Nadu,Chennai,29-08-2025,15-08-2026,Fashion,4,2760.89,690.22,0,No,0,0,15,45,5,3,0.133,Net Banking,iPhone,Referral,Silver,Express,0,5,Medium,No
CUST102386,Dipta Padmanabhan,32,Male,Uttar Pradesh,Noida,07-12-2025,16-05-2026,Fashion,7,13710.65,1958.66,4365.68,Yes,0,0,21,63,6,3,0.048,Cash on Delivery,Android,Referral,None,Express,1,4.1,Medium,No
CUST102387,Ati Wable,28,Male,Telangana,Warangal,23-01-2026,15-08-2026,Electronics,6,6891.25,1148.54,0,No,0,0,24,96,13,5,0.125,Net Banking,iPhone,YouTube,Gold,Standard,3,3.4,Medium,No
CUST102388,Netra Sehgal,38,Male,Uttar Pradesh,Kanpur,11-01-2026,20-07-2026,Fashion,4,8085.6,2021.4,419.31,Yes,0,0,17,68,13,5,0.176,Wallet,Android,Direct,None,Standard,0,4.2,Medium,No
CUST102389,Riya Pai,30,Male,Odisha,Cuttack,26-11-2024,15-09-2025,Grocery,8,5915.94,739.49,1701.43,Yes,0,0,27,81,15,7,0.185,UPI,iPhone,YouTube,Silver,Standard,1,3.6,Medium,No
CUST102390,Rudra Mitra,31,Male,Odisha,Cuttack,05-01-2024,02-02-2025,Electronics,5,10183.37,2036.67,4486.79,Yes,0,0,16,64,8,3,0.125,UPI,Android,Google Ads,Silver,Standard,0,4.7,Medium,Yes
CUST102391,Balhaar Yogi,35,Female,Telangana,Hyderabad,12-05-2026,15-08-2026,Electronics,8,7352.16,919.02,1908.62,Yes,1,0.12,28,84,16,9,0.143,UPI,Android,Referral,Platinum,Express,0,4.6,Medium,No
CUST102392,Madhavi Date,48,Male,Karnataka,Mysuru,12-04-2025,15-08-2026,Beauty & Personal Care,7,6670.08,952.87,1277.71,Yes,1,0.14,15,30,4,2,0.067,UPI,Android,Organic Search,Silver,Standard,0,4.6,Medium,No
CUST102393,Tanay Chander,38,Female,Gujarat,Ahmedabad,30-05-2025,15-08-2026,Mobile Accessories,12,5291.98,441,,No,0,0,21,126,13,8,0.238,UPI,Windows Laptop,YouTube,None,Standard,0,3.6,Medium,No
CUST102394,Harini Dutta,30,Male,Maharashtra,Pune,14-02-2026,15-08-2026,Fashion,5,2505.48,501.1,1111.38,Yes,0,0,16,48,9,5,0.188,Net Banking,Android,Organic Search,Gold,Standard,1,4,Medium,No
CUST102395,Ayaan Zacharia,31,Male,Haryana,Faridabad,03-02-2026,15-08-2026,Electronics,6,10814.45,1802.41,3934.23,Yes,1,0.17,20,80,11,7,0.2,Net Banking,MacBook,Instagram,Gold,Same Day,0,3,Medium,No
CUST102396,Wyatt Modi,27,Male,Telangana,Warangal,11-06-2024,15-12-2024,Beauty & Personal Care,7,7252.21,1036.03,2445.2,Yes,0,0,30,120,16,9,0.167,UPI,Android,Organic Search,Gold,Express,0,3.4,Medium,Yes
CUST102397,Yashasvi Choudhry,23,Male,Maharashtra,Nagpur,14-10-2025,23-04-2026,Books,5,1914.17,382.83,0,No,1,0.2,19,76,8,5,0.158,Credit Card,Android,Direct,Silver,Express,3,3.6,Medium,Yes
CUST102398,Kashish Lad,27,Female,West Bengal,Kolkata,18-03-2026,20-05-2026,Grocery,4,4383.19,1095.8,769.13,Yes,0,0,21,42,7,2,0.048,Wallet,Android,Organic Search,Silver,Express,2,3.3,Medium,No
CUST102399,Jatin Batta,25,Female,Bihar,Muzaffarpur,14-06-2025,17-10-2025,Beauty & Personal Care,2,3874.46,1937.23,0,No,0,0,26,52,8,3,0.077,Debit Card,iPhone,Google Ads,Platinum,Standard,0,3.8,Low,No
CUST102400,Saumya Misra,36,Male,Bihar,Gaya,22-03-2024,01-11-2024,Fashion,4,2466.01,616.5,486.43,Yes,0,0,18,36,3,2,0.056,Credit Card,Android,Google Ads,None,Same Day,1,4.2,Medium,Yes
CUST102401,Sudiksha Nori,22,Male,Tamil Nadu,Madurai,25-04-2025,15-08-2026,Beauty & Personal Care,5,11290.63,2258.13,0,No,0,0,24,72,8,3,0.083,Credit Card,Android,Google Ads,Silver,Standard,0,3.3,Medium,No
CUST102402,Vivaan Palla,42,Female,West Bengal,Durgapur,11-06-2026,15-08-2026,Electronics,8,9269.87,1158.73,2455.33,Yes,0,0,19,114,15,8,0.316,UPI,Windows Laptop,Instagram,Silver,Standard,0,3.4,Medium,No
CUST102403,Bhavani Dey,37,Male,Gujarat,Vadodara,30-05-2025,13-03-2026,Grocery,6,6834.55,1139.09,1565.89,Yes,0,0,21,42,6,2,0.048,UPI,Windows Laptop,Google Ads,None,Express,1,4.2,Medium,No
CUST102404,Zinal Kota,31,Male,Tamil Nadu,Coimbatore,01-10-2025,15-08-2026,Grocery,3,2747.96,915.99,1081.37,Yes,1,0.33,17,68,13,7,0.176,Net Banking,MacBook,Google Ads,None,Standard,0,4,Low,No
CUST102405,Falak Varty,31,Female,Odisha,Bhubaneswar,05-07-2024,22-02-2026,Mobile Accessories,5,2532.52,506.5,0,No,0,0,18,72,7,3,0.111,UPI,Android,Google Ads,Silver,Standard,0,4.4,Medium,Yes
CUST102406,Jalsa Sha,27,Male,Uttar Pradesh,Kanpur,25-05-2024,06-09-2025,Fashion,5,5613.56,1122.71,0,No,1,0.2,25,50,9,6,0.12,UPI,iPhone,Direct,None,Express,1,4.7,Medium,Yes
CUST102407,Manan Sandal,33,Female,Telangana,Warangal,31-05-2024,26-04-2025,Electronics,5,5631.61,1126.32,0,No,1,0.2,18,108,22,14,0.389,UPI,Android,Google Ads,None,Express,0,4.5,Medium,Yes
CUST102408,Finn Chanda,40,Female,Karnataka,Bengaluru,28-12-2024,14-08-2025,Beauty & Personal Care,3,4312.08,1437.36,0,No,0,0,25,150,20,8,0.2,UPI,Windows Laptop,Google Ads,None,Standard,1,4.7,Low,Yes
CUST102409,Pavani De,25,Male,Andhra Pradesh,Vijayawada,02-04-2024,12-03-2025,Grocery,6,5615.25,935.88,1214.66,Yes,1,0.17,24,144,18,9,0.208,Debit Card,Windows Laptop,Google Ads,None,Standard,1,4.5,Medium,Yes
CUST102410,Tanish Sehgal,19,Male,Gujarat,Ahmedabad,31-01-2024,07-07-2024,Sports & Fitness,9,5566.12,618.46,935.12,Yes,0,0,19,76,11,8,0.158,Credit Card,iPhone,YouTube,None,Standard,1,1.9,Medium,Yes
CUST102411,Kala Vora,37,Female,Odisha,Cuttack,05-04-2026,15-08-2026,Fashion,4,12717.38,3179.34,0,No,0,0,24,72,13,7,0.167,UPI,Android,Direct,Silver,Standard,1,3.5,Medium,No
CUST102412,Zilmil Rana,34,Male,Maharashtra,Nagpur,23-06-2025,26-06-2026,Fashion,5,7380.13,1476.03,2509.02,Yes,1,0.2,24,120,11,5,0.083,Credit Card,Android,YouTube,None,Express,0,3.1,Medium,Yes
CUST102413,Wishi Sampath,22,Female,Rajasthan,Udaipur,10-10-2025,01-08-2026,Home & Kitchen,6,9028.24,1504.71,1068.87,Yes,1,0.17,19,38,5,1,0.053,Credit Card,MacBook,Direct,None,Standard,0,4.1,Medium,No
CUST102414,Vrishti Saha,25,Female,West Bengal,Howrah,24-08-2025,26-07-2026,Fashion,2,4338.02,2169.01,0,No,0,0,22,44,3,1,0.045,UPI,Windows Laptop,Google Ads,Gold,Standard,0,3.8,Low,No
CUST102415,Maanas Tiwari,24,Male,Rajasthan,Udaipur,18-02-2024,03-01-2025,Sports & Fitness,4,2994.44,748.61,465.46,Yes,0,0,36,180,27,19,0.25,Debit Card,iPhone,Direct,Silver,Express,1,4.7,Medium,Yes
CUST102416,Vedhika Shankar,25,Female,Andhra Pradesh,Vijayawada,28-05-2026,15-08-2026,Home & Kitchen,4,2709.44,677.36,0,No,0,0,23,115,24,17,0.348,Wallet,Android,Google Ads,Silver,Standard,2,2.9,Medium,Yes
CUST102417,Yochana Wadhwa,28,Male,Telangana,Hyderabad,14-09-2024,23-10-2025,Sports & Fitness,6,9409.11,1568.19,0,No,0,0,18,72,7,4,0.111,Debit Card,Android,YouTube,Gold,Standard,0,3.1,Medium,Yes
CUST102418,Simon Shah,29,Male,West Bengal,Durgapur,01-06-2025,18-08-2025,Beauty & Personal Care,4,14349.1,3587.28,3763.5,Yes,0,0,19,76,8,3,0.105,UPI,Android,Organic Search,Silver,Standard,1,3.7,Medium,No
CUST102419,Bachittar Dugar,26,Female,West Bengal,Durgapur,24-06-2025,30-03-2026,Grocery,3,1642.5,547.5,442.02,Yes,1,0.33,26,52,9,5,0.077,Debit Card,Android,Organic Search,None,Express,0,4.4,Low,Yes
CUST102420,Jagat Rege,25,Female,Telangana,Warangal,13-02-2025,05-03-2025,Fashion,8,9025.39,1128.17,0,No,0,0,22,66,11,6,0.136,UPI,MacBook,Organic Search,None,Standard,1,3.8,Medium,No
CUST102421,Jai Pingle,29,Female,Karnataka,Mysuru,04-06-2024,03-12-2024,Sports & Fitness,6,10295.47,1715.91,4609.31,Yes,0,0,23,46,7,4,0.13,Credit Card,Android,Organic Search,Gold,Standard,1,4.5,Medium,Yes
CUST102422,Banjeet Virk,32,Male,West Bengal,Howrah,13-02-2026,15-08-2026,Fashion,2,3696.93,1848.46,,Yes,0,0,18,36,4,2,0.056,Wallet,Android,Instagram,None,Standard,0,4,Low,No
CUST102423,Jacob Prabhu,28,Female,Kerala,Thiruvananthapuram,29-06-2025,02-01-2026,Beauty & Personal Care,3,3793.06,1264.35,862.79,Yes,0,0,16,32,2,1,0.062,Wallet,iPhone,Instagram,None,Standard,2,,Low,No
CUST102424,Kavya Mitter,40,Male,Gujarat,Ahmedabad,15-03-2025,26-07-2025,Fashion,1,916.34,916.34,70.33,Yes,1,1,11,44,4,2,0.091,Net Banking,Android,Direct,Gold,Express,1,4.2,Low,Yes
CUST102425,Vedika Bala,35,Female,Tamil Nadu,Chennai,24-08-2024,21-04-2025,Home & Kitchen,3,1427.63,475.88,467.86,Yes,0,0,23,46,7,4,0.043,UPI,Windows Laptop,Organic Search,Silver,Express,0,2.6,Low,Yes
CUST102426,Lucky Sama,18,Female,Assam,Dibrugarh,11-10-2025,17-04-2026,Fashion,6,20553.01,3425.5,0,No,0,0,17,51,6,4,0.176,Debit Card,Windows Laptop,Instagram,Gold,Same Day,1,4.4,Medium,No
CUST102427,Dalaja Mander,35,Female,Maharashtra,Mumbai,02-01-2025,25-05-2025,Fashion,6,17068.52,2844.75,0,No,0,0,21,63,12,4,0.143,UPI,Windows Laptop,Google Ads,Silver,Express,0,3.9,Medium,No
CUST102428,Qadim Suresh,36,Female,Jharkhand,Ranchi,26-02-2024,14-09-2024,Mobile Accessories,2,1568.48,784.24,0,No,0,0,16,48,7,3,0.062,Wallet,MacBook,Organic Search,Silver,Standard,1,4.5,Low,Yes
CUST102429,Jason Palla,28,Female,Tamil Nadu,Madurai,23-06-2024,08-09-2024,Electronics,3,3746.51,1248.84,419.21,Yes,1,0.33,23,46,4,1,0.043,Credit Card,Android,Organic Search,Silver,Standard,0,5,Low,No
CUST102430,Chaitanya Sahni,19,Other,Haryana,Gurugram,01-08-2024,16-05-2025,Grocery,4,3226.45,806.61,0,No,0,0,28,140,12,8,0.143,Credit Card,iPhone,Direct,None,Standard,1,5,Medium,Yes
CUST102431,Dayita Sethi,31,Female,Uttar Pradesh,Varanasi,27-01-2024,30-09-2025,Mobile Accessories,2,2333.84,1166.92,0,No,1,0.5,20,40,4,1,0.05,UPI,Windows Laptop,Google Ads,Silver,Standard,0,4,Low,No
CUST102432,Krishna Soman,31,Female,Punjab,Ludhiana,17-03-2026,15-08-2026,Electronics,4,5193.11,1298.28,0,No,0,0,23,115,18,8,0.261,Credit Card,iPhone,Referral,None,Standard,0,4.5,Medium,Yes
CUST102433,Lakshit Thaman,22,Female,Andhra Pradesh,Vijayawada,28-04-2024,21-11-2024,Grocery,2,1172.06,586.03,436.69,Yes,1,0.5,13,26,5,3,0.077,UPI,Android,Instagram,Platinum,Express,0,3.6,Low,Yes
CUST102434,Shivani Sen,19,Female,Tamil Nadu,Chennai,26-05-2024,23-11-2025,Fashion,8,10456.13,1307.02,4407.5,Yes,0,0,24,72,6,2,0.042,Credit Card,MacBook,Direct,None,Same Day,0,,Medium,No
CUST102435,Eshana Chakraborty,30,Female,Andhra Pradesh,Vijayawada,17-05-2026,15-08-2026,Electronics,5,5744.8,1148.96,388.65,Yes,0,0,10,50,9,4,0.1,Cash on Delivery,MacBook,Referral,Gold,Standard,1,3.4,Medium,No
CUST102436,Lila Kaul,29,Male,Telangana,Hyderabad,21-09-2024,18-04-2026,Home & Kitchen,8,4131.55,516.44,0,No,0,0,20,60,9,3,0.1,Cash on Delivery,Windows Laptop,Google Ads,Gold,Standard,2,4.6,Medium,No
CUST102437,Harinakshi Zachariah,28,Male,Telangana,Hyderabad,06-02-2025,06-10-2025,Mobile Accessories,2,1618.38,809.19,564.77,Yes,0,0,18,36,4,1,0.056,UPI,Android,Direct,None,Standard,1,3.7,Low,No
CUST102438,Saanvi Mall,30,Female,Tamil Nadu,Chennai,14-09-2024,17-04-2026,Electronics,4,2837.68,709.42,0,No,2,0.5,22,88,14,8,0.182,UPI,Android,Organic Search,Silver,Same Day,2,4.1,Medium,No
CUST102439,Noah Bakshi,22,Male,Uttar Pradesh,Noida,09-05-2026,15-08-2026,Beauty & Personal Care,6,5063.62,843.94,0,No,1,0.17,29,145,27,15,0.414,Credit Card,iPhone,Organic Search,Gold,Standard,1,4,Medium,No
CUST102440,Jatin Chada,28,Female,Maharashtra,Nashik,07-07-2024,18-10-2024,Home & Kitchen,5,4993.59,998.72,0,No,1,0.2,21,42,5,2,0.048,UPI,iPhone,YouTube,None,Standard,0,5,Medium,Yes
CUST102441,Chatresh Vig,35,Male,Uttar Pradesh,Varanasi,06-04-2026,15-08-2026,Books,4,5509.44,1377.36,2446.09,Yes,0,0,27,81,16,10,0.185,Cash on Delivery,iPhone,Referral,None,Standard,1,3,Medium,No
CUST102442,Vamakshi Thakkar,28,Male,Uttar Pradesh,Kanpur,12-01-2026,15-08-2026,Electronics,5,5836.51,1167.3,620.69,Yes,0,0,20,120,18,8,0.25,UPI,Android,YouTube,None,Same Day,0,4,Medium,No
CUST102443,Jai Wali,18,Female,Madhya Pradesh,Indore,13-05-2025,07-01-2026,Grocery,2,8476.66,4238.33,0,No,0,0,20,80,8,5,0.15,UPI,Windows Laptop,Referral,None,Standard,3,4.5,Medium,Yes
CUST102444,Anirudh Maharaj,27,Female,Punjab,Chandigarh,10-12-2025,10-06-2026,Grocery,4,6280.11,1570.03,0,No,0,0,24,144,22,15,0.458,UPI,iPhone,Google Ads,Gold,Standard,0,4.3,Medium,No
CUST102445,Yatan Sawhney,22,Male,Gujarat,Vadodara,26-08-2024,28-12-2024,Grocery,8,13984.09,1748.01,4859.02,Yes,0,0,29,174,32,13,0.207,Net Banking,Android,Direct,Silver,Standard,,3.9,Medium,No
CUST102446,Ekani Ratti,33,Female,Tamil Nadu,Chennai,22-11-2024,28-05-2025,Mobile Accessories,8,10511.72,1313.96,1938.98,Yes,0,0,22,88,14,9,0.227,Wallet,Tablet,Direct,None,Standard,1,3.7,Medium,Yes
CUST102447,Vyanjana Bajaj,34,Female,Delhi,Delhi,10-03-2024,17-08-2025,Sports & Fitness,6,3005.04,500.84,293.59,Yes,0,0,32,96,15,5,0.062,UPI,Android,Google Ads,Gold,Standard,0,4.8,Medium,Yes
CUST102448,Rajeshri Gole,18,Male,Karnataka,Mysuru,02-02-2026,15-08-2026,Electronics,6,7129.58,1188.26,3104.98,Yes,0,0,21,126,10,5,0.143,Credit Card,Android,Google Ads,Silver,Express,0,3.3,Medium,No
CUST102449,Arjun Wable,37,Male,West Bengal,Howrah,05-12-2025,15-08-2026,Home & Kitchen,4,5342.09,1335.52,420.75,Yes,1,0.25,20,120,17,7,0.2,Cash on Delivery,Android,Instagram,Gold,Same Day,1,4.2,Medium,No
CUST102450,Lavanya Kurian,22,Male,Tamil Nadu,Chennai,25-01-2024,04-09-2024,Home & Kitchen,2,4013.22,2006.61,1766.09,Yes,0,0,17,34,4,1,0.059,UPI,Android,Organic Search,Gold,Standard,1,3.5,Low,Yes
CUST102451,Ishwar Chaudhary,43,Male,Delhi,New Delhi,04-08-2025,18-04-2026,Fashion,9,7092.21,788.02,0,No,2,0.22,18,72,6,2,0.056,UPI,Windows Laptop,Organic Search,Silver,Standard,0,3.6,Medium,No
CUST102452,Bhavika Dhawan,31,Male,Andhra Pradesh,Visakhapatnam,04-06-2024,27-02-2025,Home & Kitchen,3,2408.33,802.78,0,No,0,0,26,130,22,7,0.115,UPI,Android,Email,None,Standard,0,3.7,Low,Yes
CUST102453,Aadhya Chakraborty,21,Male,Uttar Pradesh,Varanasi,19-10-2025,23-01-2026,Home & Kitchen,3,2546.06,848.69,691.83,Yes,2,0.67,22,132,13,8,0.273,UPI,MacBook,YouTube,Silver,Standard,0,4,Low,Yes
CUST102454,Damyanti Reddy,22,Male,Telangana,Warangal,10-04-2026,15-08-2026,Home & Kitchen,6,6415.64,1069.27,0,No,1,0.17,22,44,5,2,0.045,UPI,iPhone,Organic Search,Silver,Express,1,3.8,Medium,No
CUST102455,Daniel Nanda,34,Female,Uttar Pradesh,Varanasi,06-08-2024,08-12-2025,Mobile Accessories,7,6679.47,954.21,0,No,0,0,21,84,13,4,0.143,UPI,MacBook,Instagram,Gold,Standard,4,4.2,Medium,Yes
CUST102456,Avi Bhardwaj,28,Female,Maharashtra,Pune,14-07-2025,15-08-2026,Electronics,3,1924.25,641.42,0,No,1,0.33,18,90,12,5,0.222,Net Banking,MacBook,Direct,None,Express,1,4.6,Low,No
CUST102457,Madhavi Chaudhary,30,Female,Gujarat,Vadodara,13-01-2025,31-01-2025,Books,2,4271.82,2135.91,620.93,Yes,0,0,20,100,17,6,0.1,Net Banking,Windows Laptop,Instagram,Silver,Standard,1,4.4,Low,Yes
CUST102458,Lucky Sachar,44,Male,Bihar,Patna,10-06-2026,15-08-2026,Home & Kitchen,3,2185.1,728.37,517.21,Yes,0,0,24,144,28,10,0.208,Cash on Delivery,Android,Direct,Gold,Same Day,2,4.2,Low,No
CUST102459,Aarna Prashad,25,Female,Rajasthan,Jaipur,12-07-2024,20-09-2024,Beauty & Personal Care,11,21012.82,1910.26,8163.92,Yes,0,0,21,63,6,4,0.095,Cash on Delivery,Android,Email,None,Standard,0,4.1,High,No
CUST102460,Charles Jain,31,Female,Gujarat,Vadodara,09-02-2024,10-11-2024,Sports & Fitness,4,3853.13,963.28,0,No,0,0,25,100,11,3,0.04,Cash on Delivery,Android,Organic Search,Silver,Express,0,4.2,Medium,No
CUST102461,Warjas Tailor,42,Female,Andhra Pradesh,Visakhapatnam,19-08-2025,15-08-2026,Fashion,5,5460.76,1092.15,0,No,1,0.2,21,42,4,2,0.048,Debit Card,Android,Google Ads,Gold,Standard,3,4.1,Medium,No
CUST102462,Ishwar Luthra,33,Female,Haryana,Gurugram,08-12-2024,11-07-2026,Home & Kitchen,5,10014.62,2002.92,2250.77,Yes,0,0,24,96,14,6,0.125,Cash on Delivery,iPhone,YouTube,Silver,Standard,0,4.3,Medium,No
CUST102463,Eesha Shetty,18,Female,Bihar,Muzaffarpur,17-05-2025,15-06-2026,Home & Kitchen,2,3644.72,1822.36,930.45,Yes,0,0,25,50,4,2,0.04,UPI,Android,YouTube,None,Standard,1,3,Low,Yes
CUST102464,Dominic Sule,35,Female,Uttar Pradesh,Lucknow,25-03-2025,08-08-2026,Fashion,5,8735.4,1747.08,2460,Yes,0,0,20,120,22,14,0.3,Cash on Delivery,MacBook,Google Ads,Gold,Standard,3,3.1,Medium,No
CUST102465,Nikita Kaur,22,Female,Bihar,Gaya,01-12-2024,21-03-2025,Books,6,3588.18,598.03,575.06,Yes,0,0,25,100,9,4,0.08,Net Banking,Android,Organic Search,None,Standard,1,4.2,Medium,Yes
CUST102466,Amruta Chaudhuri,42,Male,Karnataka,Mangaluru,04-01-2024,19-12-2024,Sports & Fitness,9,24566.74,2729.64,2175.35,Yes,0,0,32,192,40,18,0.312,Debit Card,Windows Laptop,Google Ads,Silver,Standard,0,4.4,High,Yes
CUST102467,Jeremiah Modi,24,Male,Telangana,Warangal,12-03-2026,15-08-2026,Electronics,6,15249.43,2541.57,0,No,1,0.17,16,48,9,4,0.125,Cash on Delivery,Windows Laptop,YouTube,None,Standard,2,2.8,Medium,No
CUST102468,Sanaya Chacko,55,Male,West Bengal,Kolkata,28-01-2026,15-08-2026,Electronics,2,2144.73,1072.36,476.92,Yes,0,0,20,40,8,3,0.05,UPI,Android,Google Ads,Silver,Standard,2,4.4,Low,No
CUST102469,Lucky Prakash,43,Male,Rajasthan,Jaipur,31-05-2025,15-08-2026,Home & Kitchen,4,3030.82,757.7,477.5,Yes,2,0.5,24,72,6,2,0.042,UPI,Windows Laptop,Google Ads,Gold,Standard,0,3.5,Medium,Yes
CUST102470,Yatan Yogi,25,Male,Uttar Pradesh,Varanasi,11-05-2025,27-09-2025,Electronics,4,2958.92,739.73,0,No,0,0,26,52,5,2,0.038,Debit Card,Android,Email,Platinum,Standard,0,4.4,Medium,No
CUST102471,Siya Barman,31,Female,Delhi,New Delhi,13-08-2024,09-05-2026,Beauty & Personal Care,3,3303.47,1101.16,0,No,2,0.67,28,84,18,11,0.25,UPI,Windows Laptop,Instagram,None,Standard,0,3.3,Low,Yes
CUST102472,Ucchal Mann,37,Male,Andhra Pradesh,Visakhapatnam,29-05-2024,27-02-2025,Electronics,4,3072.05,768.01,772.61,Yes,0,0,20,80,17,7,0.2,UPI,iPhone,Direct,Silver,Express,0,5,Medium,No
CUST102473,Aadi Bhasin,37,Female,Assam,Guwahati,25-08-2024,13-04-2026,Home & Kitchen,10,13157.62,1315.76,0,No,0,0,31,62,7,4,0.065,Wallet,iPhone,Organic Search,None,Express,0,4.3,Medium,Yes
CUST102474,Anjali Krishna,35,Female,Kerala,Kozhikode,21-10-2025,15-08-2026,Electronics,4,3343.36,835.84,0,No,1,0.25,26,156,25,16,0.308,Cash on Delivery,iPhone,Organic Search,Silver,Standard,0,4.8,Medium,Yes
CUST102475,Indali Kala,41,Male,Uttar Pradesh,Kanpur,12-04-2024,04-05-2024,Fashion,5,3477.23,695.45,180.23,Yes,0,0,19,38,4,2,0.053,UPI,Android,Organic Search,Gold,Standard,1,3.9,Medium,Yes
CUST102476,Chakradev Edwin,30,Male,Haryana,Gurugram,23-06-2024,21-01-2026,Grocery,2,1988.71,994.36,769,Yes,0,0,18,90,18,7,0.222,UPI,Android,Organic Search,Silver,Standard,0,4.6,Low,No
CUST102477,Charita Chakraborty,28,Male,Maharashtra,Nagpur,05-04-2025,27-04-2026,Home & Kitchen,6,9291.76,1548.63,685.96,Yes,1,0.17,14,28,2,1,0.071,UPI,iPhone,Organic Search,None,Express,0,4.5,Medium,No
CUST102478,Jason Dey,28,Other,Madhya Pradesh,Bhopal,17-01-2026,15-08-2026,Mobile Accessories,8,7466.89,933.36,0,No,0,0,21,42,7,3,0.095,Wallet,Android,Instagram,Silver,Standard,2,3.7,Medium,No
CUST102479,Rachana Kade,38,Female,Maharashtra,Nashik,03-02-2024,01-08-2025,Books,4,4065.46,1016.36,,No,1,0.25,29,145,17,12,0.241,Wallet,MacBook,Google Ads,None,Standard,0,3.9,Medium,Yes
CUST102480,Hema Lal,34,Male,Madhya Pradesh,Indore,14-11-2025,15-08-2026,Fashion,6,12664.62,2110.77,3988.41,Yes,0,0,21,63,8,5,0.095,Credit Card,Android,Email,Silver,Standard,0,5,Medium,Yes
CUST102481,Anjali Korpal,33,Female,Tamil Nadu,Coimbatore,01-06-2025,16-07-2025,Electronics,4,3204.93,801.23,577.64,Yes,0,0,24,72,11,4,0.083,Credit Card,Windows Laptop,Google Ads,Gold,Standard,,4.9,Medium,No
CUST102482,Harita Kade,37,Female,Haryana,Gurugram,15-03-2025,15-08-2026,Sports & Fitness,5,3727.91,745.58,0,No,0,0,14,28,3,1,0.071,Credit Card,iPhone,Google Ads,None,Standard,1,3.1,Medium,No
CUST102483,Falguni Babu,18,Male,Jharkhand,Ranchi,11-10-2024,18-10-2025,Books,3,3987.63,1329.21,271.72,Yes,0,0,31,93,14,9,0.226,Debit Card,iPhone,Organic Search,Silver,Standard,0,4.8,Low,Yes
CUST102484,Aarnav Soni,33,Female,Maharashtra,Mumbai,12-08-2024,17-09-2024,Sports & Fitness,6,17074.48,2845.75,0,No,0,0,16,80,14,5,0.188,UPI,Android,Google Ads,None,Express,0,3.9,Medium,Yes
CUST102485,Aditya Ghose,33,Female,Gujarat,Vadodara,18-07-2025,17-05-2026,Electronics,2,2833.93,1416.96,898.09,Yes,1,0.5,24,144,17,7,0.167,UPI,Android,Organic Search,Gold,Standard,0,3.9,Low,Yes
CUST102486,Vrinda Ramaswamy,44,Male,Andhra Pradesh,Vijayawada,13-09-2024,29-04-2025,Mobile Accessories,5,4090.94,818.19,1379.83,Yes,1,0.2,23,69,12,8,0.174,Cash on Delivery,Windows Laptop,Organic Search,None,Standard,1,3.9,Medium,Yes
CUST102487,Faras Yohannan,19,Female,Rajasthan,Jodhpur,28-02-2024,25-08-2024,Fashion,7,6656.53,950.93,,Yes,2,0.29,16,32,4,1,0.062,UPI,Android,Referral,Gold,Express,1,4.7,Medium,Yes
CUST102488,Sai Dasgupta,43,Male,Haryana,Faridabad,02-09-2024,03-02-2025,Grocery,3,3330.87,1110.29,0,No,1,0.33,15,90,7,4,0.133,UPI,Android,Google Ads,None,Standard,1,4.9,Low,Yes
CUST102489,Krisha Parmar,32,Male,Uttar Pradesh,Varanasi,02-06-2025,21-06-2026,Books,7,8293.73,1184.82,0,No,0,0,23,138,27,11,0.261,Cash on Delivery,Android,Organic Search,Silver,Standard,3,4.6,Medium,No
CUST102490,Peter Anand,35,Male,Telangana,Hyderabad,01-08-2024,01-07-2025,Fashion,2,8757.98,4378.99,0,No,1,0.5,26,156,18,11,0.269,Debit Card,iPhone,Google Ads,Silver,Standard,3,4,Medium,No
CUST102491,Turvi Prabhakar,44,Female,Tamil Nadu,Madurai,12-08-2025,15-08-2026,Books,2,2793.41,1396.7,0,No,1,0.5,30,60,12,7,0.133,Debit Card,Windows Laptop,Direct,None,Standard,1,4.2,Low,No
CUST102492,Sai Andra,35,Female,Karnataka,Bengaluru,01-12-2025,15-08-2026,Fashion,6,19195.45,3199.24,6424.66,Yes,1,0.17,18,108,19,12,0.333,Debit Card,Android,Google Ads,None,Express,0,3.9,Medium,No
CUST102493,Anmol Mand,34,Male,Madhya Pradesh,Bhopal,29-03-2026,25-04-2026,Mobile Accessories,5,12455.9,2491.18,0,No,0,0,18,90,12,5,0.167,Credit Card,MacBook,YouTube,Gold,Standard,2,3.2,Medium,No
CUST102494,Rehaan Chana,33,Male,Telangana,Hyderabad,03-08-2024,31-12-2025,Fashion,6,2373.96,395.66,218.25,Yes,0,0,23,138,23,9,0.261,Net Banking,Android,Instagram,None,Express,0,4.3,Medium,Yes
CUST102495,Timothy Kaur,27,Male,Rajasthan,Jodhpur,06-02-2025,18-03-2025,Mobile Accessories,8,6827.47,853.43,0,No,2,0.25,24,120,26,9,0.292,UPI,Android,Direct,Silver,Express,0,5,Medium,No
CUST102496,Janani Bansal,31,Female,Rajasthan,Jodhpur,09-10-2024,10-04-2026,Electronics,4,5501.84,1375.46,433.51,Yes,0,0,18,36,4,2,0.056,UPI,Windows Laptop,Google Ads,Silver,Express,0,4.8,Medium,Yes
CUST102497,Waida Kadakia,25,Male,Uttar Pradesh,Noida,10-04-2026,09-07-2026,Grocery,4,6570.88,1642.72,2325.75,Yes,0,0,27,54,7,4,0.074,Credit Card,Tablet,Referral,Gold,Same Day,1,3.8,Medium,Yes
CUST102498,Rohan Randhawa,31,Female,Haryana,Gurugram,26-07-2025,10-08-2026,Beauty & Personal Care,3,3929.6,1309.87,1735.87,Yes,2,0.67,19,38,3,1,0.053,Credit Card,Android,YouTube,None,Standard,3,4,Low,No
CUST102499,Arunima Tella,18,Female,Andhra Pradesh,Vijayawada,26-07-2025,15-08-2026,Home & Kitchen,5,2794.82,558.96,496.36,Yes,0,0,19,114,23,13,0.474,UPI,Windows Laptop,YouTube,Silver,Same Day,2,4.2,Medium,No
CUST102500,Onkar Hari,34,Female,Gujarat,Vadodara,02-08-2024,16-11-2024,Fashion,10,4540.79,454.08,0,No,1,0.1,24,72,11,4,0.042,UPI,Windows Laptop,Email,Gold,Standard,1,4.1,Medium,No
CUST102501,Dhruv Dave,30,Male,Punjab,Amritsar,16-01-2025,23-10-2025,Grocery,9,10250.74,1138.97,2834.02,Yes,1,0.11,15,45,4,1,0.067,UPI,MacBook,Organic Search,None,Standard,3,3.7,Medium,No
CUST102502,Joshua Lad,28,Male,Madhya Pradesh,Indore,14-02-2024,10-09-2025,Fashion,8,9945.47,1243.18,0,No,1,0.12,14,84,13,7,0.214,Cash on Delivery,iPhone,Email,Silver,Express,1,4.4,Medium,No
CUST102503,Anusha Handa,33,Male,Uttar Pradesh,Lucknow,20-06-2024,15-11-2025,Beauty & Personal Care,4,11417.42,2854.36,4907.09,Yes,0,0,22,88,12,5,0.136,UPI,iPhone,Organic Search,None,Express,1,3.5,Medium,No
CUST102504,Zayyan Setty,20,Female,Jharkhand,Jamshedpur,08-08-2024,08-02-2025,Fashion,3,4518,1506,0,No,0,0,18,72,8,4,0.111,Wallet,Android,Referral,None,Express,1,4.3,Low,No
CUST102505,Prisha Ben,46,Female,Karnataka,Mangaluru,19-01-2025,14-01-2026,Mobile Accessories,5,10409.2,2081.84,0,No,1,0.2,20,100,8,5,0.1,Cash on Delivery,Android,Organic Search,None,Standard,2,5,Medium,No
CUST102506,Rachana Ray,30,Female,Maharashtra,Pune,04-04-2024,02-12-2024,Electronics,5,8437.3,1687.46,2090.24,Yes,0,0,22,66,7,5,0.136,Cash on Delivery,Windows Laptop,YouTube,Silver,Express,3,3.7,Medium,Yes
CUST102507,Jairaj Vasa,30,Male,Punjab,Ludhiana,08-05-2026,15-08-2026,Fashion,5,6201.02,1240.2,2198.14,Yes,1,0.2,24,144,15,7,0.125,Net Banking,iPhone,Organic Search,Silver,Standard,0,4.2,Medium,No
CUST102508,Warhi Pathak,23,Female,Gujarat,Surat,13-02-2024,18-05-2025,Fashion,4,11257.56,2814.39,0,No,1,0.25,15,30,5,2,0.067,UPI,Android,Referral,None,Standard,1,4.3,Medium,Yes
CUST102509,Udarsh Batta,31,Male,Punjab,Ludhiana,15-08-2024,29-01-2026,Home & Kitchen,7,6035.36,862.19,0,No,0,0,26,78,9,3,0.077,Cash on Delivery,Windows Laptop,Google Ads,None,Standard,1,4.6,Medium,Yes
CUST102510,Osha Walia,42,Male,Haryana,Faridabad,27-07-2025,20-12-2025,Fashion,6,7029.85,1171.64,2077.29,Yes,0,0,34,204,44,28,0.559,UPI,Android,Referral,Gold,Standard,2,3.6,Medium,Yes
CUST102511,Diya Ahluwalia,39,Female,West Bengal,Durgapur,12-11-2024,29-07-2025,Home & Kitchen,3,3827.69,1275.9,1672.5,Yes,0,0,14,56,5,3,0.143,Credit Card,Windows Laptop,Instagram,Silver,Standard,1,3,Low,No
CUST102512,Robert Natt,38,Male,Haryana,Faridabad,31-12-2025,15-04-2026,Books,3,2324.15,774.72,846.23,Yes,0,0,19,76,15,9,0.263,UPI,Android,Organic Search,Silver,Standard,,5,Low,No
CUST102513,Aryan Kara,35,Female,Gujarat,Surat,30-11-2024,19-04-2025,Grocery,3,1828.67,609.56,96.79,Yes,0,0,22,88,11,5,0.136,Credit Card,iPhone,Instagram,None,Standard,1,4.6,Low,Yes
CUST102514,Falan Krish,28,Female,Rajasthan,Jodhpur,23-08-2025,15-08-2026,Beauty & Personal Care,8,5977.53,747.19,836.71,Yes,1,0.12,19,95,20,11,0.263,UPI,Android,Organic Search,Platinum,Express,0,3.5,Medium,No
CUST102515,Nitesh Narayan,19,Female,Bihar,Patna,15-09-2025,29-05-2026,Electronics,6,3993.78,665.63,910.6,Yes,0,0,22,132,25,10,0.227,Wallet,iPhone,Direct,None,Standard,1,2.9,Medium,No
CUST102516,Dev Chatterjee,29,Male,Assam,Guwahati,19-12-2025,15-08-2026,Grocery,3,4199.99,1400,1396.53,Yes,1,0.33,28,168,27,17,0.25,Debit Card,Windows Laptop,YouTube,Gold,Express,0,3.7,Low,No
CUST102517,Varsha Sankaran,29,Male,West Bengal,Kolkata,11-04-2025,17-05-2026,Electronics,4,6054.22,1513.56,1647.35,Yes,0,0,27,54,10,6,0.111,UPI,iPhone,Instagram,None,Standard,1,4.4,Medium,No
CUST102518,Gaurika Krishna,39,Male,Rajasthan,Jodhpur,28-05-2026,18-06-2026,Grocery,4,2659.03,664.76,0,No,1,0.25,19,114,23,16,0.474,UPI,Android,Direct,Gold,Standard,2,3.4,Medium,No
CUST102519,Hritik Solanki,33,Male,Odisha,Bhubaneswar,28-03-2026,08-07-2026,Fashion,5,6857.59,1371.52,2367.98,Yes,1,0.2,24,48,10,5,0.083,UPI,Android,Google Ads,Silver,Express,1,4.3,Medium,No
CUST102520,Harini Bhagat,44,Female,Kerala,Kozhikode,15-12-2025,15-08-2026,Home & Kitchen,3,3786.62,1262.21,1459.69,Yes,0,0,19,76,7,4,0.158,Cash on Delivery,Android,Organic Search,Platinum,Standard,1,4.1,Low,No
CUST102521,Zinal Khalsa,41,Female,Odisha,Bhubaneswar,23-10-2024,31-03-2025,Fashion,6,14611.36,2435.23,1933.13,Yes,0,0,28,84,13,7,0.143,Credit Card,Windows Laptop,YouTube,None,Express,0,4.2,Medium,No
CUST102522,Reva Chandran,27,Male,Maharashtra,Nagpur,28-06-2025,15-08-2026,Sports & Fitness,3,3222.49,1074.16,248.03,Yes,0,0,25,100,13,8,0.12,Net Banking,Android,Direct,Platinum,Standard,5,5,Low,No
CUST102523,Jeet Chada,18,Female,Tamil Nadu,Chennai,03-05-2025,13-04-2026,Electronics,5,17726.72,3545.34,6494.77,Yes,0,0,21,126,16,9,0.238,UPI,Android,YouTube,None,Express,0,5,Medium,No
CUST102524,Bahadurjit Purohit,42,Female,Telangana,Hyderabad,02-08-2024,27-01-2025,Beauty & Personal Care,6,10134.06,1689.01,3102.83,Yes,0,0,14,28,4,2,0.071,Credit Card,MacBook,Organic Search,None,Express,2,3.4,Medium,Yes
CUST102525,Dhruv Datta,42,Male,Madhya Pradesh,Bhopal,07-06-2025,29-05-2026,Electronics,7,7881.94,1125.99,0,No,0,0,31,124,18,7,0.129,Credit Card,MacBook,Direct,Silver,Standard,1,3.3,Medium,No
CUST102526,Riya Bhakta,20,Male,Tamil Nadu,Chennai,02-01-2024,17-01-2024,Grocery,9,9063.88,1007.1,2507.42,Yes,0,0,28,168,32,21,0.5,Wallet,Tablet,Google Ads,Silver,Same Day,0,3.5,Medium,Yes
CUST102527,Rachana Bhatti,43,Male,Karnataka,Mangaluru,24-05-2026,15-08-2026,Books,6,11947.53,1991.26,2645.36,Yes,0,0,22,132,16,10,0.364,Debit Card,iPhone,Direct,None,Standard,0,3.7,Medium,No
CUST102528,Daksh Ben,34,Female,Jharkhand,Jamshedpur,22-10-2025,15-08-2026,Home & Kitchen,9,10313.94,1145.99,4488.95,Yes,0,0,35,70,10,4,0.029,Credit Card,iPhone,Direct,Silver,Express,0,4.7,Medium,No
CUST102529,Lakshmi Ratti,32,Female,West Bengal,Durgapur,15-10-2025,15-08-2026,Home & Kitchen,6,8173.57,1362.26,2958.7,Yes,0,0,18,90,19,10,0.389,Credit Card,Android,Referral,Platinum,Standard,0,3.9,Medium,No
CUST102530,Nirja Kaul,44,Female,Andhra Pradesh,Vijayawada,12-03-2026,15-08-2026,Books,5,5044.69,1008.94,0,No,1,0.2,15,45,4,2,0.067,Debit Card,Android,Google Ads,Gold,Standard,,3.9,Medium,No
CUST102531,Sudiksha Rajagopalan,42,Male,Odisha,Cuttack,25-07-2024,26-09-2024,Home & Kitchen,6,5144.7,857.45,2124.8,Yes,0,0,20,100,11,5,0.15,Net Banking,iPhone,Organic Search,Gold,Express,0,5,Medium,Yes
CUST102532,Priya Chaudhuri,36,Female,Punjab,Amritsar,06-12-2024,12-11-2025,Home & Kitchen,4,2691.38,672.84,1204.12,Yes,0,0,25,100,9,4,0.08,UPI,Android,Referral,Gold,Standard,0,4.3,Medium,No
CUST102533,Atharv Setty,35,Male,Tamil Nadu,Madurai,04-12-2025,15-08-2026,Beauty & Personal Care,9,28269.16,3141.02,4898.89,Yes,0,0,19,95,8,4,0.105,UPI,Tablet,Organic Search,None,Standard,1,4.5,High,No
CUST102534,Reyansh Chokshi,36,Other,West Bengal,Howrah,10-02-2025,27-02-2026,Grocery,6,6306.55,1051.09,2566.71,Yes,1,0.17,11,22,1,1,0.091,UPI,Windows Laptop,Referral,Silver,Express,0,3.1,Medium,No
CUST102535,Advik Bir,28,Female,Kerala,Kozhikode,02-05-2026,15-08-2026,Electronics,4,5788.69,1447.17,0,No,1,0.25,25,75,9,4,0.08,Credit Card,Android,Google Ads,Gold,Standard,1,4.1,Medium,No
CUST102536,Jonathan Upadhyay,31,Male,Punjab,Amritsar,01-11-2024,09-12-2024,Sports & Fitness,7,14464.14,2066.31,1963.36,Yes,1,0.14,17,85,16,5,0.118,UPI,Android,Organic Search,None,Standard,0,3.8,Medium,No
CUST102537,Isha Sama,24,Female,Kerala,Thiruvananthapuram,21-05-2025,24-03-2026,Home & Kitchen,8,25826.96,3228.37,2953.7,Yes,1,0.12,23,115,13,8,0.174,UPI,Android,YouTube,Silver,Standard,0,3.2,High,Yes
CUST102538,Sai Grewal,28,Female,Maharashtra,Nashik,13-04-2025,20-07-2026,Electronics,5,5729.64,1145.93,1103.74,Yes,3,0.6,24,72,9,5,0.125,Debit Card,Android,YouTube,Silver,Standard,0,3.9,Medium,No
CUST102539,Laksh Basu,28,Female,Kerala,Thiruvananthapuram,02-02-2026,20-04-2026,Grocery,4,1290.16,322.54,354.86,Yes,0,0,27,108,21,9,0.222,Cash on Delivery,Tablet,Instagram,None,Express,2,3.6,Medium,Yes
CUST102540,Joshua Muni,26,Male,Madhya Pradesh,Indore,16-12-2025,15-08-2026,Fashion,6,8878.69,1479.78,0,No,0,0,17,34,3,1,0.059,UPI,Android,Organic Search,Silver,Standard,1,4.5,Medium,Yes
CUST102541,Yochana Parmar,32,Male,Bihar,Gaya,23-05-2026,15-08-2026,Electronics,6,9597.64,1599.61,3945.8,Yes,2,0.33,27,81,9,4,0.074,Credit Card,Android,Direct,None,Express,0,4.1,Medium,No
CUST102542,Madhav Din,28,Female,Madhya Pradesh,Indore,11-07-2025,15-08-2026,Beauty & Personal Care,4,3872.14,968.04,439.17,Yes,2,0.5,20,80,14,5,0.15,Wallet,MacBook,Organic Search,Silver,Standard,2,4.1,Medium,Yes
CUST102543,Dayamai Oza,35,Female,Punjab,Amritsar,04-06-2026,15-08-2026,Books,2,3886.45,1943.22,1093.31,Yes,0,0,18,54,9,5,0.111,UPI,Android,Organic Search,None,Express,1,3,Low,Yes
CUST102544,Jyoti Anand,18,Male,Uttar Pradesh,Varanasi,09-05-2025,15-08-2026,Books,5,6943.69,1388.74,1887.83,Yes,0,0,11,22,2,1,0.091,UPI,Android,Google Ads,Silver,Express,,4.7,Medium,No
CUST102545,Dakshesh Khanna,30,Female,Maharashtra,Nashik,17-09-2024,18-06-2025,Mobile Accessories,6,6690.48,1115.08,1561.49,Yes,1,0.17,25,50,4,1,0.04,Credit Card,Android,Google Ads,Silver,Standard,2,2.9,Medium,Yes
CUST102546,Pahal Padmanabhan,32,Male,Rajasthan,Jaipur,31-07-2025,15-08-2026,Sports & Fitness,6,18699.85,3116.64,0,No,1,0.17,19,95,12,6,0.211,UPI,Android,Organic Search,Silver,Same Day,1,3.7,Medium,No
CUST102547,Sai Jaggi,29,Female,Maharashtra,Nashik,23-10-2025,09-05-2026,Electronics,5,6030.65,1206.13,0,No,1,0.2,22,110,19,8,0.182,Credit Card,Android,Direct,None,Standard,0,3.9,Medium,No
CUST102548,Harita Gulati,30,Male,Gujarat,Surat,04-08-2025,05-10-2025,Home & Kitchen,5,18731.77,3746.35,0,No,0,0,17,102,18,6,0.176,Cash on Delivery,Android,Direct,Silver,Express,2,4.4,Medium,Yes
CUST102549,Unni Narula,18,Male,Gujarat,Surat,29-12-2024,08-06-2025,Sports & Fitness,7,11119.59,1588.51,4573.85,Yes,1,0.14,25,150,20,9,0.28,UPI,Android,Email,None,Standard,1,3.9,Medium,Yes
CUST102550,Chandani Sahota,34,Male,West Bengal,Howrah,28-05-2025,15-08-2026,Fashion,5,4597.85,919.57,0,No,0,0,16,80,10,6,0.125,UPI,Windows Laptop,Google Ads,Silver,Standard,0,3.5,Medium,No
CUST102551,Nicholas Cheema,36,Male,Telangana,Warangal,24-06-2025,15-08-2026,Beauty & Personal Care,7,3188.19,455.46,895.67,Yes,1,0.14,18,36,6,3,0.111,Debit Card,Windows Laptop,Google Ads,Silver,Standard,1,4.7,Medium,No
CUST102552,Brijesh Tandon,35,Female,Maharashtra,Nagpur,06-02-2026,15-08-2026,Beauty & Personal Care,8,18640.75,2330.09,0,No,0,0,18,72,15,6,0.167,Net Banking,Android,Direct,None,Express,0,2.9,High,No
CUST102553,Aarush Kapoor,39,Female,Madhya Pradesh,Indore,26-07-2025,15-08-2026,Fashion,6,12563.91,2093.98,5446.21,Yes,0,0,21,105,20,7,0.143,Cash on Delivery,Android,Organic Search,Platinum,Standard,0,,Medium,No
CUST102554,Unnati Kala,33,Male,Jharkhand,Jamshedpur,03-09-2025,04-05-2026,Books,3,6039.74,2013.25,1806.37,Yes,2,0.67,23,138,15,10,0.217,Debit Card,Windows Laptop,Organic Search,None,Standard,0,4.4,Low,No
CUST102555,Vasana Narula,35,Male,West Bengal,Howrah,14-06-2026,15-08-2026,Home & Kitchen,4,11891.03,2972.76,4435.23,Yes,1,0.25,12,24,5,2,0.083,Cash on Delivery,Windows Laptop,Google Ads,Gold,Standard,0,,Medium,No
CUST102556,Samesh Ratta,32,Female,Jharkhand,Ranchi,30-03-2025,15-08-2026,Home & Kitchen,9,27240.46,3026.72,1961.55,Yes,0,0,15,45,7,2,0.067,UPI,Android,Direct,None,Standard,1,4.1,High,No
CUST102557,Abeer Patil,37,Male,Uttar Pradesh,Varanasi,23-05-2024,17-05-2025,Mobile Accessories,3,1389.88,463.29,568.09,Yes,1,0.33,26,130,12,7,0.192,Credit Card,MacBook,Organic Search,Platinum,Standard,,3.8,Low,Yes
CUST102558,Ethan Parmar,18,Male,Tamil Nadu,Chennai,10-07-2024,17-03-2026,Home & Kitchen,6,3344.46,557.41,1094.97,Yes,0,0,24,120,15,8,0.25,UPI,Windows Laptop,YouTube,Silver,Standard,0,,Medium,Yes
CUST102559,Ishwar Dhar,24,Female,Maharashtra,Nashik,14-05-2026,15-08-2026,Electronics,6,6938.09,1156.35,2249.12,Yes,0,0,18,72,13,5,0.167,UPI,Android,Email,Gold,Express,1,3.3,Medium,No
CUST102560,Ria Hayer,44,Female,Rajasthan,Jodhpur,18-12-2024,14-01-2026,Home & Kitchen,2,4457.9,2228.95,0,No,2,1,18,36,7,2,0.056,UPI,MacBook,Organic Search,None,Same Day,0,3.4,Low,Yes
CUST102561,Caleb Balan,18,Female,Madhya Pradesh,Indore,20-02-2026,17-06-2026,Sports & Fitness,4,5446.76,1361.69,1825.46,Yes,0,0,18,72,11,7,0.167,Credit Card,iPhone,Organic Search,Gold,Standard,0,3.2,Medium,No
CUST102562,Rudra Mander,30,Male,Odisha,Cuttack,25-10-2024,01-07-2026,Grocery,7,10249.94,1464.28,826.71,Yes,0,0,20,60,5,2,0.05,Debit Card,MacBook,Google Ads,Platinum,Standard,0,4.8,Medium,No
CUST102563,Theodore Lala,40,Female,West Bengal,Kolkata,04-04-2025,11-05-2025,Grocery,6,5449.05,908.18,0,No,0,0,29,58,5,2,0.034,UPI,Windows Laptop,YouTube,Silver,Express,1,4.6,Medium,No
CUST102564,Harinakshi Korpal,30,Other,West Bengal,Durgapur,02-03-2025,03-01-2026,Grocery,6,5669.61,944.94,1021.32,Yes,3,0.5,18,72,9,3,0.111,Net Banking,Android,Organic Search,Gold,Same Day,0,3.9,Medium,Yes
CUST102565,Rohan Bains,28,Male,Gujarat,Ahmedabad,17-04-2026,15-08-2026,Fashion,3,3851.87,1283.96,0,No,0,0,18,54,4,2,0.056,Debit Card,Android,Instagram,Silver,Standard,1,2.4,Low,No
CUST102566,Adweta Chaudhuri,32,Female,Tamil Nadu,Coimbatore,02-04-2026,15-08-2026,Sports & Fitness,4,4266.73,1066.68,0,No,0,0,17,51,7,2,0.059,Cash on Delivery,Android,Organic Search,None,Standard,1,3.7,Medium,No
CUST102567,Laksh Raghavan,28,Female,Delhi,New Delhi,16-12-2025,15-08-2026,Books,6,5228.71,871.45,1780.12,Yes,0,0,25,125,23,15,0.32,UPI,Windows Laptop,Referral,Gold,Standard,0,4.5,Medium,No
CUST102568,Hamsini Kade,31,Male,Tamil Nadu,Chennai,26-01-2026,15-08-2026,Fashion,4,7697.93,1924.48,2955.78,Yes,1,0.25,19,38,5,2,0.053,Debit Card,iPhone,Google Ads,Gold,Standard,0,4.1,Medium,No
CUST102569,Tanmayi Khatri,26,Male,Madhya Pradesh,Bhopal,31-01-2024,25-11-2024,Electronics,6,8786.92,1464.49,1070.32,Yes,0,0,25,75,14,5,0.12,UPI,Android,Organic Search,Gold,Standard,1,3.4,Medium,Yes
CUST102570,Kashish Garg,40,Female,Jharkhand,Jamshedpur,27-11-2024,20-10-2025,Mobile Accessories,3,5660.94,1886.98,2147.3,Yes,0,0,13,52,8,4,0.154,Credit Card,Windows Laptop,Email,None,Standard,0,3.8,Low,No
CUST102571,Dhruv Dani,42,Male,Gujarat,Surat,14-02-2025,09-08-2025,Sports & Fitness,3,3417.11,1139.04,0,No,0,0,18,36,3,1,0.056,Debit Card,Windows Laptop,Organic Search,Silver,Standard,0,4.6,Low,Yes
CUST102572,Kalpit Gupta,30,Male,Assam,Dibrugarh,21-02-2024,17-10-2025,Books,5,11600.41,2320.08,0,No,0,0,21,63,6,2,0.048,Debit Card,Windows Laptop,Instagram,None,Express,0,5,Medium,Yes
CUST102573,Kritika Prasad,20,Male,Tamil Nadu,Madurai,18-01-2025,03-06-2025,Books,5,3768.23,753.65,0,No,0,0,22,110,14,8,0.273,UPI,Windows Laptop,Organic Search,None,Same Day,1,4.9,Medium,No
CUST102574,Pushti Konda,27,Male,Rajasthan,Udaipur,30-08-2024,07-01-2026,Beauty & Personal Care,4,2330.7,582.67,166.47,Yes,0,0,14,84,13,8,0.357,UPI,iPhone,Google Ads,None,Express,0,,Medium,No
CUST102575,Ranbir Wason,30,Male,Delhi,Delhi,13-02-2026,19-06-2026,Beauty & Personal Care,4,4313.68,1078.42,0,No,0,0,18,108,18,7,0.167,UPI,Android,Organic Search,Silver,Standard,0,3.4,Medium,No
CUST102576,Manthan Narang,35,Female,Bihar,Muzaffarpur,16-11-2025,27-07-2026,Beauty & Personal Care,6,10666.32,1777.72,0,No,1,0.17,22,132,13,5,0.136,Debit Card,Android,Google Ads,None,Standard,1,3.7,Medium,No
CUST102577,Chatresh Mammen,23,Male,Andhra Pradesh,Visakhapatnam,03-09-2025,15-04-2026,Electronics,7,7724.56,1103.51,0,No,0,0,27,81,8,3,0.037,UPI,Windows Laptop,Direct,Gold,Standard,,5,Medium,No
CUST102578,Yashoda Suresh,25,Other,Uttar Pradesh,Noida,20-02-2025,18-02-2026,Grocery,5,22544.45,4508.89,5742.47,Yes,1,0.2,23,69,5,2,0.043,Cash on Delivery,Windows Laptop,Google Ads,Silver,Standard,0,4,Medium,Yes
CUST102579,Finn Singhal,35,Male,Telangana,Warangal,19-04-2025,15-08-2026,Home & Kitchen,7,5219.56,745.65,1983.78,Yes,0,0,22,88,8,2,0.045,Credit Card,iPhone,Organic Search,Silver,Standard,0,2.4,Medium,No
CUST102580,Oliver Trivedi,39,Male,Bihar,Muzaffarpur,26-01-2025,11-02-2025,Beauty & Personal Care,3,4121.6,1373.87,331.38,Yes,0,0,26,156,28,17,0.269,Cash on Delivery,Tablet,Direct,Silver,Standard,0,2.7,Low,Yes
CUST102581,Yashodhara Prasad,26,Male,Maharashtra,Pune,23-01-2025,15-08-2026,Home & Kitchen,4,1950.18,487.54,527.43,Yes,0,0,22,132,11,4,0.091,Debit Card,Android,Google Ads,Silver,Standard,1,3.4,Medium,No
CUST102582,Zilmil Shetty,20,Male,Haryana,Faridabad,26-07-2025,15-08-2026,Home & Kitchen,5,17410.87,3482.17,3869.17,Yes,0,0,18,36,5,2,0.056,Wallet,Windows Laptop,Referral,Silver,Standard,2,2.1,Medium,No
CUST102583,Ekanta Prakash,57,Male,Rajasthan,Jaipur,21-05-2026,15-08-2026,Electronics,6,8135.35,1355.89,0,No,1,0.17,29,58,9,6,0.069,Credit Card,Windows Laptop,Direct,None,Standard,0,4.7,Medium,No
CUST102584,Warda Som,37,Female,Gujarat,Vadodara,30-11-2025,15-08-2026,Fashion,6,1863.59,310.6,0,No,0,0,19,57,12,8,0.211,Debit Card,Windows Laptop,Google Ads,Gold,Express,0,5,Medium,Yes
CUST102585,Nandini Bansal,29,Female,Uttar Pradesh,Kanpur,13-04-2025,15-08-2026,Electronics,5,4789.66,957.93,0,No,0,0,18,54,9,5,0.167,Credit Card,Android,YouTube,None,Standard,0,4.7,Medium,Yes
CUST102586,Theodore Jain,38,Male,Bihar,Gaya,11-02-2025,24-10-2025,Fashion,6,2179.89,363.32,342.78,Yes,1,0.17,23,115,20,12,0.391,UPI,Android,Organic Search,Platinum,Standard,,4.8,Medium,Yes
CUST102587,Wahab Randhawa,30,Male,West Bengal,Howrah,02-06-2025,09-08-2025,Mobile Accessories,7,17526.85,2503.84,4063.56,Yes,0,0,38,228,21,12,0.184,UPI,Android,Google Ads,None,Standard,2,4.8,Medium,No
CUST102588,Damini Sandal,38,Male,Odisha,Cuttack,07-07-2024,31-10-2025,Electronics,8,5811.76,726.47,1436.21,Yes,0,0,20,120,24,12,0.4,UPI,Android,Direct,None,Standard,1,3.2,Medium,Yes
CUST102589,Naksh Prasad,32,Female,Delhi,Delhi,17-08-2025,18-12-2025,Fashion,2,3123.99,1562,1055.74,Yes,0,0,23,69,8,3,0.043,Credit Card,Android,Email,Silver,Standard,1,4,Low,Yes
CUST102590,Frado Desai,32,Female,Kerala,Kozhikode,16-12-2024,06-10-2025,Beauty & Personal Care,4,4218.67,1054.67,1086.71,Yes,0,0,22,88,10,7,0.227,Cash on Delivery,Windows Laptop,Organic Search,Platinum,Standard,2,4.1,Medium,Yes
CUST102591,Chakrika Saxena,30,Male,Punjab,Amritsar,09-10-2024,19-12-2024,Beauty & Personal Care,2,2687.65,1343.82,802.24,Yes,0,0,21,42,6,4,0.095,UPI,Tablet,Organic Search,Silver,Standard,0,5,Low,No
CUST102592,Victor Barman,19,Male,Madhya Pradesh,Indore,27-09-2025,13-05-2026,Electronics,3,6810.72,2270.24,1427.07,Yes,0,0,23,138,24,16,0.435,Net Banking,Windows Laptop,YouTube,None,Standard,0,3.6,Low,Yes
CUST102593,Yauvani Nayar,47,Female,Uttar Pradesh,Noida,05-06-2024,09-11-2025,Sports & Fitness,7,6203.11,886.16,2093.22,Yes,1,0.14,23,92,11,7,0.217,Credit Card,Android,Organic Search,None,Standard,1,4.6,Medium,No
CUST102594,Shravya Sibal,23,Male,Rajasthan,Jodhpur,21-08-2025,02-10-2025,Grocery,5,7869.98,1574,1860,Yes,1,0.2,20,40,7,4,0.05,Credit Card,iPhone,Email,None,Standard,0,3.6,Medium,No
CUST102595,Nilima Pillai,20,Female,Maharashtra,Nagpur,27-05-2024,31-12-2024,Fashion,7,2135.05,305.01,296.95,Yes,0,0,20,100,11,7,0.2,UPI,iPhone,Instagram,None,Express,0,3.3,Medium,Yes
CUST102596,Edhitha Mahajan,29,Male,Madhya Pradesh,Bhopal,10-03-2024,20-09-2025,Fashion,7,4539.14,648.45,0,No,2,0.29,21,63,6,4,0.095,Wallet,Windows Laptop,Google Ads,Silver,Standard,2,3.3,Medium,No
CUST102597,Aryan Gola,23,Female,Tamil Nadu,Madurai,04-01-2025,23-11-2025,Mobile Accessories,4,4596.03,1149.01,0,No,1,0.25,21,84,14,6,0.19,UPI,Windows Laptop,Organic Search,Platinum,Same Day,1,2.9,Medium,Yes
CUST102598,Vivaan Lanka,31,Female,Rajasthan,Jodhpur,10-08-2025,15-08-2026,Sports & Fitness,9,8892.97,988.11,2676.75,Yes,2,0.22,27,54,11,7,0.185,UPI,Android,Instagram,Platinum,Standard,2,4,Medium,Yes
CUST102599,Jagrati Butala,37,Other,Tamil Nadu,Chennai,17-09-2025,15-08-2026,Grocery,5,12496.87,2499.37,3233.93,Yes,0,0,25,75,15,8,0.2,Debit Card,Android,Email,Gold,Standard,1,4.6,Medium,No
CUST102600,Yachana Varghese,39,Female,Maharashtra,Mumbai,29-05-2025,21-05-2026,Electronics,4,9045.98,2261.5,0,No,0,0,24,72,6,3,0.083,Debit Card,iPhone,Instagram,None,Standard,0,5,Medium,No
CUST102601,Aradhana Kari,38,Male,Bihar,Muzaffarpur,21-08-2024,10-04-2025,Home & Kitchen,3,8474.9,2824.97,0,No,0,0,22,132,17,6,0.227,Credit Card,Android,Organic Search,Platinum,Standard,0,4.6,Medium,Yes
CUST102602,Jagat Bora,29,Male,West Bengal,Durgapur,09-11-2025,15-08-2026,Beauty & Personal Care,6,7093.47,1182.25,0,No,0,0,21,42,5,3,0.048,Net Banking,Android,YouTube,None,Standard,1,3.5,Medium,Yes
CUST102603,Balvan Iyer,31,Male,Kerala,Thiruvananthapuram,02-09-2025,15-08-2026,Fashion,3,2822.4,940.8,573.72,Yes,0,0,27,81,11,5,0.111,UPI,Tablet,Google Ads,Silver,Standard,0,4.8,Low,No
CUST102604,Ronith Narayan,34,Other,Tamil Nadu,Coimbatore,27-09-2025,06-01-2026,Home & Kitchen,5,10433.96,2086.79,0,No,0,0,18,108,9,3,0.056,UPI,Android,Instagram,Gold,Standard,1,4.7,Medium,No
CUST102605,Chasmum Maharaj,18,Female,West Bengal,Kolkata,11-04-2025,26-05-2025,Beauty & Personal Care,8,5297.57,662.2,0,No,0,0,23,69,9,6,0.174,UPI,Windows Laptop,Organic Search,Silver,Standard,0,4,Medium,No
CUST102606,Lakshit Lal,36,Male,Rajasthan,Jodhpur,10-07-2025,01-11-2025,Fashion,6,7876.52,1312.75,1775.75,Yes,0,0,19,38,8,2,0.053,UPI,iPhone,Organic Search,Platinum,Standard,1,3.4,Medium,No
CUST102607,Chandani Manda,19,Male,West Bengal,Kolkata,12-06-2026,15-08-2026,Grocery,3,4488.06,1496.02,1645.07,Yes,3,1,24,72,11,4,0.042,Wallet,Tablet,Referral,None,Standard,1,2.9,Low,Yes
CUST102608,Netra Ravi,47,Female,Tamil Nadu,Madurai,15-04-2026,15-08-2026,Sports & Fitness,6,5343.06,890.51,2381.97,Yes,1,0.17,26,130,14,7,0.115,UPI,MacBook,Instagram,None,Same Day,0,3.5,Medium,No
CUST102609,Urmi Vala,28,Other,Odisha,Cuttack,13-10-2024,07-07-2026,Fashion,5,25358.22,5071.64,0,No,0,0,19,95,18,12,0.474,Debit Card,Android,Google Ads,None,Express,0,4.2,Medium,No
CUST102610,Mitali Kari,30,Female,West Bengal,Durgapur,09-09-2025,15-08-2026,Sports & Fitness,4,7489.13,1872.28,526.43,Yes,0,0,20,100,13,6,0.2,Wallet,Windows Laptop,Direct,None,Standard,0,5,Medium,No
CUST102611,Shaurya Som,25,Male,Punjab,Amritsar,20-10-2024,02-04-2026,Electronics,7,5700.62,814.37,1340.76,Yes,1,0.14,20,100,8,3,0.05,Net Banking,iPhone,Organic Search,Gold,Express,0,3.5,Medium,No
CUST102612,Zaitra Sidhu,26,Male,West Bengal,Kolkata,25-04-2025,15-08-2026,Sports & Fitness,5,12331.99,2466.4,0,No,0,0,18,72,9,4,0.167,Credit Card,Android,Direct,Silver,Standard,0,4.2,Medium,No
CUST102613,Harini Chada,49,Male,Delhi,Delhi,13-05-2024,23-04-2025,Electronics,4,14280.44,3570.11,4522.62,Yes,0,0,13,39,7,4,0.231,UPI,iPhone,Email,Silver,Standard,0,4.5,Medium,No
CUST102614,Raghav Sanghvi,39,Female,Kerala,Kozhikode,08-01-2024,03-08-2024,Electronics,7,4749.65,678.52,1176.5,Yes,0,0,25,75,8,5,0.12,Debit Card,Android,Instagram,None,Standard,1,3.6,Medium,Yes
CUST102615,Shaurya Sarna,19,Other,Tamil Nadu,Madurai,28-01-2024,20-08-2024,Beauty & Personal Care,5,15424.32,3084.86,0,No,0,0,20,60,7,4,0.1,UPI,Android,Instagram,None,Same Day,0,3.2,Medium,No
CUST102616,Ayushman Prasad,43,Female,Maharashtra,Pune,21-02-2026,15-08-2026,Home & Kitchen,5,3960.6,792.12,0,No,1,0.2,19,57,6,3,0.053,UPI,Android,Organic Search,Gold,Standard,0,4.1,Medium,Yes
CUST102617,Kabir Mody,41,Female,Telangana,Hyderabad,04-01-2026,19-01-2026,Books,3,4169.07,1389.69,0,No,0,0,28,168,34,18,0.321,Net Banking,Android,Google Ads,Silver,Standard,0,3.4,Low,No
CUST102618,Xalak Pant,29,Female,Delhi,New Delhi,03-06-2025,15-08-2026,Fashion,7,10032.15,1433.16,1358.17,Yes,0,0,22,88,10,7,0.136,Debit Card,Android,Instagram,None,Same Day,0,3,Medium,Yes
CUST102619,Umang Saini,33,Female,Punjab,Chandigarh,05-11-2024,17-02-2025,Fashion,5,4258.45,851.69,0,No,0,0,24,72,8,5,0.125,Wallet,iPhone,Google Ads,Gold,Standard,1,5,Medium,No
CUST102620,Netra Yogi,31,Female,Tamil Nadu,Madurai,07-10-2025,15-08-2026,Home & Kitchen,6,5108.95,851.49,0,No,0,0,23,138,28,18,0.435,Wallet,Android,Direct,None,Standard,0,3.7,Medium,No
CUST102621,Eshana Bajaj,47,Female,Madhya Pradesh,Bhopal,24-06-2025,15-08-2026,Home & Kitchen,5,3685.7,737.14,0,No,0,0,31,124,27,18,0.387,Credit Card,Tablet,Organic Search,None,Standard,4,4.4,Medium,No
CUST102622,Liam Dube,25,Male,Haryana,Faridabad,18-09-2025,26-01-2026,Fashion,6,6508.79,1084.8,1174.23,Yes,1,0.17,23,138,22,15,0.478,Debit Card,Android,Google Ads,None,Standard,0,4.3,Medium,No
CUST102623,Mahika Raj,32,Female,Gujarat,Vadodara,08-05-2025,03-08-2025,Grocery,6,4948.75,824.79,1088.73,Yes,0,0,19,95,20,9,0.263,Debit Card,iPhone,Direct,Silver,Express,1,3.2,Medium,No
CUST102624,Mahika Bhatt,28,Male,Assam,Dibrugarh,03-02-2024,22-07-2024,Grocery,4,9215.25,2303.81,4113.18,Yes,1,0.25,25,125,23,16,0.32,UPI,Android,Organic Search,Silver,Standard,1,4.3,Medium,No
CUST102625,Raghav Soman,20,Male,Telangana,Warangal,07-01-2024,30-03-2024,Sports & Fitness,7,4803.31,686.19,415.46,Yes,2,0.29,14,84,8,3,0.071,Debit Card,Android,Instagram,Gold,Standard,0,4.3,Medium,Yes
CUST102626,Falguni Seth,49,Female,Andhra Pradesh,Visakhapatnam,09-02-2024,08-06-2025,Mobile Accessories,2,7394.42,3697.21,0,No,0,0,24,72,12,8,0.167,UPI,Android,Referral,Platinum,Standard,0,4.2,Medium,Yes
CUST102627,Girik Garg,22,Female,Maharashtra,Mumbai,25-11-2024,15-04-2026,Fashion,8,8478.33,1059.79,1414.19,Yes,0,0,13,52,9,3,0.154,Cash on Delivery,iPhone,Google Ads,None,Same Day,1,4.1,Medium,No
CUST102628,Peter Balay,33,Female,Odisha,Cuttack,02-03-2024,10-01-2025,Grocery,2,718.4,359.2,315.95,Yes,1,0.5,25,50,9,5,0.12,Net Banking,Android,Email,Silver,Standard,0,4.5,Low,No
CUST102629,Avi Grover,18,Male,Rajasthan,Udaipur,26-03-2024,31-08-2024,Home & Kitchen,3,5399.34,1799.78,1149.36,Yes,0,0,33,198,30,17,0.424,UPI,Windows Laptop,Organic Search,Gold,Standard,0,4.4,Low,Yes
CUST102630,Ekaraj Raju,28,Female,Telangana,Warangal,25-12-2025,02-08-2026,Grocery,9,8793.33,977.04,2433.9,Yes,0,0,24,144,21,15,0.458,Debit Card,Windows Laptop,Direct,None,Standard,0,4.5,Medium,No
CUST102631,Samesh Kaul,34,Female,Bihar,Patna,25-04-2024,20-06-2025,Home & Kitchen,7,5587.5,798.21,722.2,Yes,0,0,22,132,25,11,0.318,Debit Card,Android,YouTube,None,Standard,0,3.3,Medium,Yes
CUST102632,Ekaraj Sha,24,Male,Odisha,Bhubaneswar,30-07-2025,15-08-2026,Mobile Accessories,6,7386.71,1231.12,406.88,Yes,1,0.17,19,57,10,5,0.158,UPI,MacBook,Google Ads,Platinum,Express,0,2.9,Medium,Yes
CUST102633,Jyoti Vasa,36,Female,West Bengal,Howrah,23-10-2024,30-08-2025,Grocery,4,3148.71,787.18,584.74,Yes,0,0,22,132,25,10,0.273,UPI,Android,Organic Search,Gold,Express,1,3.7,Medium,No
CUST102634,Onveer Narain,29,Male,Karnataka,Mysuru,13-01-2025,15-08-2026,Mobile Accessories,4,9970.01,2492.5,3046.97,Yes,0,0,22,44,4,2,0.045,Net Banking,Android,YouTube,Silver,Standard,1,4,Medium,No
CUST102635,Mahika Dugar,40,Male,Kerala,Kochi,12-11-2025,15-08-2026,Sports & Fitness,7,6454.13,922.02,2108.02,Yes,0,0,21,105,22,11,0.333,UPI,iPhone,YouTube,None,Standard,1,4.7,Medium,No
CUST102636,Kai Yadav,42,Female,Bihar,Muzaffarpur,19-09-2025,17-02-2026,Books,6,4432.52,738.75,1558.25,Yes,0,0,21,105,19,10,0.333,Cash on Delivery,Android,Instagram,None,Standard,1,5,Medium,No
CUST102637,Vanya Biswas,26,Male,Andhra Pradesh,Visakhapatnam,17-11-2024,08-07-2025,Sports & Fitness,6,5122.98,853.83,2019.81,Yes,0,0,17,68,9,3,0.118,Debit Card,iPhone,Direct,Silver,Standard,2,3.6,Medium,Yes
CUST102638,Samuel De,32,Male,Madhya Pradesh,Bhopal,19-09-2025,15-08-2026,Home & Kitchen,6,4735.66,789.28,0,No,1,0.17,16,64,10,6,0.25,Debit Card,Android,Google Ads,None,Standard,2,4.9,Medium,Yes
CUST102639,Dayita Sankaran,32,Male,Jharkhand,Ranchi,02-01-2026,15-08-2026,Fashion,4,11138.11,2784.53,925.77,Yes,0,0,20,100,16,7,0.25,UPI,Android,YouTube,Silver,Express,0,4.1,Medium,No
CUST102640,Nathan Mukherjee,36,Male,Odisha,Bhubaneswar,29-01-2025,24-06-2025,Fashion,13,21513.29,1654.87,7853.95,Yes,2,0.15,22,44,8,4,0.091,Cash on Delivery,MacBook,Organic Search,None,Express,0,3.7,High,No
CUST102641,Yadavi Shanker,31,Male,Tamil Nadu,Madurai,22-12-2024,03-01-2026,Electronics,7,4812.67,687.52,,Yes,0,0,25,50,8,4,0.08,UPI,Windows Laptop,Instagram,Silver,Standard,1,4.4,Medium,No
CUST102642,Saksham Amble,33,Male,Maharashtra,Nagpur,15-07-2025,08-07-2026,Home & Kitchen,4,2779.59,694.9,1192.02,Yes,0,0,24,72,14,8,0.167,Wallet,Android,Email,None,Express,0,,Medium,No
CUST102643,Sanaya Bhatt,29,Male,Madhya Pradesh,Bhopal,18-04-2026,20-05-2026,Home & Kitchen,2,2258.79,1129.4,965.39,Yes,0,0,23,115,15,6,0.087,Credit Card,Android,Referral,None,Standard,3,4.3,Low,No
CUST102644,Yatin Vora,32,Male,Bihar,Gaya,22-02-2025,28-04-2026,Home & Kitchen,8,3375.4,421.92,0,No,1,0.12,28,140,19,7,0.179,UPI,Windows Laptop,Instagram,Silver,Express,1,5,Medium,No
CUST102645,Vritti Sharma,41,Male,West Bengal,Howrah,22-04-2025,15-08-2026,Mobile Accessories,4,3059.11,764.78,998.77,Yes,0,0,21,84,8,3,0.095,UPI,Windows Laptop,Direct,Silver,Express,1,,Medium,No
CUST102646,Balveer Chand,36,Male,Telangana,Warangal,01-12-2024,09-06-2026,Books,5,7498.43,1499.69,576.2,Yes,0,0,26,78,11,6,0.192,UPI,Android,Direct,Gold,Same Day,1,4.3,Medium,No
CUST102647,Tanmayi Palan,37,Female,Jharkhand,Ranchi,13-08-2025,27-01-2026,Electronics,4,15712.23,3928.06,0,No,0,0,26,130,17,6,0.077,Net Banking,iPhone,Instagram,Platinum,Standard,1,2.9,Medium,Yes
CUST102648,Mahika Gill,37,Female,Rajasthan,Udaipur,20-01-2024,31-12-2024,Fashion,4,1711.95,427.99,661.98,Yes,0,0,22,88,15,7,0.227,UPI,Android,Google Ads,None,Standard,,3,Medium,Yes
CUST102649,Zaid Gola,30,Male,Gujarat,Ahmedabad,15-02-2025,14-01-2026,Home & Kitchen,7,44860.55,6408.65,0,No,0,0,19,76,12,8,0.211,Net Banking,iPhone,YouTube,None,Standard,2,4,Medium,Yes
CUST102650,Tanvi Rajagopalan,34,Female,Gujarat,Ahmedabad,09-06-2026,15-08-2026,Fashion,3,5351.06,1783.69,339.5,Yes,1,0.33,15,60,12,4,0.133,Credit Card,Windows Laptop,Direct,Gold,Standard,,3.5,Low,No
CUST102651,Girish Ramaswamy,22,Other,Karnataka,Bengaluru,02-07-2025,15-08-2026,Sports & Fitness,6,4898.27,816.38,715.79,Yes,1,0.17,15,60,6,3,0.067,Debit Card,iPhone,Organic Search,Silver,Express,1,5,Medium,Yes
CUST102652,Wriddhish Dugar,41,Female,Telangana,Warangal,15-09-2024,09-10-2024,Home & Kitchen,4,13350.74,3337.68,0,No,1,0.25,13,26,5,2,0.077,Cash on Delivery,iPhone,Google Ads,None,Express,2,4.7,Medium,Yes
CUST102653,Bishakha Bhavsar,18,Male,Telangana,Hyderabad,27-08-2025,27-01-2026,Beauty & Personal Care,7,11993.07,1713.3,2558.05,Yes,0,0,24,144,15,10,0.292,Credit Card,Android,Instagram,None,Same Day,0,4.4,Medium,No
CUST102654,Wakeeta Sabharwal,30,Female,West Bengal,Siliguri,29-11-2025,29-05-2026,Sports & Fitness,4,9478.8,2369.7,3115.49,Yes,1,0.25,18,72,13,8,0.167,Credit Card,Android,Direct,None,Standard,1,4,Medium,Yes
CUST102655,Jyoti Bose,40,Male,Madhya Pradesh,Indore,22-12-2024,01-06-2025,Sports & Fitness,4,7842.53,1960.63,0,No,4,1,24,48,7,2,0.042,Cash on Delivery,Windows Laptop,Email,Silver,Standard,0,3.4,Medium,Yes
CUST102656,Yamini Nanda,20,Male,Gujarat,Ahmedabad,19-07-2024,09-09-2025,Electronics,6,15568.13,2594.69,0,No,1,0.17,14,84,14,6,0.286,Credit Card,MacBook,Google Ads,Silver,Same Day,0,2,Medium,Yes
CUST102657,Shravya Gala,34,Male,Punjab,Ludhiana,14-02-2025,19-05-2026,Grocery,3,2199.94,733.31,447.75,Yes,0,0,22,44,6,3,0.045,UPI,Android,Email,Silver,Standard,1,,Low,No
CUST102658,Sarthak Toor,26,Male,Punjab,Ludhiana,14-10-2024,06-01-2025,Home & Kitchen,7,14160.27,2022.9,2210.59,Yes,1,0.14,23,138,23,9,0.261,Debit Card,iPhone,Organic Search,Silver,Same Day,1,4.3,Medium,No
CUST102659,Turvi Bala,28,Female,Karnataka,Bengaluru,17-02-2024,24-01-2025,Fashion,7,11444.76,1634.97,832.87,Yes,0,0,12,24,4,2,0.083,UPI,iPhone,YouTube,Silver,Standard,0,3.3,Medium,Yes
CUST102660,Triya Raj,39,Female,Bihar,Muzaffarpur,03-02-2026,15-08-2026,Electronics,10,17619.1,1761.91,0,No,1,0.1,14,42,4,1,0.071,Debit Card,Android,Organic Search,None,Express,0,5,High,No
CUST102661,Mohini Hayer,33,Female,Rajasthan,Jaipur,11-07-2025,11-03-2026,Home & Kitchen,6,4751.08,791.85,0,No,0,0,25,50,6,4,0.08,Credit Card,Android,Instagram,Gold,Standard,1,4.2,Medium,No
CUST102662,Baljiwan Anne,18,Male,Haryana,Gurugram,04-01-2025,03-12-2025,Fashion,5,4394.62,878.92,0,No,0,0,22,66,13,5,0.091,UPI,Android,Referral,Silver,Standard,0,4.6,Medium,No
CUST102663,Ishwar Deshpande,23,Male,Karnataka,Mangaluru,18-08-2024,07-10-2024,Fashion,5,4200.37,840.07,0,No,1,0.2,23,138,27,11,0.217,UPI,Windows Laptop,Google Ads,None,Standard,0,5,Medium,Yes
CUST102664,Ucchal Sundaram,39,Male,Odisha,Cuttack,04-04-2024,08-01-2026,Grocery,8,15212.64,1901.58,0,No,0,0,21,105,18,13,0.429,Credit Card,Android,Referral,Silver,Standard,1,3.4,High,No
CUST102665,Ekansh Butala,35,Male,Uttar Pradesh,Lucknow,29-10-2024,25-07-2025,Grocery,4,4465.02,1116.26,1685.72,Yes,0,0,18,90,11,6,0.167,Credit Card,Android,Google Ads,None,Standard,0,3.9,Medium,Yes
CUST102666,Raksha Dey,45,Other,Tamil Nadu,Chennai,05-08-2024,28-06-2025,Fashion,2,1963.44,981.72,359.11,Yes,1,0.5,19,76,8,4,0.105,Credit Card,Android,Organic Search,None,Express,1,4.5,Low,No
CUST102667,Arya Edwin,44,Female,Maharashtra,Pune,05-07-2025,19-06-2026,Electronics,5,6168.47,1233.69,1951.66,Yes,0,0,24,144,12,4,0.083,UPI,Android,Direct,None,Standard,0,3,Medium,Yes
CUST102668,Andrew Chaudhry,28,Female,Bihar,Muzaffarpur,21-01-2025,24-02-2025,Sports & Fitness,2,4535.29,2267.64,1978.37,Yes,0,0,18,36,7,3,0.111,UPI,Windows Laptop,Instagram,Platinum,Standard,0,4.4,Low,Yes
CUST102669,Chaitaly Dash,51,Female,Kerala,Kochi,15-12-2025,15-08-2026,Electronics,6,10870.79,1811.8,4424.54,Yes,1,0.17,20,80,13,5,0.15,Debit Card,iPhone,Referral,None,Express,1,4.9,Medium,No
CUST102670,Om Brahmbhatt,31,Male,Tamil Nadu,Madurai,19-09-2025,24-10-2025,Mobile Accessories,7,10162.66,1451.81,1239.73,Yes,1,0.14,16,32,4,1,0.062,Credit Card,Android,YouTube,Silver,Standard,,4.5,Medium,No
CUST102671,Anjali Dube,23,Male,Bihar,Gaya,31-03-2024,05-08-2025,Beauty & Personal Care,6,10676.49,1779.42,2067.85,Yes,0,0,16,80,14,6,0.188,UPI,Android,Referral,None,Standard,3,4.3,Medium,Yes
CUST102672,Ishita Gokhale,26,Male,Telangana,Warangal,27-02-2024,27-06-2025,Fashion,6,16820.37,2803.4,0,No,0,0,28,112,16,6,0.107,Net Banking,MacBook,Instagram,Gold,Standard,1,3.1,Medium,Yes
CUST102673,Bakhshi Walia,18,Male,Kerala,Kozhikode,09-03-2025,06-07-2026,Fashion,4,3009.81,752.45,0,No,0,0,27,162,20,14,0.37,UPI,Android,Instagram,None,Standard,1,4,Medium,No
CUST102674,Riya Batta,44,Female,Karnataka,Bengaluru,05-06-2025,03-06-2026,Electronics,6,14464.12,2410.69,4865.35,Yes,1,0.17,20,120,18,6,0.15,UPI,Windows Laptop,Direct,Silver,Standard,,3.2,Medium,No
CUST102675,Madhavi Morar,44,Male,Haryana,Faridabad,06-02-2026,15-08-2026,Fashion,3,4365.08,1455.03,658.63,Yes,0,0,20,80,14,9,0.2,Cash on Delivery,Android,YouTube,None,Same Day,0,4,Low,No
CUST102676,Charles Agrawal,23,Male,Tamil Nadu,Madurai,08-04-2026,15-08-2026,Electronics,8,6094.36,761.8,0,No,0,0,25,100,19,10,0.28,UPI,Android,Email,None,Express,1,4.1,Medium,No
CUST102677,Krishna Jaggi,29,Female,Telangana,Hyderabad,30-01-2026,15-08-2026,Beauty & Personal Care,11,13345.66,1213.24,3310.58,Yes,0,0,30,60,5,2,0.033,UPI,iPhone,Instagram,Silver,Standard,1,3.6,Medium,No
CUST102678,Kavya Khare,32,Female,West Bengal,Howrah,27-04-2025,31-07-2026,Electronics,4,5075.22,1268.8,645.47,Yes,0,0,20,40,3,1,0.05,UPI,Android,Direct,Silver,Standard,1,5,Medium,No
CUST102679,Gavin Babu,23,Male,Maharashtra,Nashik,01-01-2025,24-04-2025,Home & Kitchen,4,6350.83,1587.71,0,No,0,0,13,78,9,6,0.308,UPI,MacBook,Organic Search,None,Standard,0,3.1,Medium,Yes
CUST102680,Ayaan Atwal,18,Female,Rajasthan,Jaipur,07-06-2026,15-08-2026,Beauty & Personal Care,5,12752.77,2550.55,0,No,0,0,24,144,12,8,0.167,Debit Card,Android,Google Ads,Silver,Standard,1,,Medium,No
CUST102681,Rehaan Bhatnagar,29,Male,Delhi,New Delhi,08-04-2026,25-04-2026,Fashion,4,3397.9,849.48,869.64,Yes,0,0,26,104,15,7,0.192,UPI,Windows Laptop,Organic Search,Silver,Standard,3,4.6,Medium,No
CUST102682,Gopal Ganesh,28,Female,Punjab,Chandigarh,10-02-2025,22-01-2026,Electronics,3,9330.23,3110.08,0,No,0,0,16,48,9,5,0.125,Debit Card,Tablet,Google Ads,None,Standard,0,4.7,Medium,No
CUST102683,Chaitanya Sagar,28,Male,West Bengal,Durgapur,01-06-2025,15-08-2026,Electronics,6,3284.55,547.43,0,No,2,0.33,17,68,8,3,0.059,UPI,MacBook,Organic Search,None,Standard,0,4.2,Medium,No
CUST102684,Eta Naidu,33,Male,Telangana,Warangal,26-11-2024,10-04-2026,Electronics,5,4551.67,910.33,0,No,1,0.2,14,56,8,4,0.143,Cash on Delivery,MacBook,Instagram,None,Standard,1,3,Medium,No
CUST102685,Sarthak Rana,42,Female,Tamil Nadu,Chennai,30-11-2025,21-07-2026,Grocery,6,27122.03,4520.34,3739.15,Yes,0,0,17,85,13,5,0.176,Net Banking,Android,Organic Search,None,Express,0,3.6,Medium,No
CUST102686,Jai Kata,29,Male,West Bengal,Durgapur,22-08-2024,04-04-2025,Fashion,8,5100.33,637.54,2065.25,Yes,0,0,21,84,17,7,0.143,UPI,Android,YouTube,None,Standard,1,3.8,Medium,Yes
CUST102687,Hitesh Parikh,32,Female,Maharashtra,Nashik,01-06-2026,15-08-2026,Sports & Fitness,7,7088.52,1012.65,0,No,0,0,24,120,25,13,0.333,Debit Card,Android,Direct,None,Standard,1,4,Medium,No
CUST102688,Oscar Aurora,37,Female,Gujarat,Ahmedabad,14-02-2025,18-10-2025,Home & Kitchen,3,2809.91,936.64,0,No,0,0,18,36,6,4,0.056,Cash on Delivery,Windows Laptop,Organic Search,Gold,Express,0,3.6,Low,Yes
CUST102689,Diya Arora,35,Male,Rajasthan,Jodhpur,01-07-2024,07-03-2026,Home & Kitchen,6,2055.33,342.56,712.73,Yes,1,0.17,17,51,4,2,0.059,UPI,Windows Laptop,Referral,None,Express,1,5,Medium,Yes
CUST102690,Simon Shanker,26,Female,Gujarat,Vadodara,13-10-2024,24-03-2025,Home & Kitchen,3,4443.53,1481.18,945.53,Yes,1,0.33,12,48,5,2,0.083,Credit Card,Android,Google Ads,Silver,Standard,1,3.4,Low,No
CUST102691,Dominic Mallick,32,Female,Uttar Pradesh,Kanpur,02-05-2024,09-12-2024,Grocery,5,7244.56,1448.91,0,No,0,0,18,36,3,1,0.056,Wallet,Android,Organic Search,None,Standard,1,3.9,Medium,Yes
CUST102692,Caleb Bhavsar,35,Male,Uttar Pradesh,Kanpur,06-06-2024,15-06-2025,Fashion,5,7144.22,1428.84,877.16,Yes,0,0,27,108,17,11,0.333,UPI,Android,Email,None,Standard,0,3.4,Medium,Yes
CUST102693,Nirja Mitra,22,Female,West Bengal,Kolkata,18-11-2024,25-01-2026,Electronics,4,3774.71,943.68,0,No,0,0,22,88,15,5,0.182,Debit Card,Windows Laptop,Instagram,Gold,Standard,1,3.9,Medium,No
CUST102694,Harsh Yadav,41,Female,Gujarat,Surat,13-01-2024,19-03-2025,Beauty & Personal Care,4,1588.73,397.18,0,No,1,0.25,19,38,3,1,0.053,Cash on Delivery,Android,Organic Search,None,Express,1,2.7,Medium,Yes
CUST102695,Zayan Chandran,42,Female,Andhra Pradesh,Visakhapatnam,06-04-2026,15-08-2026,Fashion,6,5591.7,931.95,0,No,1,0.17,28,112,13,5,0.107,Cash on Delivery,MacBook,Instagram,None,Standard,1,3.7,Medium,No
CUST102696,Lipika Deol,25,Female,Rajasthan,Udaipur,19-07-2025,31-01-2026,Home & Kitchen,7,4717.85,673.98,512.01,Yes,2,0.29,22,66,9,4,0.136,Wallet,Android,Direct,None,Express,0,4.8,Medium,Yes
CUST102697,Parth Nadkarni,33,Female,Odisha,Cuttack,21-05-2026,15-08-2026,Beauty & Personal Care,5,7620.09,1524.02,2815.29,Yes,1,0.2,22,88,16,6,0.182,Cash on Delivery,Android,Email,None,Same Day,0,4.2,Medium,No
CUST102698,Ekansh Nayak,36,Other,Tamil Nadu,Madurai,27-02-2026,15-08-2026,Home & Kitchen,8,7276.19,909.52,0,No,0,0,25,125,16,9,0.2,Wallet,Android,YouTube,Silver,Standard,1,3,Medium,No
CUST102699,Saumya Raja,27,Male,Madhya Pradesh,Indore,08-07-2025,29-03-2026,Beauty & Personal Care,6,8957.42,1492.9,2297.43,Yes,0,0,25,50,7,3,0.08,UPI,Android,Direct,None,Standard,1,4.3,Medium,No
CUST102700,Yahvi Arya,35,Male,Madhya Pradesh,Indore,17-02-2026,15-08-2026,Beauty & Personal Care,4,1814.38,453.6,639.53,Yes,0,0,22,110,16,8,0.273,Debit Card,Windows Laptop,Email,Gold,Standard,0,4.4,Medium,No
CUST102701,Ansh Dash,32,Male,Uttar Pradesh,Kanpur,12-09-2025,15-08-2026,Grocery,4,8505.21,2126.3,2728.72,Yes,0,0,16,48,10,3,0.125,UPI,Windows Laptop,Instagram,None,Standard,0,4.3,Medium,Yes
CUST102702,Warjas Sangha,19,Male,Andhra Pradesh,Vijayawada,14-04-2026,15-08-2026,Grocery,4,7444.49,1861.12,981.45,Yes,0,0,23,92,18,8,0.261,Debit Card,Android,Instagram,Platinum,Same Day,1,4.3,Medium,No
CUST102703,Fariq Bhasin,35,Female,Maharashtra,Nagpur,08-11-2025,11-07-2026,Beauty & Personal Care,6,3817.6,636.27,0,No,0,0,23,46,9,5,0.13,UPI,Android,Direct,Gold,Standard,1,5,Medium,Yes
CUST102704,Kavya Tara,22,Female,West Bengal,Howrah,12-05-2026,07-06-2026,Grocery,4,3570.91,892.73,0,No,0,0,17,34,3,1,0.059,UPI,Android,Organic Search,Silver,Express,1,4.9,Medium,No
CUST102705,Saksham Doshi,39,Male,Madhya Pradesh,Indore,09-09-2025,23-06-2026,Books,9,11537.19,1281.91,3447.28,Yes,0,0,19,95,19,12,0.474,UPI,Android,Google Ads,None,Standard,1,3.6,Medium,No
CUST102706,Samarth Barad,26,Male,Madhya Pradesh,Indore,16-07-2025,15-08-2026,Home & Kitchen,7,16442.22,2348.89,0,No,0,0,26,78,10,5,0.077,UPI,Windows Laptop,Instagram,Platinum,Standard,1,3.7,Medium,No
CUST102707,Sachi Narasimhan,30,Male,Maharashtra,Pune,22-07-2024,03-11-2024,Home & Kitchen,4,4460.34,1115.08,0,No,0,0,24,120,18,12,0.25,UPI,MacBook,Organic Search,Gold,Same Day,2,3.5,Medium,Yes
CUST102708,Arunima Nadkarni,42,Male,Delhi,New Delhi,28-10-2024,06-12-2024,Grocery,4,7387.72,1846.93,1083.36,Yes,0,0,13,78,12,6,0.231,Cash on Delivery,Android,Organic Search,Silver,Express,0,4.2,Medium,No
CUST102709,Oeshi Mani,35,Female,West Bengal,Howrah,12-02-2024,17-08-2025,Beauty & Personal Care,2,2300.06,1150.03,603.18,Yes,0,0,27,81,11,5,0.111,Credit Card,Windows Laptop,Instagram,Gold,Express,0,4.5,Low,Yes
CUST102710,Veer Narula,22,Female,Tamil Nadu,Madurai,05-03-2026,15-08-2026,Electronics,6,14237.67,2372.95,1155.43,Yes,0,0,21,84,10,4,0.095,UPI,iPhone,YouTube,None,Standard,0,3.1,Medium,No
CUST102711,Xavier Jha,23,Female,Madhya Pradesh,Indore,19-08-2025,01-11-2025,Books,5,6746.21,1349.24,2496.03,Yes,0,0,15,90,10,5,0.133,UPI,Android,Instagram,None,Standard,0,4.3,Medium,Yes
CUST102712,Yuvraj Kapadia,26,Male,Rajasthan,Jaipur,29-12-2025,02-07-2026,Electronics,4,3032.8,758.2,945.63,Yes,1,0.25,17,85,12,8,0.294,Cash on Delivery,iPhone,Google Ads,Silver,Standard,0,3.6,Medium,No
CUST102713,Ekanta Goswami,34,Female,Telangana,Hyderabad,31-10-2025,15-08-2026,Grocery,5,4828.32,965.66,1712.38,Yes,0,0,25,125,24,15,0.4,Net Banking,Android,Referral,Gold,Same Day,0,3.3,Medium,No
CUST102714,Abeer Bhattacharyya,34,Female,Telangana,Hyderabad,11-05-2026,15-08-2026,Grocery,8,21707.38,2713.42,6028.23,Yes,0,0,14,42,7,2,0.071,Cash on Delivery,Windows Laptop,Referral,Gold,Standard,1,4.2,High,No
CUST102715,Ekaraj Hans,24,Female,West Bengal,Howrah,20-05-2025,15-08-2026,Mobile Accessories,4,6974.05,1743.51,0,No,1,0.25,20,60,9,6,0.1,Net Banking,Android,Organic Search,None,Standard,1,5,Medium,No
CUST102716,Lohit Jayaraman,22,Female,Tamil Nadu,Madurai,30-09-2025,24-10-2025,Electronics,5,3130.51,626.1,908.32,Yes,0,0,23,115,14,7,0.13,Cash on Delivery,Windows Laptop,Organic Search,Silver,Standard,1,4.1,Medium,No
CUST102717,Gavin Ghose,33,Male,Bihar,Muzaffarpur,09-07-2024,23-03-2025,Beauty & Personal Care,5,19345.85,3869.17,0,No,0,0,20,40,3,1,0.05,Debit Card,iPhone,Organic Search,Gold,Standard,2,4.8,Medium,Yes
CUST102718,Warinder Tripathi,30,Male,Andhra Pradesh,Vijayawada,16-02-2026,15-08-2026,Home & Kitchen,3,3297.08,1099.03,462.1,Yes,0,0,15,60,6,4,0.2,Credit Card,Windows Laptop,Referral,None,Express,1,4.2,Low,No
CUST102719,Pooja Sibal,48,Female,Punjab,Ludhiana,17-06-2026,15-08-2026,Fashion,4,7643.3,1910.82,2465.83,Yes,2,0.5,22,66,7,3,0.045,UPI,Tablet,Organic Search,None,Standard,0,4,Medium,No
CUST102720,Nitesh Hora,31,Female,West Bengal,Kolkata,29-02-2024,18-01-2025,Electronics,9,30023.75,3335.97,8138.91,Yes,0,0,20,40,6,2,0.05,UPI,MacBook,Direct,Gold,Express,2,4.4,High,Yes
CUST102721,Panini Goda,46,Female,Assam,Dibrugarh,05-03-2026,15-08-2026,Beauty & Personal Care,5,11358.97,2271.79,2817.51,Yes,0,0,24,120,25,16,0.292,Cash on Delivery,Windows Laptop,Referral,Silver,Express,1,3.7,Medium,No
CUST102722,Chavvi Mangal,22,Male,Madhya Pradesh,Indore,10-04-2025,25-11-2025,Home & Kitchen,2,1354.52,677.26,360.79,Yes,0,0,18,90,11,6,0.222,Credit Card,Android,YouTube,None,Standard,0,3,Low,No
CUST102723,Saksham Magar,18,Female,Madhya Pradesh,Bhopal,13-01-2025,26-02-2025,Electronics,8,16809.19,2101.15,2670.64,Yes,0,0,24,48,9,3,0.083,Net Banking,iPhone,Organic Search,Silver,Same Day,1,3.2,High,No
CUST102724,Fariq Parsa,22,Male,Gujarat,Vadodara,04-03-2025,27-02-2026,Beauty & Personal Care,5,8712.72,1742.54,564.87,Yes,0,0,17,85,10,6,0.176,UPI,Windows Laptop,Organic Search,Gold,Standard,0,4,Medium,Yes
CUST102725,Krishna Ganesh,41,Other,Gujarat,Surat,02-03-2024,20-05-2024,Grocery,4,3049.72,762.43,1078.58,Yes,0,0,24,96,20,14,0.458,UPI,Windows Laptop,Instagram,None,Standard,0,4.3,Medium,Yes
CUST102726,Ridhi Sami,45,Female,Tamil Nadu,Chennai,28-10-2024,13-04-2025,Grocery,7,10265.44,1466.49,4275.24,Yes,0,0,23,46,4,1,0.043,UPI,Android,Google Ads,None,Standard,0,4.2,Medium,Yes
CUST102727,Nachiket Subramaniam,25,Female,West Bengal,Siliguri,29-09-2025,22-11-2025,Books,7,5324.98,760.71,1290.27,Yes,0,0,22,88,12,6,0.136,Credit Card,iPhone,Google Ads,Platinum,Standard,1,3.6,Medium,No
CUST102728,Lakshmi Sane,27,Female,Delhi,New Delhi,20-06-2024,30-07-2024,Home & Kitchen,4,7791.58,1947.9,0,No,1,0.25,26,78,7,3,0.077,Credit Card,Android,Organic Search,None,Standard,1,4.1,Medium,Yes
CUST102729,Charita Yogi,22,Male,Delhi,New Delhi,19-05-2025,02-03-2026,Mobile Accessories,7,14064.95,2009.28,0,No,1,0.14,18,108,12,7,0.222,Debit Card,Android,Google Ads,Gold,Same Day,0,3.7,Medium,No
CUST102730,Parth Kurian,18,Male,Rajasthan,Udaipur,03-03-2024,23-08-2024,Sports & Fitness,7,15084.12,2154.87,6367.32,Yes,0,0,31,124,11,4,0.097,Cash on Delivery,iPhone,YouTube,Silver,Standard,0,3.2,Medium,Yes
CUST102731,Ubika Mohan,37,Male,Kerala,Kozhikode,10-02-2026,15-08-2026,Fashion,9,10965.07,1218.34,0,No,1,0.11,16,96,9,3,0.062,UPI,MacBook,Google Ads,None,Standard,2,2.8,Medium,No
CUST102732,Bhanumati Prashad,33,Male,Rajasthan,Jodhpur,16-01-2024,31-01-2024,Electronics,5,4798.75,959.75,633.15,Yes,0,0,18,90,15,9,0.389,Net Banking,Windows Laptop,Google Ads,None,Standard,0,3.8,Medium,No
CUST102733,Ekbal Nath,31,Female,West Bengal,Durgapur,21-11-2025,22-02-2026,Home & Kitchen,6,4361.2,726.87,1735.96,Yes,0,0,25,100,18,11,0.36,Credit Card,iPhone,Direct,Gold,Express,1,4.6,Medium,No
CUST102734,Upasna Hayre,20,Male,Jharkhand,Ranchi,21-04-2026,15-08-2026,Home & Kitchen,7,12908.28,1844.04,4777.47,Yes,0,0,22,88,8,3,0.045,Credit Card,Windows Laptop,Google Ads,Silver,Same Day,3,4,Medium,No
CUST102735,Ranveer Agrawal,44,Female,Jharkhand,Ranchi,29-05-2026,15-08-2026,Beauty & Personal Care,7,16838.37,2405.48,3522.66,Yes,0,0,22,110,12,4,0.091,Debit Card,Windows Laptop,Direct,None,Express,1,3.1,Medium,No
CUST102736,Xiti Prasad,27,Male,Madhya Pradesh,Indore,10-04-2024,03-11-2025,Beauty & Personal Care,6,10650.68,1775.11,4119.31,Yes,0,0,35,140,17,11,0.2,Net Banking,Windows Laptop,Organic Search,Silver,Standard,0,4.8,Medium,No
CUST102737,Nidhi Sagar,35,Female,Andhra Pradesh,Vijayawada,24-06-2024,20-03-2026,Grocery,6,4235.71,705.95,227.12,Yes,0,0,31,155,32,19,0.387,Debit Card,MacBook,Email,Gold,Standard,0,3.5,Medium,No
CUST102738,Kashvi Rajagopalan,19,Female,Uttar Pradesh,Kanpur,11-07-2024,08-12-2025,Home & Kitchen,5,4231.38,846.28,0,No,0,0,17,51,8,5,0.118,UPI,Windows Laptop,Instagram,Silver,Standard,0,2.4,Medium,Yes
CUST102739,Darika Bobal,29,Male,Andhra Pradesh,Vijayawada,23-03-2026,15-08-2026,Electronics,6,4883.48,813.91,0,No,0,0,27,54,5,1,0.037,Debit Card,Windows Laptop,Instagram,None,Standard,0,4,Medium,No
CUST102740,Balvan Dash,33,Male,Maharashtra,Pune,17-06-2026,15-08-2026,Sports & Fitness,4,2152.3,538.08,0,No,2,0.5,13,52,6,3,0.077,Net Banking,iPhone,YouTube,Silver,Standard,0,4.8,Medium,No
CUST102741,Nicholas Hari,34,Male,Telangana,Warangal,29-09-2024,14-02-2025,Fashion,5,9663.49,1932.7,3542.97,Yes,0,0,19,57,10,4,0.053,Cash on Delivery,iPhone,Referral,None,Express,0,4.2,Medium,Yes
CUST102742,Aadhya Pall,32,Female,Delhi,New Delhi,11-04-2025,23-06-2026,Mobile Accessories,5,5546.05,1109.21,558.29,Yes,1,0.2,27,54,11,6,0.148,UPI,Android,Email,Silver,Express,1,3.3,Medium,No
CUST102743,Jyoti Bhardwaj,35,Female,Karnataka,Bengaluru,11-02-2026,15-08-2026,Electronics,6,17961.62,2993.6,2358.86,Yes,1,0.17,22,88,16,7,0.227,UPI,iPhone,Organic Search,Gold,Standard,1,3.4,Medium,No
CUST102744,Panini Koshy,22,Male,Maharashtra,Mumbai,23-06-2024,03-12-2025,Mobile Accessories,5,4236.93,847.39,1116.14,Yes,1,0.2,27,81,8,3,0.037,Debit Card,Windows Laptop,Google Ads,None,Express,2,4.8,Medium,Yes
CUST102745,Vanya Banerjee,33,Female,Bihar,Patna,21-08-2024,24-01-2026,Electronics,3,3799.62,1266.54,1529.01,Yes,0,0,18,72,14,8,0.333,Wallet,Android,Instagram,None,Standard,1,3.6,Low,Yes
CUST102746,Ayaan Divan,32,Male,Madhya Pradesh,Bhopal,22-03-2026,15-08-2026,Fashion,12,6733.28,561.11,0,No,0,0,19,38,3,2,0.053,Debit Card,Android,Direct,None,Express,1,3.2,Medium,No
CUST102747,Tamanna Din,33,Female,Uttar Pradesh,Noida,03-08-2024,08-12-2025,Electronics,8,8320.83,1040.1,2294.11,Yes,1,0.12,16,64,9,6,0.125,Credit Card,MacBook,Organic Search,None,Standard,3,3.3,Medium,No
CUST102748,Yug Edwin,32,Male,Maharashtra,Nagpur,05-05-2025,15-08-2026,Grocery,6,12236.93,2039.49,4298.25,Yes,0,0,19,95,12,4,0.105,Credit Card,Android,Google Ads,None,Standard,1,3.8,Medium,No
CUST102749,Jackson Chanda,21,Female,Madhya Pradesh,Indore,20-02-2025,02-02-2026,Sports & Fitness,5,6565.76,1313.15,2280.56,Yes,0,0,22,66,14,9,0.227,Credit Card,MacBook,Email,None,Standard,0,5,Medium,No
CUST102750,Mitali Buch,20,Female,Bihar,Patna,28-01-2026,15-08-2026,Home & Kitchen,6,4837.94,806.32,1457.11,Yes,0,0,24,96,8,5,0.083,UPI,Windows Laptop,Direct,None,Standard,2,4.5,Medium,No
CUST102751,Pallavi Gandhi,18,Female,Telangana,Hyderabad,16-06-2025,17-02-2026,Books,6,3567.8,594.63,1521.2,Yes,0,0,24,120,13,4,0.083,UPI,Windows Laptop,Email,None,Standard,1,4.1,Medium,No
CUST102752,Zayyan Mittal,38,Male,Odisha,Bhubaneswar,26-03-2025,15-08-2026,Beauty & Personal Care,5,4981.92,996.38,1209.88,Yes,0,0,23,46,5,3,0.043,UPI,Windows Laptop,Direct,Silver,Standard,2,5,Medium,No
CUST102753,Darika Sabharwal,38,Male,Delhi,New Delhi,15-04-2026,29-05-2026,Beauty & Personal Care,3,4946.25,1648.75,0,No,1,0.33,19,38,5,3,0.105,Debit Card,iPhone,Instagram,Silver,Standard,0,4.5,Low,No
CUST102754,Ikbal Padmanabhan,38,Female,Telangana,Hyderabad,24-01-2026,30-07-2026,Sports & Fitness,10,18609.65,1860.96,5542.58,Yes,0,0,17,85,17,7,0.176,Cash on Delivery,iPhone,Referral,Gold,Standard,2,5,High,No
CUST102755,Amruta Kadakia,33,Male,Assam,Dibrugarh,10-03-2026,15-08-2026,Fashion,6,5292.66,882.11,0,No,0,0,27,54,9,4,0.074,UPI,Windows Laptop,Direct,None,Standard,0,3.8,Medium,No
CUST102756,Darika Ahuja,18,Male,Tamil Nadu,Coimbatore,06-10-2024,08-02-2026,Fashion,8,7714.8,964.35,0,No,0,0,24,120,11,5,0.083,Credit Card,Android,Instagram,Gold,Same Day,1,4.1,Medium,No
CUST102757,Vyanjana Agarwal,23,Female,Rajasthan,Jodhpur,31-08-2024,28-07-2025,Books,4,18594.23,4648.56,2176.41,Yes,1,0.25,21,42,8,5,0.095,Credit Card,Windows Laptop,Organic Search,Silver,Same Day,1,3.5,Medium,Yes
CUST102758,Ekaraj Sahni,32,Male,Haryana,Faridabad,05-11-2025,15-08-2026,Books,5,6498.51,1299.7,0,No,0,0,16,96,16,5,0.125,Wallet,Windows Laptop,Organic Search,None,Standard,3,4.2,Medium,No
CUST102759,Bhavya Sankar,32,Male,Odisha,Bhubaneswar,25-05-2024,11-10-2024,Mobile Accessories,7,17627.82,2518.26,5692.59,Yes,0,0,22,132,10,5,0.136,Cash on Delivery,iPhone,Direct,None,Express,0,3.9,Medium,Yes
CUST102760,Patrick Prasad,29,Female,West Bengal,Kolkata,07-03-2024,09-06-2024,Books,4,2899.21,724.8,0,No,1,0.25,17,68,14,8,0.353,UPI,Android,Organic Search,None,Standard,0,5,Medium,Yes
CUST102761,Krish Hora,34,Male,Maharashtra,Mumbai,12-04-2024,05-10-2025,Electronics,5,7722.13,1544.43,2138.98,Yes,0,0,14,28,2,1,0.071,Debit Card,Android,Google Ads,Silver,Standard,2,3.9,Medium,Yes
CUST102762,Qabil Thakkar,31,Male,West Bengal,Kolkata,05-11-2024,26-04-2026,Sports & Fitness,4,9258.75,2314.69,0,No,0,0,19,114,18,7,0.263,Debit Card,Android,Direct,None,Express,2,4.9,Medium,No
CUST102763,Shravya Kala,32,Female,Bihar,Patna,28-09-2025,15-08-2026,Home & Kitchen,5,6069.84,1213.97,0,No,1,0.2,24,120,19,10,0.208,Debit Card,Android,Google Ads,None,Express,0,4.1,Medium,No
CUST102764,Sai Bhargava,26,Female,Gujarat,Ahmedabad,26-04-2024,07-08-2024,Mobile Accessories,5,2459.46,491.89,624.37,Yes,0,0,19,38,6,3,0.053,Net Banking,iPhone,Organic Search,None,Standard,0,4.5,Medium,Yes
CUST102765,Rehaan Lad,39,Male,Maharashtra,Nashik,16-04-2025,03-05-2025,Home & Kitchen,5,4388.57,877.71,771.51,Yes,0,0,21,63,12,6,0.143,Credit Card,Android,Organic Search,Gold,Same Day,2,4.3,Medium,No
CUST102766,Ridhi Chopra,28,Female,Jharkhand,Ranchi,01-02-2026,15-08-2026,Beauty & Personal Care,3,5622.54,1874.18,2026.09,Yes,1,0.33,23,115,11,5,0.13,UPI,Windows Laptop,Organic Search,Silver,Standard,0,4.4,Low,Yes
CUST102767,Fariq Memon,20,Female,Uttar Pradesh,Noida,16-11-2024,24-07-2026,Home & Kitchen,5,2623.63,524.73,567.07,Yes,0,0,20,120,18,13,0.3,Debit Card,iPhone,YouTube,None,Standard,1,4.1,Medium,No
CUST102768,Krishna Dash,25,Male,Delhi,New Delhi,10-03-2025,15-08-2026,Fashion,6,33341.03,5556.84,14159.68,Yes,1,0.17,29,174,27,16,0.414,UPI,Windows Laptop,Google Ads,Platinum,Standard,0,2.9,Medium,No
CUST102769,Devansh Oommen,28,Male,Rajasthan,Jodhpur,04-01-2025,30-07-2026,Electronics,6,12496.51,2082.75,0,No,0,0,24,144,19,12,0.25,UPI,Android,Organic Search,None,Standard,2,4.7,Medium,No
CUST102770,Wahab Sridhar,39,Male,Odisha,Bhubaneswar,07-01-2026,15-08-2026,Books,4,2247.71,561.93,783.93,Yes,0,0,22,88,13,6,0.136,Debit Card,MacBook,Organic Search,Gold,Standard,0,2.8,Medium,No
CUST102771,Harrison Andra,31,Female,Maharashtra,Nagpur,30-11-2025,23-02-2026,Sports & Fitness,4,5859.05,1464.76,858.34,Yes,1,0.25,17,68,10,3,0.059,UPI,Windows Laptop,Direct,Gold,Standard,0,5,Medium,No
CUST102772,Amaira Amble,30,Female,Tamil Nadu,Chennai,05-07-2024,05-12-2024,Electronics,7,11067.26,1581.04,2159.28,Yes,0,0,25,75,13,9,0.2,Debit Card,Android,Organic Search,Silver,Standard,1,4.5,Medium,No
CUST102773,Gunbir Kakar,21,Male,Madhya Pradesh,Indore,10-08-2025,03-09-2025,Grocery,5,10401.78,2080.36,4052.45,Yes,0,0,26,78,7,4,0.077,Cash on Delivery,Android,Instagram,None,Standard,0,4.3,Medium,No
CUST102774,Keya Venkatesh,37,Female,Gujarat,Surat,23-02-2026,15-08-2026,Beauty & Personal Care,3,864.03,288.01,0,No,0,0,24,120,10,5,0.167,UPI,Tablet,Google Ads,Silver,Standard,2,4.1,Low,No
CUST102775,Vedika Solanki,26,Female,Uttar Pradesh,Lucknow,13-04-2025,15-08-2026,Home & Kitchen,3,4354.6,1451.53,1578.92,Yes,0,0,25,75,15,7,0.2,UPI,Tablet,Organic Search,Silver,Express,1,5,Low,No
CUST102776,Pushti Nayar,30,Male,Gujarat,Ahmedabad,22-10-2025,15-03-2026,Fashion,2,1347.41,673.7,285.19,Yes,1,0.5,24,120,14,7,0.208,UPI,iPhone,Organic Search,Gold,Standard,1,5,Low,No
CUST102777,Hemal Murty,43,Female,West Bengal,Siliguri,07-12-2025,15-08-2026,Sports & Fitness,4,6036.53,1509.13,2231.94,Yes,0,0,24,48,9,4,0.083,Wallet,Windows Laptop,YouTube,None,Standard,0,3,Medium,No
CUST102778,Jalsa Rastogi,35,Male,Karnataka,Bengaluru,25-05-2026,15-08-2026,Grocery,4,2715.95,678.99,735.91,Yes,1,0.25,19,76,9,5,0.105,UPI,Android,Direct,Silver,Express,0,2.4,Medium,No
CUST102779,Dakshesh Parekh,18,Female,Gujarat,Ahmedabad,06-03-2026,15-08-2026,Beauty & Personal Care,6,20135.84,3355.97,5249.87,Yes,0,0,17,102,8,5,0.118,Net Banking,Android,YouTube,None,Standard,1,4.5,Medium,No
CUST102780,Harish Aggarwal,18,Female,Karnataka,Mysuru,17-04-2025,05-06-2026,Beauty & Personal Care,5,8039,1607.8,2657.99,Yes,1,0.2,19,95,10,3,0.053,Wallet,Android,Google Ads,Silver,Standard,3,4.1,Medium,Yes
CUST102781,Neelima Dewan,30,Female,West Bengal,Kolkata,09-07-2025,13-11-2025,Electronics,2,853.34,426.67,317.9,Yes,0,0,18,54,5,3,0.111,UPI,Android,Google Ads,None,Standard,1,3.7,Low,No
CUST102782,Jason Wali,21,Female,Punjab,Ludhiana,29-03-2025,08-07-2026,Home & Kitchen,2,555.96,277.98,0,No,0,0,19,38,7,2,0.053,Credit Card,Windows Laptop,Google Ads,Platinum,Standard,0,4.2,Low,No
CUST102783,Yuvraj Pillay,36,Female,Andhra Pradesh,Vijayawada,21-03-2025,15-08-2026,Fashion,6,8897.09,1482.85,2048.87,Yes,0,0,17,51,5,3,0.118,Debit Card,Android,Google Ads,Gold,Standard,1,3.4,Medium,No
CUST102784,Vaishnavi Varma,31,Female,Madhya Pradesh,Indore,12-11-2025,02-07-2026,Fashion,4,3537.58,884.4,630.87,Yes,1,0.25,18,108,23,9,0.333,UPI,Android,Instagram,Silver,Standard,1,4.4,Medium,No
CUST102785,Raghav Aggarwal,32,Female,Punjab,Amritsar,03-04-2024,14-06-2024,Grocery,2,4188.88,2094.44,1626.34,Yes,0,0,14,28,4,2,0.071,Credit Card,iPhone,Google Ads,Silver,Standard,0,3.5,Low,Yes
CUST102786,Anay Parsa,25,Female,Delhi,New Delhi,05-01-2026,12-05-2026,Books,4,4206.87,1051.72,1086.68,Yes,0,0,22,66,8,4,0.091,Credit Card,iPhone,YouTube,Gold,Standard,1,4,Medium,No
CUST102787,Eshana Sawhney,45,Female,Andhra Pradesh,Vijayawada,28-02-2026,14-07-2026,Home & Kitchen,7,17447.86,2492.55,6340.28,Yes,1,0.14,19,95,14,8,0.316,Credit Card,Android,Organic Search,Silver,Standard,1,4.4,Medium,Yes
CUST102788,Vedhika Ratta,54,Male,Karnataka,Mysuru,07-02-2024,04-04-2025,Fashion,8,20673.2,2584.15,9267.53,Yes,1,0.12,19,57,12,7,0.158,Credit Card,Windows Laptop,Google Ads,Gold,Standard,0,3.7,High,Yes
CUST102789,Ijaya Sangha,29,Female,Jharkhand,Jamshedpur,20-02-2026,15-08-2026,Beauty & Personal Care,5,9337.56,1867.51,2871.81,Yes,0,0,18,72,12,7,0.222,Debit Card,Android,Referral,None,Express,1,,Medium,No
CUST102790,Harish Rajan,34,Female,Andhra Pradesh,Visakhapatnam,26-04-2025,03-08-2025,Books,10,8182.28,818.23,0,No,0,0,23,92,17,11,0.304,UPI,Tablet,Referral,None,Standard,2,4,Medium,No
CUST102791,Robert Dhar,32,Female,Kerala,Kochi,16-01-2026,15-08-2026,Grocery,8,7554.68,944.34,2993.34,Yes,0,0,27,54,8,2,0.037,Wallet,Android,Referral,None,Standard,1,4.3,Medium,No
CUST102792,Joshua Tank,29,Other,Andhra Pradesh,Vijayawada,20-04-2024,08-06-2025,Sports & Fitness,6,6216.64,1036.11,991.36,Yes,2,0.33,17,68,10,6,0.176,UPI,Android,Google Ads,Silver,Standard,1,5,Medium,Yes
CUST102793,Charvi Sibal,24,Male,Uttar Pradesh,Lucknow,08-06-2026,15-08-2026,Beauty & Personal Care,6,4185.02,697.5,645.16,Yes,0,0,24,72,15,5,0.125,Wallet,Android,Instagram,Silver,Express,0,3.8,Medium,No
CUST102794,Sanaya D’Alia,22,Male,Delhi,New Delhi,13-02-2025,06-06-2025,Grocery,1,1829.54,1829.54,145.59,Yes,0,0,21,126,20,13,0.429,Debit Card,Windows Laptop,Organic Search,Gold,Standard,1,4.6,Low,Yes
CUST102795,Wridesh Kohli,22,Male,Gujarat,Ahmedabad,16-06-2024,03-12-2025,Electronics,4,5022.33,1255.58,0,No,0,0,22,88,13,8,0.182,Debit Card,Android,Direct,None,Standard,2,4.5,Medium,Yes
CUST102796,Onkar Chakraborty,34,Female,Uttar Pradesh,Noida,19-07-2025,15-08-2026,Fashion,3,3734.43,1244.81,1474.83,Yes,0,0,21,105,21,8,0.238,Net Banking,Android,Direct,Silver,Same Day,1,4.3,Low,No
CUST102797,Radhika Balakrishnan,27,Female,Maharashtra,Nagpur,31-01-2025,02-06-2025,Home & Kitchen,2,1809.75,904.88,257.51,Yes,0,0,22,66,9,3,0.045,Net Banking,Android,Direct,None,Standard,1,,Low,Yes
CUST102798,Eta Rajagopal,18,Female,Bihar,Muzaffarpur,06-05-2024,19-10-2024,Home & Kitchen,3,3426.55,1142.18,0,No,0,0,22,88,12,4,0.091,UPI,Android,YouTube,Silver,Express,1,5,Low,Yes
CUST102799,Thomas Kurian,35,Male,Andhra Pradesh,Vijayawada,25-02-2026,07-04-2026,Books,5,7425.01,1485,1418.44,Yes,0,0,19,38,6,2,0.053,Debit Card,Android,Instagram,None,Standard,2,4.1,Medium,No
CUST102800,Jatin Deshpande,31,Female,Karnataka,Bengaluru,11-02-2024,23-06-2024,Books,6,6351.51,1058.58,0,No,0,0,19,114,11,6,0.105,Credit Card,Android,Direct,None,Standard,1,4.6,Medium,Yes
CUST102801,Gautam Natarajan,42,Female,Madhya Pradesh,Bhopal,10-02-2024,03-06-2024,Electronics,4,5285.34,1321.34,982.29,Yes,0,0,18,108,10,5,0.222,Credit Card,Tablet,Google Ads,None,Standard,1,3.7,Medium,Yes
CUST102802,Dhruv Oza,34,Female,Assam,Dibrugarh,15-07-2025,01-08-2025,Electronics,5,5784.02,1156.8,0,No,0,0,19,114,18,7,0.158,UPI,Android,Google Ads,Silver,Express,1,3.9,Medium,No
CUST102803,Lakshmi Sarkar,19,Male,Jharkhand,Jamshedpur,01-05-2025,09-04-2026,Fashion,3,3505.6,1168.53,859.67,Yes,0,0,21,126,13,7,0.143,Credit Card,Tablet,Instagram,Silver,Standard,1,3.4,Low,No
CUST102804,Udant Lad,18,Female,Andhra Pradesh,Visakhapatnam,17-06-2026,15-08-2026,Fashion,6,8038.41,1339.74,0,No,0,0,20,100,14,7,0.2,UPI,Android,Organic Search,Silver,Standard,0,3.9,Medium,No
CUST102805,Bina Chahal,25,Female,Uttar Pradesh,Lucknow,01-11-2025,01-03-2026,Beauty & Personal Care,5,1870.87,374.17,461.04,Yes,0,0,27,108,20,8,0.222,UPI,Android,Referral,Platinum,Standard,1,4.3,Medium,Yes
CUST102806,Gaurav Oak,26,Other,Andhra Pradesh,Vijayawada,23-04-2026,15-08-2026,Books,3,8584.79,2861.6,0,No,0,0,22,132,16,7,0.136,UPI,Android,Instagram,Silver,Express,2,4.1,Medium,Yes
CUST102807,Jack Pillai,39,Female,Kerala,Thiruvananthapuram,02-02-2025,17-12-2025,Mobile Accessories,2,3616.94,1808.47,1337.33,Yes,0,0,21,105,19,13,0.238,Credit Card,Android,Referral,Silver,Standard,2,3.9,Low,Yes
CUST102808,Dhriti Rai,31,Female,Karnataka,Bengaluru,30-06-2024,07-01-2025,Grocery,8,11360.78,1420.1,0,No,1,0.12,18,90,11,6,0.167,Net Banking,Windows Laptop,YouTube,Silver,Express,0,3.9,Medium,Yes
CUST102809,Deepa Bhatia,40,Male,Rajasthan,Udaipur,29-06-2024,05-10-2024,Sports & Fitness,6,12098.42,2016.4,0,No,2,0.33,23,138,11,8,0.217,Cash on Delivery,Windows Laptop,YouTube,Silver,Express,0,4,Medium,Yes
CUST102810,Lipika Sampath,20,Male,Kerala,Kochi,08-11-2025,12-08-2026,Home & Kitchen,10,6152.76,615.28,0,No,1,0.1,26,156,14,7,0.192,UPI,Android,Direct,Gold,Standard,0,4,Medium,No
CUST102811,Janya Date,39,Female,Delhi,New Delhi,13-01-2026,11-08-2026,Fashion,8,4368.72,546.09,1662.3,Yes,1,0.12,20,100,14,5,0.1,Debit Card,Android,Organic Search,Platinum,Standard,1,5,Medium,No
CUST102812,Hredhaan Rana,37,Male,Bihar,Patna,18-12-2025,15-08-2026,Home & Kitchen,4,2018.42,504.6,180.47,Yes,0,0,17,85,10,6,0.176,Debit Card,MacBook,YouTube,Silver,Standard,2,4.1,Medium,No
CUST102813,Triveni Mutti,18,Male,Bihar,Gaya,16-05-2026,15-08-2026,Beauty & Personal Care,5,7715.83,1543.17,0,No,1,0.2,13,26,3,1,0.077,Cash on Delivery,Android,Google Ads,Silver,Express,0,3.4,Medium,No
CUST102814,Chaman Kanda,42,Male,Karnataka,Mangaluru,08-04-2025,24-07-2026,Grocery,8,10898.77,1362.35,3993.92,Yes,0,0,23,115,17,12,0.304,Debit Card,Android,Organic Search,Gold,Standard,0,5,Medium,No
CUST102815,Tamanna Din,32,Female,Uttar Pradesh,Noida,19-02-2024,17-04-2025,Fashion,6,10210.45,1701.74,0,No,1,0.17,27,54,11,5,0.148,UPI,Windows Laptop,Organic Search,None,Standard,1,4.1,Medium,Yes
CUST102816,Madhav Banerjee,34,Female,Madhya Pradesh,Bhopal,11-02-2025,17-05-2025,Fashion,6,11522.93,1920.49,0,No,0,0,25,75,10,6,0.2,Debit Card,iPhone,Email,None,Standard,3,4,Medium,Yes
CUST102817,Dayamai Thakkar,24,Male,Rajasthan,Jodhpur,04-02-2025,06-04-2026,Fashion,5,1953.35,390.67,113.06,Yes,0,0,27,81,16,11,0.333,UPI,MacBook,Google Ads,None,Standard,3,3.5,Medium,No
CUST102818,Anusha Sridhar,41,Female,West Bengal,Siliguri,25-05-2024,31-12-2024,Mobile Accessories,3,1849.93,616.64,753.82,Yes,0,0,22,44,8,4,0.091,Debit Card,Android,Referral,None,Standard,2,3.6,Low,Yes
CUST102819,Warda Manne,22,Female,West Bengal,Siliguri,24-10-2024,30-11-2025,Home & Kitchen,7,7431.04,1061.58,1509.29,Yes,1,0.14,18,54,11,5,0.167,Debit Card,Android,Direct,None,Standard,1,5,Medium,Yes
CUST102820,Daniel Nath,38,Male,Telangana,Warangal,24-05-2024,11-07-2025,Grocery,2,3755.62,1877.81,247.39,Yes,1,0.5,23,115,17,7,0.217,UPI,Android,Direct,Gold,Express,0,3.5,Low,No
CUST102821,Shivansh Kar,38,Male,Assam,Guwahati,16-01-2024,07-02-2024,Grocery,11,14496.7,1317.88,0,No,0,0,26,130,15,9,0.192,Credit Card,Android,Organic Search,Silver,Standard,0,3.6,Medium,Yes
CUST102822,Praneel Sura,23,Female,Delhi,New Delhi,25-03-2024,25-12-2025,Fashion,5,30467.87,6093.57,6618.46,Yes,1,0.2,18,108,20,9,0.278,UPI,Android,YouTube,None,Same Day,0,4.5,Medium,Yes
CUST102823,Chandani Dutta,47,Female,Bihar,Patna,03-08-2024,16-01-2026,Beauty & Personal Care,8,6035.08,754.38,760.4,Yes,2,0.25,18,72,9,5,0.167,Cash on Delivery,Android,Google Ads,Gold,Standard,2,3,Medium,No
CUST102824,Manya Nazareth,33,Male,Delhi,New Delhi,26-04-2025,03-08-2026,Books,8,12694.08,1586.76,0,No,1,0.12,17,102,20,8,0.294,Wallet,iPhone,Organic Search,None,Standard,1,4.8,Medium,No
CUST102825,Urvashi Pall,36,Male,Tamil Nadu,Chennai,21-02-2024,25-06-2025,Home & Kitchen,7,17814.19,2544.88,4152.24,Yes,0,0,24,144,13,8,0.208,Credit Card,Windows Laptop,Direct,Silver,Express,1,4.5,Medium,Yes
CUST102826,Mahika Bora,19,Male,Punjab,Amritsar,01-07-2025,22-06-2026,Mobile Accessories,5,14852.62,2970.52,0,No,0,0,19,76,13,8,0.263,Credit Card,Android,Referral,None,Standard,0,4,Medium,No
CUST102827,Barkha Hayer,48,Male,Kerala,Kochi,16-04-2024,12-07-2024,Fashion,6,6330.01,1055,2400.65,Yes,1,0.17,27,54,7,2,0.037,UPI,Windows Laptop,Email,Gold,Standard,0,4.4,Medium,No
CUST102828,Gunbir Deep,21,Male,Maharashtra,Nagpur,06-08-2024,19-12-2024,Electronics,4,2919.66,729.92,756.1,Yes,0,0,21,105,17,6,0.19,UPI,Android,Google Ads,Platinum,Standard,1,5,Medium,No
CUST102829,Chatura Modi,39,Female,Gujarat,Ahmedabad,02-12-2024,14-10-2025,Books,4,6724.2,1681.05,633.36,Yes,0,0,21,84,8,3,0.048,UPI,Android,Google Ads,Gold,Express,0,4.7,Medium,No
CUST102830,Nihal Devan,23,Female,West Bengal,Howrah,05-01-2025,10-09-2025,Sports & Fitness,7,12964.53,1852.08,5646.11,Yes,1,0.14,22,110,23,8,0.227,Debit Card,Windows Laptop,Organic Search,None,Standard,0,4.7,Medium,No
CUST102831,Vasudha Manne,26,Female,Rajasthan,Jodhpur,20-03-2026,08-06-2026,Mobile Accessories,2,3627.82,1813.91,0,No,0,0,26,52,9,3,0.077,Wallet,MacBook,Google Ads,None,Standard,0,4.5,Low,Yes
CUST102832,Shaurya Kamdar,37,Male,Bihar,Muzaffarpur,10-09-2024,12-05-2025,Grocery,8,24564.44,3070.56,10997.49,Yes,1,0.12,24,72,8,3,0.083,Cash on Delivery,Android,Organic Search,None,Express,1,4,High,Yes
CUST102833,Aditya Pathak,39,Female,Maharashtra,Nagpur,08-02-2025,15-08-2026,Mobile Accessories,4,4656.57,1164.14,244.05,Yes,0,0,12,72,14,9,0.417,UPI,Windows Laptop,Referral,Gold,Standard,1,4,Medium,No
CUST102834,Manbir Puri,21,Male,Tamil Nadu,Madurai,02-08-2025,06-10-2025,Sports & Fitness,3,2030.28,676.76,494.4,Yes,0,0,23,138,19,10,0.348,Debit Card,Windows Laptop,Direct,Platinum,Standard,1,4.2,Low,No
CUST102835,Om Bhalla,40,Male,Gujarat,Vadodara,29-11-2025,15-08-2026,Sports & Fitness,4,8059.94,2014.98,0,No,0,0,20,100,10,3,0.05,Wallet,iPhone,Direct,None,Standard,1,4.5,Medium,No
CUST102836,Ishani Som,39,Female,Assam,Guwahati,27-09-2025,15-08-2026,Beauty & Personal Care,3,4433.99,1478,1829.11,Yes,1,0.33,20,80,11,4,0.1,UPI,Android,Organic Search,None,Express,1,3.8,Low,Yes
CUST102837,Charles Dalal,23,Female,Andhra Pradesh,Vijayawada,30-01-2024,06-03-2025,Home & Kitchen,6,7249.46,1208.24,0,No,0,0,17,51,6,2,0.059,UPI,Tablet,Organic Search,Gold,Express,2,4.5,Medium,No
CUST102838,Radha Dixit,44,Male,West Bengal,Durgapur,03-07-2024,24-08-2024,Mobile Accessories,6,4238.94,706.49,645.38,Yes,0,0,23,115,20,9,0.217,UPI,Android,Google Ads,None,Standard,2,3.9,Medium,Yes
CUST102839,Yash Bandi,19,Female,Madhya Pradesh,Bhopal,15-10-2024,20-04-2025,Home & Kitchen,4,5910.23,1477.56,870.71,Yes,0,0,27,162,13,6,0.111,Debit Card,Android,Organic Search,None,Express,0,4.3,Medium,Yes
CUST102840,Wridesh Ranganathan,26,Female,Telangana,Hyderabad,24-12-2024,15-05-2026,Beauty & Personal Care,4,8516.66,2129.16,1640.6,Yes,0,0,23,115,23,14,0.348,Cash on Delivery,Windows Laptop,Referral,None,Standard,1,4.2,Medium,No
CUST102841,Chasmum Gera,35,Female,Telangana,Warangal,18-04-2025,31-07-2026,Home & Kitchen,7,4386.87,626.7,0,No,2,0.29,29,145,20,12,0.31,UPI,Android,Referral,None,Standard,0,4.4,Medium,No
CUST102842,Gaurav Sheth,24,Female,Kerala,Kochi,18-07-2025,11-09-2025,Beauty & Personal Care,8,11516.49,1439.56,0,No,1,0.12,21,126,12,8,0.238,UPI,Android,Referral,None,Standard,1,4.4,Medium,No
CUST102843,Anvi Saxena,33,Other,Assam,Guwahati,03-02-2025,26-06-2025,Home & Kitchen,2,3149.61,1574.8,1343.32,Yes,0,0,18,54,10,7,0.222,UPI,Android,YouTube,Gold,Same Day,1,4.1,Low,No
CUST102844,Advay Dar,33,Female,Jharkhand,Ranchi,19-11-2025,26-01-2026,Electronics,7,27577.41,3939.63,0,No,0,0,21,105,22,7,0.19,Credit Card,Android,Google Ads,None,Same Day,0,3.5,Medium,No
CUST102845,Fitan Dara,30,Female,Uttar Pradesh,Varanasi,12-05-2024,20-08-2024,Books,4,5762.96,1440.74,1517.67,Yes,1,0.25,19,76,15,6,0.263,UPI,Android,Organic Search,Silver,Standard,2,5,Medium,Yes
CUST102846,Yashodhara Kar,38,Male,Telangana,Hyderabad,16-05-2025,23-02-2026,Home & Kitchen,5,16580.53,3316.11,4167.35,Yes,0,0,22,88,9,3,0.091,UPI,Tablet,Instagram,Silver,Standard,1,3.8,Medium,No
CUST102847,Varsha Mahal,29,Male,Madhya Pradesh,Indore,17-05-2025,23-03-2026,Beauty & Personal Care,7,14196.37,2028.05,0,No,2,0.29,16,32,3,1,0.062,UPI,Android,Direct,Platinum,Standard,1,4.9,Medium,No
CUST102848,Pratyush Rajagopalan,33,Female,Delhi,New Delhi,23-05-2026,27-06-2026,Electronics,6,13252.98,2208.83,0,No,0,0,19,38,8,4,0.105,UPI,Android,Google Ads,None,Standard,0,3.3,Medium,No
CUST102849,Radha Misra,40,Female,Uttar Pradesh,Kanpur,17-03-2024,01-11-2024,Electronics,6,4960.64,826.77,,Yes,0,0,23,46,4,1,0.043,Cash on Delivery,Android,Google Ads,Silver,Express,0,3.3,Medium,No
CUST102850,Hardik Nanda,37,Male,Telangana,Warangal,15-12-2024,27-02-2026,Fashion,8,35824.96,4478.12,0,No,0,0,18,72,8,3,0.056,UPI,iPhone,Referral,Gold,Standard,0,4.9,High,No
CUST102851,Qasim Ravi,37,Female,Bihar,Muzaffarpur,29-02-2024,19-09-2024,Grocery,8,12563.68,1570.46,4171.3,Yes,0,0,25,75,12,6,0.16,Credit Card,Windows Laptop,Google Ads,None,Express,1,5,Medium,Yes
CUST102852,Meera Yadav,22,Male,Delhi,New Delhi,30-03-2025,21-09-2025,Electronics,4,6426.74,1606.68,0,No,0,0,11,55,6,2,0.091,Debit Card,Android,Direct,Silver,Same Day,0,4.5,Medium,No
CUST102853,Devansh Venkataraman,35,Female,Karnataka,Bengaluru,28-05-2026,15-08-2026,Books,3,4345.34,1448.45,1780.45,Yes,0,0,19,76,10,7,0.211,UPI,iPhone,Direct,None,Standard,0,3.1,Low,No
CUST102854,Sarthak Dalal,24,Male,Assam,Dibrugarh,09-04-2025,09-05-2026,Fashion,5,11878.04,2375.61,4508.54,Yes,0,0,22,44,8,5,0.091,Credit Card,Android,Direct,Silver,Standard,0,4.9,Medium,No
CUST102855,Pranit Ahluwalia,21,Male,Maharashtra,Pune,06-11-2024,22-07-2025,Fashion,7,29384.85,4197.84,0,No,1,0.14,18,36,5,2,0.056,UPI,iPhone,Email,None,Express,0,3.4,Medium,Yes
CUST102856,Dipta Das,30,Female,Rajasthan,Jodhpur,31-03-2024,14-10-2024,Fashion,3,5259.65,1753.22,0,No,0,0,16,80,15,6,0.25,Net Banking,Android,Organic Search,None,Standard,1,3.3,Low,No
CUST102857,Kabir Jhaveri,24,Male,Delhi,New Delhi,24-10-2024,05-05-2026,Electronics,10,11669.13,1166.91,2707.15,Yes,0,0,16,32,6,3,0.062,UPI,MacBook,Instagram,Silver,Standard,2,4.2,Medium,No
CUST102858,Gagan Kunda,37,Male,West Bengal,Howrah,20-11-2024,05-06-2026,Grocery,7,22608.45,3229.78,,No,1,0.14,20,120,23,10,0.25,Credit Card,Android,Instagram,Silver,Same Day,0,3.8,Medium,No
CUST102859,Frado Dash,38,Female,West Bengal,Siliguri,06-10-2024,21-01-2025,Books,4,2365.26,591.32,767.56,Yes,0,0,16,48,5,1,0.062,Net Banking,Android,Instagram,None,Express,0,4.7,Medium,No
CUST102860,Januja Garg,18,Female,Karnataka,Mangaluru,11-12-2025,15-08-2026,Beauty & Personal Care,3,3166.36,1055.45,1063.46,Yes,0,0,19,114,13,4,0.158,Cash on Delivery,Windows Laptop,Referral,Silver,Standard,0,4.5,Low,No
CUST102861,Aadi Kothari,24,Female,Haryana,Gurugram,27-04-2024,17-10-2024,Fashion,4,2158.77,539.69,0,No,0,0,15,60,6,3,0.067,UPI,Windows Laptop,Referral,None,Standard,0,3.9,Medium,Yes
CUST102862,Chakradhar Venkataraman,19,Female,Tamil Nadu,Madurai,25-11-2025,15-08-2026,Fashion,5,6036.15,1207.23,0,No,1,0.2,15,75,7,3,0.133,Credit Card,iPhone,Instagram,Platinum,Standard,2,4.5,Medium,No
CUST102863,Sai Dey,27,Male,Jharkhand,Ranchi,20-07-2025,30-01-2026,Home & Kitchen,2,4017.96,2008.98,0,No,2,1,17,51,10,5,0.118,UPI,Windows Laptop,Referral,Silver,Express,0,5,Low,Yes
CUST102864,Dhriti Virk,35,Female,Uttar Pradesh,Noida,27-09-2024,23-12-2025,Mobile Accessories,3,3820.58,1273.53,0,No,3,1,12,36,2,1,0.083,UPI,iPhone,Organic Search,None,Standard,3,3.9,Low,No
CUST102865,Yashvi Kadakia,29,Female,Gujarat,Ahmedabad,31-05-2025,22-06-2026,Fashion,4,4795.4,1198.85,1706.44,Yes,0,0,24,144,24,13,0.333,UPI,Android,YouTube,None,Express,0,4.3,Medium,No
CUST102866,Chaitanya Khalsa,26,Other,Uttar Pradesh,Lucknow,10-04-2024,24-02-2025,Grocery,5,8273.85,1654.77,1084.62,Yes,0,0,16,32,6,4,0.125,UPI,Tablet,YouTube,Silver,Standard,0,4.5,Medium,Yes
CUST102867,Raghav Dhar,41,Female,Rajasthan,Jaipur,22-01-2025,19-02-2026,Home & Kitchen,4,4227.29,1056.82,0,No,0,0,22,88,9,5,0.091,UPI,Windows Laptop,Google Ads,Platinum,Express,0,4.5,Medium,No
CUST102868,Tanveer Desai,18,Female,Kerala,Thiruvananthapuram,12-10-2024,01-06-2025,Fashion,6,4961.15,826.86,267.68,Yes,2,0.33,24,48,10,4,0.083,Cash on Delivery,Windows Laptop,Instagram,Silver,Express,1,5,Medium,Yes
CUST102869,Jagrati Mall,41,Female,Tamil Nadu,Chennai,22-02-2024,30-01-2025,Home & Kitchen,8,4194.43,524.3,0,No,1,0.12,25,75,16,11,0.32,Credit Card,Windows Laptop,Direct,Gold,Same Day,1,4.9,Medium,Yes
CUST102870,Pahal Borde,27,Male,Telangana,Warangal,30-12-2025,15-08-2026,Electronics,4,9145.36,2286.34,0,No,0,0,22,44,7,2,0.045,Wallet,MacBook,Referral,Silver,Standard,1,3.4,Medium,No
CUST102871,Abha Raj,30,Male,Haryana,Faridabad,20-04-2026,15-08-2026,Sports & Fitness,4,3983.68,995.92,0,No,0,0,24,96,16,6,0.167,UPI,iPhone,Instagram,Gold,Same Day,0,3.4,Medium,No
CUST102872,Mugdha Shan,27,Female,Jharkhand,Jamshedpur,08-03-2026,15-08-2026,Fashion,5,4538.47,907.69,1756.98,Yes,0,0,18,54,5,2,0.056,Debit Card,iPhone,Referral,Silver,Express,0,4,Medium,No
CUST102873,Aachal Sandal,43,Female,Haryana,Gurugram,27-08-2024,29-12-2024,Grocery,3,2011.02,670.34,232.83,Yes,1,0.33,24,48,10,4,0.083,Cash on Delivery,Android,Google Ads,Silver,Standard,0,4.5,Low,Yes
CUST102874,Samar Bobal,21,Female,Gujarat,Ahmedabad,01-08-2024,05-03-2026,Electronics,6,7329.75,1221.62,2877.46,Yes,0,0,14,70,12,7,0.286,Cash on Delivery,Android,Google Ads,None,Standard,0,4.8,Medium,Yes
CUST102875,Reyansh Pradhan,31,Female,Madhya Pradesh,Indore,07-09-2025,15-08-2026,Mobile Accessories,6,10567.32,1761.22,0,No,0,0,22,44,6,2,0.045,Cash on Delivery,iPhone,Instagram,Silver,Express,0,4.8,Medium,No
CUST102876,Oni Dube,35,Male,Rajasthan,Udaipur,26-12-2024,09-01-2026,Fashion,4,4346.58,1086.64,0,No,0,0,20,100,15,6,0.2,UPI,Android,Instagram,Silver,Standard,0,4.1,Medium,Yes
CUST102877,Radha Raghavan,18,Female,Rajasthan,Jodhpur,29-12-2024,27-01-2025,Books,4,7398.14,1849.54,2886.71,Yes,0,0,28,168,27,18,0.429,Credit Card,Android,Direct,Gold,Express,1,4.5,Medium,No
CUST102878,Yug Brahmbhatt,24,Male,Karnataka,Mangaluru,03-01-2026,19-06-2026,Sports & Fitness,6,2817.2,469.53,926.25,Yes,0,0,20,80,8,4,0.1,Net Banking,Android,Direct,Gold,Standard,0,5,Medium,No
CUST102879,Jeet Wali,30,Male,Uttar Pradesh,Varanasi,01-05-2026,15-08-2026,Mobile Accessories,2,3146.29,1573.14,534.91,Yes,0,0,18,90,14,6,0.167,Credit Card,Android,Google Ads,Silver,Standard,1,4.5,Low,No
CUST102880,Niharika Bhatti,24,Male,Karnataka,Mysuru,09-05-2026,15-08-2026,Home & Kitchen,6,6981.34,1163.56,609.93,Yes,2,0.33,16,64,5,2,0.062,UPI,Tablet,Organic Search,None,Standard,1,4.4,Medium,No
CUST102881,Gaurav Patil,24,Female,Tamil Nadu,Chennai,01-12-2025,05-02-2026,Grocery,8,5661.98,707.75,0,No,1,0.12,22,132,21,10,0.227,UPI,iPhone,Organic Search,None,Standard,0,4.8,Medium,Yes
CUST102882,Anjali Dhingra,28,Male,Haryana,Faridabad,22-11-2024,20-03-2026,Fashion,5,3108.35,621.67,426.32,Yes,2,0.4,17,34,5,2,0.059,Debit Card,Android,Direct,Silver,Express,1,4.3,Medium,No
CUST102883,Anusha Anne,36,Female,Karnataka,Mysuru,15-04-2026,15-08-2026,Fashion,6,5825.47,970.91,1318.74,Yes,0,0,26,52,6,4,0.077,Net Banking,Android,Organic Search,Silver,Standard,0,4.6,Medium,No
CUST102884,Krishna Kapadia,28,Male,West Bengal,Durgapur,20-04-2025,15-08-2026,Home & Kitchen,9,5878.45,653.16,1542.17,Yes,1,0.11,26,130,12,8,0.192,UPI,Windows Laptop,YouTube,None,Express,1,5,Medium,No
CUST102885,Henry Dasgupta,40,Male,West Bengal,Siliguri,02-04-2026,15-08-2026,Electronics,6,8797.97,1466.33,2852.1,Yes,1,0.17,24,144,22,11,0.375,Wallet,Windows Laptop,Organic Search,None,Standard,0,3.3,Medium,No
CUST102886,Damini Suri,23,Female,Jharkhand,Ranchi,02-09-2025,15-08-2026,Mobile Accessories,5,7659.59,1531.92,0,No,1,0.2,19,38,5,2,0.053,UPI,Windows Laptop,Instagram,None,Express,0,4,Medium,No
CUST102887,Ikshita Manda,21,Female,Rajasthan,Jodhpur,06-04-2024,06-05-2024,Electronics,3,5024.84,1674.95,1647.21,Yes,1,0.33,23,69,8,5,0.174,Credit Card,Windows Laptop,Google Ads,Gold,Standard,0,3.7,Low,Yes
CUST102888,Hardik Bava,46,Male,Gujarat,Surat,22-11-2024,21-01-2026,Beauty & Personal Care,5,9290.21,1858.04,0,No,0,0,21,126,17,10,0.333,Credit Card,MacBook,Referral,Gold,Standard,2,3.6,Medium,Yes
CUST102889,Eesha Ramachandran,26,Male,Madhya Pradesh,Bhopal,13-03-2024,26-12-2024,Beauty & Personal Care,4,2399.75,599.94,804.45,Yes,0,0,18,54,4,1,0.056,Cash on Delivery,Android,Instagram,None,Standard,,3.7,Medium,Yes
CUST102890,Hemani Wali,21,Female,Punjab,Amritsar,12-09-2024,08-05-2026,Beauty & Personal Care,4,6017.09,1504.27,1021.71,Yes,0,0,22,66,6,3,0.091,Credit Card,Windows Laptop,Instagram,None,Standard,1,2.6,Medium,No
CUST102891,Vansha Datta,18,Male,Tamil Nadu,Madurai,12-01-2026,15-08-2026,Grocery,4,7281.65,1820.41,2968.83,Yes,0,0,18,108,10,7,0.278,UPI,Android,YouTube,Platinum,Express,2,3.8,Medium,No
CUST102892,Aditya Varghese,40,Female,Odisha,Cuttack,18-06-2024,02-10-2024,Electronics,4,6807.28,1701.82,0,No,0,0,24,48,7,2,0.042,Wallet,Windows Laptop,Referral,Gold,Standard,2,4.9,Medium,Yes
CUST102893,Jonathan Dhar,28,Male,Madhya Pradesh,Bhopal,28-11-2024,15-03-2026,Beauty & Personal Care,4,4653.23,1163.31,1098.86,Yes,0,0,22,132,15,5,0.136,Credit Card,Android,YouTube,None,Standard,0,3.2,Medium,Yes
CUST102894,Amara Bera,29,Male,Bihar,Gaya,05-06-2024,16-03-2025,Fashion,10,9374.68,937.47,2625.09,Yes,0,0,22,44,4,2,0.045,UPI,iPhone,Direct,Platinum,Standard,1,2.9,Medium,No
CUST102895,Zaid Sahota,30,Male,Maharashtra,Nagpur,22-02-2025,29-04-2025,Mobile Accessories,3,4954.29,1651.43,1205.32,Yes,0,0,27,108,18,10,0.148,Credit Card,Windows Laptop,Organic Search,Platinum,Express,4,3.7,Low,Yes
CUST102896,Qadim Sarna,39,Female,Haryana,Gurugram,02-04-2025,15-08-2025,Grocery,4,4002.11,1000.53,0,No,1,0.25,22,66,10,3,0.045,Credit Card,iPhone,Direct,Platinum,Express,0,3.6,Medium,Yes
CUST102897,Upadhriti Thakkar,30,Female,Uttar Pradesh,Kanpur,03-01-2026,08-03-2026,Mobile Accessories,5,12966.47,2593.29,2830.13,Yes,0,0,25,125,15,9,0.16,UPI,Windows Laptop,Referral,None,Standard,0,4.7,Medium,No
CUST102898,Anya Sangha,50,Male,Tamil Nadu,Madurai,25-05-2026,15-08-2026,Electronics,7,10043.26,1434.75,3622.5,Yes,1,0.14,10,60,12,4,0.2,Debit Card,Android,Organic Search,Silver,Standard,1,5,Medium,No
CUST102899,Dalaja Chahal,32,Female,Gujarat,Ahmedabad,07-05-2026,15-08-2026,Fashion,6,8433.84,1405.64,2986.1,Yes,0,0,18,90,12,8,0.167,Credit Card,Android,Instagram,Silver,Standard,1,5,Medium,No
CUST102900,Niharika Munshi,39,Female,West Bengal,Kolkata,08-04-2024,07-05-2025,Fashion,4,4538.2,1134.55,0,No,0,0,14,56,5,2,0.071,UPI,Tablet,Google Ads,Gold,Express,1,3.6,Medium,Yes
CUST102901,Fariq Bose,37,Female,Maharashtra,Pune,01-01-2026,15-08-2026,Electronics,3,3166.28,1055.43,0,No,0,0,21,84,17,7,0.238,UPI,Windows Laptop,Referral,None,Standard,0,4.5,Low,No
CUST102902,Girik Gandhi,31,Male,Madhya Pradesh,Indore,31-08-2024,06-10-2025,Fashion,3,4168.51,1389.5,1627.32,Yes,1,0.33,17,51,9,5,0.176,Credit Card,iPhone,Direct,None,Same Day,1,4.1,Low,No
CUST102903,Frado Mangal,26,Male,West Bengal,Siliguri,09-02-2026,15-08-2026,Grocery,6,8574.75,1429.12,0,No,0,0,24,120,22,9,0.25,Net Banking,Windows Laptop,Direct,None,Standard,1,4.4,Medium,No
CUST102904,Advaith Samra,34,Female,Gujarat,Ahmedabad,21-04-2025,18-02-2026,Fashion,5,3711.95,742.39,231.9,Yes,0,0,21,84,16,9,0.333,Credit Card,Android,Direct,Gold,Standard,0,4.5,Medium,Yes
CUST102905,Varsha Tank,35,Male,Uttar Pradesh,Varanasi,16-03-2025,27-06-2026,Home & Kitchen,2,3231.67,1615.84,681.66,Yes,0,0,19,57,10,5,0.105,Net Banking,Android,Instagram,Silver,Standard,3,4.1,Low,No
CUST102906,Nidra Atwal,26,Male,West Bengal,Durgapur,12-07-2024,01-08-2025,Books,7,11168.71,1595.53,0,No,0,0,19,114,22,9,0.316,Cash on Delivery,MacBook,Instagram,Silver,Standard,0,3.4,Medium,No
CUST102907,Abhimanyu Sandal,32,Female,Andhra Pradesh,Visakhapatnam,09-01-2025,26-07-2025,Grocery,6,4857.69,809.61,671.06,Yes,0,0,28,168,18,11,0.25,Debit Card,iPhone,Organic Search,Gold,Standard,0,3.6,Medium,Yes
CUST102908,Yash Wable,41,Male,Delhi,New Delhi,23-10-2025,30-05-2026,Home & Kitchen,5,6634.42,1326.88,789,Yes,0,0,30,150,24,11,0.2,Debit Card,Tablet,Google Ads,Silver,Standard,1,4.2,Medium,No
CUST102909,Saumya Ganguly,48,Male,Tamil Nadu,Chennai,01-01-2025,06-07-2025,Fashion,5,5700.36,1140.07,0,No,0,0,26,78,13,8,0.154,Debit Card,Android,YouTube,Gold,Standard,0,4.4,Medium,Yes
CUST102910,Parth Borde,38,Male,Tamil Nadu,Coimbatore,03-06-2024,25-01-2025,Home & Kitchen,3,2219.16,739.72,806.37,Yes,1,0.33,17,51,6,2,0.059,Credit Card,Windows Laptop,Email,None,Standard,1,3.7,Low,No
CUST102911,Kiaan Varkey,46,Female,Delhi,Delhi,13-05-2025,11-11-2025,Electronics,3,6406.18,2135.39,439.18,Yes,0,0,16,48,10,6,0.188,Credit Card,Android,Organic Search,Silver,Express,0,3.9,Low,No
CUST102912,Charan Sami,26,Male,West Bengal,Siliguri,17-06-2025,02-03-2026,Beauty & Personal Care,6,17301.04,2883.51,0,No,1,0.17,21,42,8,4,0.095,UPI,Android,Direct,None,Standard,3,4.9,Medium,No
CUST102913,Ladli Garde,37,Female,Kerala,Thiruvananthapuram,02-04-2025,20-11-2025,Fashion,5,4351.57,870.31,452.82,Yes,0,0,24,96,19,9,0.292,Credit Card,Android,Organic Search,Gold,Same Day,0,4.1,Medium,Yes
CUST102914,Isaiah Nigam,42,Female,Andhra Pradesh,Visakhapatnam,19-09-2025,28-11-2025,Sports & Fitness,4,4982.92,1245.73,1244.84,Yes,1,0.25,20,60,6,4,0.05,Debit Card,Android,Organic Search,Silver,Express,2,4.4,Medium,Yes
CUST102915,Jacob Mannan,24,Female,Delhi,New Delhi,22-04-2024,02-12-2025,Grocery,6,15782.13,2630.36,2985.54,Yes,1,0.17,23,46,3,1,0.043,UPI,Android,Google Ads,Gold,Standard,1,5,Medium,No
CUST102916,Vasudha Memon,27,Male,Bihar,Muzaffarpur,23-12-2025,15-08-2026,Beauty & Personal Care,5,2250.93,450.19,294.26,Yes,0,0,12,24,2,1,0.083,UPI,Android,YouTube,None,Standard,2,4.2,Medium,No
CUST102917,Tanay Agate,45,Male,Kerala,Kozhikode,24-01-2024,23-07-2024,Fashion,7,29705.28,4243.61,12750.22,Yes,0,0,23,138,27,14,0.304,UPI,MacBook,YouTube,None,Standard,1,3.8,Medium,Yes
CUST102918,Teerth Mody,23,Female,Punjab,Amritsar,09-10-2024,26-03-2026,Fashion,7,11125.91,1589.42,4814.16,Yes,0,0,27,108,16,7,0.111,UPI,MacBook,Google Ads,Silver,Same Day,0,3.8,Medium,No
CUST102919,Ubika Sura,20,Male,Gujarat,Vadodara,18-10-2024,23-03-2025,Grocery,6,13476.28,2246.05,3713.9,Yes,1,0.17,16,96,11,4,0.125,Net Banking,Android,Direct,None,Standard,2,4.5,Medium,Yes
CUST102920,Ishani Ahuja,43,Female,Tamil Nadu,Madurai,28-12-2024,16-05-2025,Home & Kitchen,5,2229.22,445.84,0,No,2,0.4,28,112,21,14,0.321,Net Banking,Android,YouTube,Silver,Standard,2,3,Medium,Yes
CUST102921,Falguni Misra,41,Male,Tamil Nadu,Madurai,04-02-2025,19-05-2025,Fashion,4,2750.93,687.73,779.36,Yes,0,0,17,102,17,12,0.294,UPI,iPhone,Email,Gold,Standard,0,5,Medium,Yes
CUST102922,Hredhaan Ahluwalia,34,Female,Kerala,Kozhikode,21-07-2025,11-06-2026,Fashion,7,5596.33,799.48,2358.29,Yes,0,0,14,28,4,2,0.071,Cash on Delivery,Windows Laptop,Direct,None,Standard,0,4.9,Medium,No
CUST102923,Quincy Ratti,31,Male,Punjab,Ludhiana,22-09-2024,12-10-2025,Electronics,7,5715.65,816.52,1149.44,Yes,0,0,24,72,13,6,0.125,UPI,Android,Google Ads,None,Standard,1,3.2,Medium,No
CUST102924,Aditya Chaudhuri,27,Female,Karnataka,Mysuru,23-02-2024,10-10-2024,Grocery,9,3353.02,372.56,0,No,0,0,15,45,6,3,0.067,Credit Card,MacBook,Organic Search,Silver,Standard,0,3.7,Medium,Yes
CUST102925,Vyanjana Hora,33,Male,Telangana,Warangal,28-04-2026,15-08-2026,Fashion,4,2788.11,697.03,0,No,0,0,24,96,9,6,0.125,Credit Card,Android,YouTube,Silver,Standard,1,3.7,Medium,No
CUST102926,Yoshita Dube,44,Male,Assam,Guwahati,11-09-2025,15-08-2026,Home & Kitchen,7,5177.9,739.7,1618.13,Yes,0,0,15,45,9,6,0.133,Debit Card,Android,Google Ads,Silver,Standard,1,4.5,Medium,No
CUST102927,Jatin Sura,33,Female,Madhya Pradesh,Indore,14-12-2025,02-07-2026,Home & Kitchen,4,2812.55,703.14,142.19,Yes,0,0,22,132,26,10,0.364,Debit Card,Android,Google Ads,Silver,Same Day,0,3.6,Medium,Yes
CUST102928,Nachiket Krishna,48,Female,Andhra Pradesh,Vijayawada,14-12-2025,30-05-2026,Beauty & Personal Care,3,8768.01,2922.67,3432.17,Yes,1,0.33,25,150,17,11,0.32,UPI,iPhone,Organic Search,Silver,Standard,0,2.4,Medium,No
CUST102929,Upma Rana,24,Female,Kerala,Thiruvananthapuram,25-02-2025,15-08-2026,Books,4,7894.94,1973.74,2481.37,Yes,0,0,21,105,13,8,0.19,UPI,iPhone,Email,None,Standard,0,5,Medium,No
CUST102930,Chandani Patla,31,Female,Telangana,Hyderabad,28-04-2026,15-08-2026,Sports & Fitness,5,4029.01,805.8,0,No,0,0,23,115,22,15,0.304,UPI,Android,Email,None,Express,0,2.5,Medium,No
CUST102931,Qabil Yadav,28,Female,Uttar Pradesh,Kanpur,13-06-2026,15-08-2026,Home & Kitchen,2,3539.8,1769.9,181.58,Yes,0,0,19,57,12,4,0.105,Wallet,MacBook,YouTube,Silver,Express,3,5,Low,Yes
CUST102932,Ikbal Sarna,22,Male,Bihar,Gaya,18-04-2025,15-08-2026,Electronics,3,5521,1840.33,2423.28,Yes,0,0,19,76,14,9,0.316,UPI,Android,Google Ads,Gold,Standard,0,3.8,Low,No
CUST102933,Neel Dey,30,Male,Maharashtra,Pune,30-12-2025,11-06-2026,Home & Kitchen,11,5155.17,468.65,1813.96,Yes,1,0.09,19,38,3,1,0.053,Cash on Delivery,Android,Direct,Gold,Standard,1,4.1,Medium,No
CUST102934,Radha Ahluwalia,34,Female,Uttar Pradesh,Varanasi,30-08-2024,29-05-2026,Beauty & Personal Care,4,6116.21,1529.05,1198.9,Yes,1,0.25,20,120,16,9,0.35,Credit Card,Android,Google Ads,None,Standard,3,3.9,Medium,No
CUST102935,Rushil Choudhry,35,Male,Kerala,Kochi,19-12-2024,18-06-2026,Beauty & Personal Care,3,2942.1,980.7,0,No,0,0,24,120,22,10,0.292,Debit Card,iPhone,YouTube,Silver,Standard,0,3.8,Low,No
CUST102936,Bhavani Baria,48,Female,Karnataka,Mysuru,22-01-2025,14-03-2026,Grocery,7,14187.37,2026.77,3767.37,Yes,1,0.14,25,100,14,9,0.24,UPI,Android,Organic Search,None,Express,1,4.1,Medium,No
CUST102937,Megha Sama,35,Male,Madhya Pradesh,Bhopal,26-06-2024,06-06-2025,Electronics,6,4500.14,750.02,1518.58,Yes,0,0,24,48,8,4,0.042,UPI,Windows Laptop,Organic Search,None,Express,1,3.9,Medium,Yes
CUST102938,Azad Dyal,40,Male,Uttar Pradesh,Varanasi,19-04-2025,16-12-2025,Beauty & Personal Care,5,8039.48,1607.9,958.08,Yes,0,0,15,30,2,1,0.067,Cash on Delivery,Android,Direct,None,Standard,1,,Medium,No
CUST102939,Varenya Lata,32,Male,Jharkhand,Jamshedpur,26-07-2025,02-08-2026,Fashion,2,5146.63,2573.32,660.27,Yes,0,0,25,100,10,7,0.16,UPI,Android,Referral,Silver,Standard,0,4.5,Low,Yes
CUST102940,Oviya Suresh,44,Female,West Bengal,Durgapur,08-02-2025,15-08-2026,Grocery,6,11564.15,1927.36,801.49,Yes,0,0,12,24,4,2,0.083,Cash on Delivery,MacBook,Organic Search,Silver,Express,0,3.9,Medium,No
CUST102941,Joshua Nair,50,Female,Delhi,Delhi,05-02-2024,31-12-2024,Fashion,7,3144.53,449.22,0,No,0,0,25,125,13,8,0.16,Credit Card,Android,YouTube,Platinum,Standard,0,5,Medium,No
CUST102942,Yachana Ramachandran,35,Male,Uttar Pradesh,Kanpur,23-12-2024,11-02-2025,Grocery,5,27722.14,5544.43,0,No,0,0,21,63,13,5,0.19,Debit Card,Windows Laptop,Organic Search,Gold,Express,0,3.5,Medium,Yes
CUST102943,Imaran Chokshi,23,Male,Tamil Nadu,Coimbatore,11-07-2025,15-08-2026,Electronics,7,13516.08,1930.87,0,No,0,0,25,150,19,12,0.32,UPI,Android,Referral,None,Express,1,,Medium,Yes
CUST102944,Jonathan Dugal,27,Female,Kerala,Thiruvananthapuram,29-08-2025,15-08-2026,Home & Kitchen,2,2221.42,1110.71,493.4,Yes,1,0.5,24,120,12,7,0.167,Debit Card,Android,Organic Search,Gold,Express,3,3.7,Low,No
CUST102945,Xiti Arya,33,Male,Kerala,Thiruvananthapuram,22-11-2024,07-02-2026,Grocery,6,11896.68,1982.78,0,No,0,0,25,125,13,7,0.2,Net Banking,Android,Google Ads,Silver,Same Day,0,3.7,Medium,No
CUST102946,Charles Oommen,35,Female,Maharashtra,Mumbai,13-02-2024,22-05-2025,Fashion,5,19316.56,3863.31,5563.04,Yes,0,0,20,120,12,4,0.1,UPI,MacBook,Google Ads,Gold,Standard,1,4.1,Medium,Yes
CUST102947,Abhiram Saraf,37,Female,Rajasthan,Udaipur,15-11-2024,27-02-2025,Sports & Fitness,3,2085.17,695.06,680.19,Yes,0,0,23,69,8,3,0.043,Cash on Delivery,Windows Laptop,YouTube,Silver,Express,0,4.6,Low,No
CUST102948,Bimala Manda,35,Female,Rajasthan,Jaipur,07-01-2026,15-08-2026,Beauty & Personal Care,4,8156.43,2039.11,2656.33,Yes,1,0.25,26,78,12,7,0.192,Credit Card,iPhone,Organic Search,None,Standard,1,4.7,Medium,No
CUST102949,Fitan Sanghvi,31,Female,Telangana,Warangal,19-10-2025,27-04-2026,Beauty & Personal Care,7,8831.76,1261.68,0,No,0,0,26,52,10,6,0.154,UPI,Android,Referral,None,Express,0,4,Medium,No
CUST102950,Michael Vaidya,26,Male,Jharkhand,Jamshedpur,16-04-2025,24-06-2026,Fashion,3,3179.47,1059.82,1051.82,Yes,0,0,27,54,11,6,0.111,Cash on Delivery,Android,Instagram,None,Standard,0,5,Low,No
CUST102951,Zaid Mand,34,Female,Punjab,Ludhiana,25-09-2024,29-03-2025,Home & Kitchen,4,5330.18,1332.54,2113.68,Yes,2,0.5,23,46,7,3,0.087,UPI,Android,Google Ads,None,Standard,0,4.7,Medium,No
CUST102952,Adya Kota,46,Female,Odisha,Bhubaneswar,08-06-2025,21-07-2026,Beauty & Personal Care,5,2136.04,427.21,0,No,0,0,36,180,30,16,0.25,Net Banking,iPhone,Email,Silver,Standard,1,4.3,Medium,No
CUST102953,Rushil Som,39,Female,Kerala,Thiruvananthapuram,25-01-2024,31-10-2024,Home & Kitchen,5,9749.24,1949.85,0,No,0,0,17,34,5,2,0.059,UPI,Android,YouTube,Silver,Standard,1,4.6,Medium,Yes
CUST102954,Yadavi Golla,35,Male,Gujarat,Ahmedabad,11-02-2026,15-08-2026,Grocery,7,2865.83,409.4,0,No,0,0,22,66,8,2,0.045,Debit Card,Android,Direct,None,Standard,1,,Medium,Yes
CUST102955,Manthan Karnik,39,Female,Assam,Dibrugarh,01-10-2025,26-02-2026,Home & Kitchen,5,4761.65,952.33,764.09,Yes,0,0,24,96,14,9,0.25,Debit Card,Android,Instagram,Silver,Standard,2,4.9,Medium,No
CUST102956,Kevin Rattan,28,Female,Odisha,Bhubaneswar,04-07-2025,13-08-2025,Fashion,6,6984.37,1164.06,2338.66,Yes,0,0,22,110,11,7,0.182,Credit Card,Android,Google Ads,Gold,Standard,0,3.2,Medium,No
CUST102957,Anusha Handa,27,Female,Kerala,Kozhikode,05-06-2024,23-03-2025,Fashion,6,7098.36,1183.06,629.64,Yes,0,0,17,85,10,6,0.118,Cash on Delivery,Android,Organic Search,None,Standard,0,4.4,Medium,No
CUST102958,Pooja Badami,25,Male,Haryana,Gurugram,25-05-2026,15-08-2026,Electronics,10,3540.08,354.01,1096.31,Yes,1,0.1,23,92,9,5,0.087,UPI,Android,YouTube,None,Standard,2,4,Medium,No
CUST102959,Gavin Behl,30,Male,Tamil Nadu,Madurai,03-07-2024,02-10-2025,Fashion,6,11333.2,1888.87,2880.13,Yes,1,0.17,18,90,17,7,0.278,Cash on Delivery,Android,Direct,None,Standard,2,3.1,Medium,Yes
CUST102960,Nikita Vohra,28,Female,Madhya Pradesh,Bhopal,22-06-2024,04-09-2025,Grocery,9,4919.29,546.59,1918.23,Yes,1,0.11,18,72,7,2,0.056,Credit Card,Android,Organic Search,Silver,Standard,1,3.2,Medium,No
CUST102961,Vihaan Kapadia,41,Male,Karnataka,Mysuru,28-01-2025,13-03-2025,Sports & Fitness,6,4811.23,801.87,0,No,0,0,22,110,20,8,0.273,UPI,Windows Laptop,Direct,Gold,Same Day,0,4.1,Medium,No
CUST102962,Pooja Srinivas,27,Male,Telangana,Warangal,04-07-2024,26-11-2025,Fashion,6,5991.24,998.54,1325.49,Yes,0,0,22,88,7,4,0.136,Credit Card,Tablet,YouTube,Silver,Express,1,4,Medium,No
CUST102963,Yashvi Sane,25,Female,Tamil Nadu,Coimbatore,07-10-2024,30-04-2025,Mobile Accessories,6,7773.42,1295.57,3292.15,Yes,1,0.17,28,112,19,9,0.25,Cash on Delivery,Windows Laptop,Organic Search,None,Express,0,3.6,Medium,No
CUST102964,Daksha Choudhary,47,Male,Andhra Pradesh,Visakhapatnam,08-08-2025,25-02-2026,Home & Kitchen,5,9533.7,1906.74,4039.49,Yes,0,0,24,72,13,4,0.125,UPI,Android,Direct,Silver,Standard,1,3.8,Medium,No
CUST102965,Januja Mand,27,Male,Haryana,Faridabad,21-10-2024,24-03-2025,Books,4,4697.56,1174.39,301.98,Yes,0,0,24,96,9,6,0.125,Debit Card,Windows Laptop,Direct,None,Express,1,,Medium,Yes
CUST102966,Omya Koshy,32,Male,Odisha,Cuttack,11-06-2025,11-05-2026,Grocery,5,18635.61,3727.12,4551.3,Yes,0,0,14,56,10,4,0.143,Credit Card,Android,Organic Search,None,Same Day,0,3.1,Medium,No
CUST102967,Champak Gopal,35,Male,Kerala,Kochi,06-07-2024,24-07-2025,Grocery,7,13071.48,1867.35,1495.16,Yes,0,0,19,114,18,6,0.158,UPI,Android,Direct,None,Standard,2,3.9,Medium,Yes
CUST102968,Aadi Ben,22,Male,Uttar Pradesh,Varanasi,15-02-2025,23-12-2025,Electronics,7,12261.96,1751.71,1955.57,Yes,0,0,22,110,19,9,0.318,Net Banking,Android,Google Ads,None,Express,0,2.8,Medium,No
CUST102969,Simon Mangal,41,Male,Jharkhand,Jamshedpur,14-11-2025,16-06-2026,Fashion,2,2123.66,1061.83,0,No,1,0.5,25,125,22,9,0.2,Credit Card,Android,Referral,None,Standard,2,3.9,Low,No
CUST102970,Ati Chaudhuri,36,Male,Rajasthan,Jaipur,04-07-2024,01-08-2025,Electronics,2,2732.93,1366.46,0,No,0,0,23,46,4,1,0.043,Cash on Delivery,Tablet,Google Ads,Silver,Standard,3,4.4,Low,Yes
CUST102971,Qasim Krishnan,43,Female,Telangana,Hyderabad,27-06-2025,29-09-2025,Grocery,9,9692.5,1076.94,0,No,0,0,25,100,19,13,0.28,Credit Card,Android,Instagram,Gold,Standard,0,4,Medium,No
CUST102972,Januja Natt,26,Female,Karnataka,Mangaluru,28-07-2025,15-08-2026,Fashion,3,3203.25,1067.75,1091.83,Yes,0,0,25,100,18,10,0.28,UPI,Tablet,Google Ads,Gold,Standard,0,4.4,Low,No
CUST102973,Isaac Chatterjee,32,Male,Madhya Pradesh,Indore,10-05-2026,15-08-2026,Grocery,7,47574.28,6796.33,14583.31,Yes,0,0,16,80,13,7,0.25,Net Banking,Android,Referral,Silver,Standard,1,3.6,Medium,No
CUST102974,Kalpit Narula,31,Male,Kerala,Kochi,27-10-2024,27-07-2025,Fashion,2,6929.55,3464.78,0,No,0,0,21,42,6,4,0.095,UPI,Tablet,Email,None,Express,1,2.7,Low,Yes
CUST102975,Janaki Wadhwa,33,Male,Telangana,Warangal,04-11-2024,24-07-2026,Sports & Fitness,5,3902.56,780.51,1041.69,Yes,0,0,26,78,15,5,0.077,Credit Card,iPhone,Referral,Silver,Standard,0,4.5,Medium,No
CUST102976,Wazir Majumdar,19,Female,West Bengal,Howrah,07-07-2024,16-01-2026,Electronics,5,10064.49,2012.9,4308.93,Yes,1,0.2,22,88,17,6,0.091,UPI,Android,Direct,Silver,Express,0,,Medium,No
CUST102977,Leena Chahal,32,Female,Punjab,Ludhiana,28-03-2026,10-08-2026,Electronics,8,11907.31,1488.41,0,No,1,0.12,24,144,18,12,0.375,UPI,Windows Laptop,Organic Search,None,Standard,0,3.3,Medium,No
CUST102978,Kalpit Dara,20,Male,West Bengal,Howrah,14-02-2025,24-04-2025,Fashion,6,4784.07,797.34,980.07,Yes,1,0.17,17,85,13,5,0.118,UPI,iPhone,YouTube,None,Express,0,3.8,Medium,No
CUST102979,Rayaan Hans,34,Male,Odisha,Cuttack,21-06-2025,15-08-2026,Home & Kitchen,7,30001.31,4285.9,8801.95,Yes,0,0,17,34,4,2,0.059,Cash on Delivery,Windows Laptop,Direct,None,Standard,1,3.5,Medium,Yes
CUST102980,Hardik Borde,18,Female,Andhra Pradesh,Vijayawada,21-01-2025,22-02-2025,Fashion,5,5624.29,1124.86,0,No,1,0.2,21,84,11,4,0.143,UPI,iPhone,Instagram,Silver,Express,0,,Medium,No
CUST102981,Charvi Som,18,Female,Gujarat,Surat,07-05-2026,15-08-2026,Grocery,6,14673.16,2445.53,2773.47,Yes,0,0,15,30,5,2,0.067,Credit Card,Android,Direct,None,Standard,0,3.4,Medium,No
CUST102982,Mitesh Bassi,38,Male,Delhi,Delhi,04-07-2025,15-08-2026,Electronics,7,5864.27,837.75,0,No,1,0.14,21,126,21,10,0.381,Credit Card,iPhone,Organic Search,Gold,Standard,0,3.5,Medium,No
CUST102983,Rehaan Sahota,27,Female,Odisha,Cuttack,11-07-2024,12-11-2024,Fashion,3,7733.28,2577.76,0,No,0,0,21,42,6,2,0.048,Net Banking,Windows Laptop,Direct,None,Express,0,4.1,Medium,Yes
CUST102984,Idika Pau,23,Female,Punjab,Amritsar,11-06-2024,22-05-2025,Sports & Fitness,2,4821.4,2410.7,0,No,1,0.5,23,115,21,12,0.391,Cash on Delivery,Android,Organic Search,Gold,Express,4,,Low,Yes
CUST102985,Jacob Sarin,41,Female,Uttar Pradesh,Lucknow,22-02-2024,01-10-2025,Electronics,5,3371.49,674.3,0,No,0,0,19,57,12,8,0.316,Debit Card,Android,Organic Search,None,Standard,0,3.9,Medium,Yes
CUST102986,Vasudha Saini,34,Male,Andhra Pradesh,Visakhapatnam,19-04-2025,22-01-2026,Mobile Accessories,3,3921.1,1307.03,0,No,0,0,17,51,6,2,0.059,Net Banking,Android,Google Ads,Gold,Standard,1,2.7,Low,No
CUST102987,Ojas Mahal,38,Other,West Bengal,Durgapur,22-06-2024,31-03-2025,Mobile Accessories,8,8843.24,1105.4,0,No,0,0,21,63,6,2,0.048,Credit Card,Tablet,Email,Gold,Standard,1,3,Medium,Yes
CUST102988,Bimala Bath,30,Male,Rajasthan,Udaipur,14-07-2024,06-10-2025,Electronics,4,12675.16,3168.79,3918.65,Yes,1,0.25,24,48,10,3,0.042,Cash on Delivery,Tablet,Organic Search,Silver,Standard,0,4.2,Medium,Yes
CUST102989,Ranveer Rao,52,Female,Kerala,Kozhikode,29-07-2024,05-11-2025,Fashion,5,13766.08,2753.22,0,No,0,0,24,96,20,8,0.125,Cash on Delivery,MacBook,Direct,Gold,Same Day,0,3.3,Medium,No
CUST102990,Yochana Borde,26,Female,Haryana,Gurugram,28-02-2026,15-08-2026,Fashion,3,3772.94,1257.65,545.13,Yes,1,0.33,26,104,14,6,0.115,Cash on Delivery,iPhone,Organic Search,None,Express,1,4.4,Low,Yes
CUST102991,Raksha Upadhyay,45,Male,Karnataka,Bengaluru,30-11-2025,30-04-2026,Grocery,6,6514.3,1085.72,878.2,Yes,1,0.17,18,72,12,8,0.278,UPI,Windows Laptop,Organic Search,None,Standard,0,2.5,Medium,Yes
CUST102992,Madhavi Rattan,31,Female,Madhya Pradesh,Indore,24-01-2025,15-08-2026,Beauty & Personal Care,2,2657.2,1328.6,0,No,0,0,26,156,14,9,0.192,Cash on Delivery,MacBook,YouTube,None,Express,0,3.7,Low,No
CUST102993,Samuel Gour,18,Male,Uttar Pradesh,Lucknow,03-11-2024,19-12-2025,Beauty & Personal Care,10,6238.74,623.87,0,No,0,0,23,92,7,4,0.087,Credit Card,MacBook,Email,Platinum,Standard,1,,Medium,Yes
CUST102994,Nathaniel Kamdar,35,Male,Gujarat,Surat,01-04-2025,16-10-2025,Grocery,3,8977.23,2992.41,2460.78,Yes,0,0,24,120,11,4,0.042,UPI,iPhone,Direct,None,Standard,0,3.1,Medium,Yes
CUST102995,Yochana Shah,34,Male,Maharashtra,Pune,26-11-2024,26-01-2026,Electronics,6,5766.58,961.1,1777.17,Yes,2,0.33,27,54,10,4,0.111,UPI,Android,Organic Search,None,Standard,0,3,Medium,Yes
CUST102996,Chavvi Kannan,23,Female,Haryana,Gurugram,26-12-2025,15-08-2026,Sports & Fitness,2,3059.37,1529.68,1156.3,Yes,0,0,25,125,18,8,0.12,Debit Card,MacBook,Email,None,Standard,0,3.9,Low,No
CUST102997,Amrita Dani,24,Male,Karnataka,Mysuru,09-05-2025,08-04-2026,Grocery,5,12250.96,2450.19,936.84,Yes,0,0,19,57,9,5,0.105,UPI,Windows Laptop,Organic Search,Silver,Standard,1,3.6,Medium,No
CUST102998,Udarsh Bath,31,Female,Tamil Nadu,Chennai,24-11-2024,07-07-2026,Beauty & Personal Care,3,5267.56,1755.85,1182.43,Yes,0,0,16,80,12,4,0.125,UPI,Android,Referral,None,Standard,2,3.6,Low,Yes
CUST102999,Bishakha Baral,34,Male,Tamil Nadu,Madurai,29-01-2024,03-01-2025,Books,6,6237.03,1039.5,2268.3,Yes,1,0.17,25,125,13,5,0.12,Debit Card,Android,Organic Search,Silver,Standard,2,3.3,Medium,No
CUST103000,Arunima Deol,18,Male,Haryana,Gurugram,13-11-2025,15-08-2026,Grocery,7,5866.3,838.04,0,No,1,0.14,22,110,21,11,0.318,UPI,Tablet,Google Ads,Silver,Same Day,0,4.7,Medium,No
CUST103001,Charan Kothari,39,Male,Odisha,Cuttack,01-05-2024,06-07-2025,Fashion,8,10821.76,1352.72,859.86,Yes,0,0,24,144,15,5,0.083,UPI,iPhone,Email,Silver,Standard,1,4.1,Medium,No
CUST103002,Jack Agarwal,27,Female,Madhya Pradesh,Bhopal,02-04-2025,15-08-2026,Home & Kitchen,4,4979.02,1244.76,271.65,Yes,0,0,16,32,3,1,0.062,Debit Card,Android,Organic Search,None,Same Day,1,3.8,Medium,No
CUST103003,Jyoti Nair,20,Male,Delhi,New Delhi,21-02-2025,05-06-2025,Home & Kitchen,7,35424.32,5060.62,0,No,1,0.14,20,80,13,6,0.15,Debit Card,Android,YouTube,None,Standard,0,4.5,Medium,No
CUST103004,Aishani Deol,39,Male,Bihar,Gaya,07-06-2024,05-09-2025,Electronics,9,7625.44,847.27,0,No,0,0,18,90,18,8,0.222,Net Banking,Android,Email,None,Standard,0,4.1,Medium,No
CUST103005,Chaitaly Nair,31,Male,Uttar Pradesh,Noida,20-08-2025,17-11-2025,Mobile Accessories,6,5897.49,982.92,1657.88,Yes,0,0,20,60,12,5,0.2,Cash on Delivery,iPhone,Organic Search,None,Standard,1,3.5,Medium,No
CUST103006,Advaith Parekh,41,Male,Punjab,Chandigarh,24-03-2026,15-08-2026,Electronics,2,1825.19,912.6,160.07,Yes,0,0,25,50,7,4,0.12,UPI,Android,Email,None,Standard,2,4.3,Low,No
CUST103007,Ati Goda,35,Female,Assam,Dibrugarh,30-05-2025,07-03-2026,Grocery,9,8711.54,967.95,0,No,0,0,21,42,7,3,0.048,Credit Card,Windows Laptop,Google Ads,None,Standard,,5,Medium,No
CUST103008,Amol Yogi,31,Female,West Bengal,Siliguri,02-01-2024,10-10-2025,Home & Kitchen,2,4007.4,2003.7,453.7,Yes,0,0,22,110,21,12,0.273,Credit Card,Android,Google Ads,Silver,Standard,0,3.9,Low,Yes
CUST103009,Lavanya Kurian,30,Male,Odisha,Cuttack,06-10-2025,15-08-2026,Electronics,6,4115.26,685.88,0,No,1,0.17,20,40,4,2,0.05,UPI,Android,Referral,Platinum,Express,1,4.4,Medium,No
CUST103010,Riya Kannan,35,Male,West Bengal,Howrah,28-10-2024,09-03-2026,Books,6,8349.05,1391.51,2664.1,Yes,0,0,19,38,5,2,0.053,Wallet,Windows Laptop,Email,Silver,Standard,1,4.9,Medium,No
CUST103011,Amruta Jani,28,Female,Uttar Pradesh,Noida,19-03-2024,30-04-2024,Sports & Fitness,3,1950.56,650.19,,Yes,0,0,25,50,8,2,0.04,UPI,Android,Google Ads,Gold,Standard,1,4.2,Low,Yes
CUST103012,Nachiket Sehgal,24,Male,Tamil Nadu,Coimbatore,20-10-2025,15-08-2026,Home & Kitchen,4,9669.73,2417.43,0,No,0,0,16,32,6,3,0.062,Debit Card,iPhone,Organic Search,None,Express,0,4.8,Medium,Yes
CUST103013,Radha Pillay,36,Female,Tamil Nadu,Madurai,08-11-2025,15-08-2026,Fashion,5,5586.43,1117.29,1321.38,Yes,1,0.2,16,48,6,3,0.125,Debit Card,Android,YouTube,None,Standard,3,3.9,Medium,No
CUST103014,Varenya Chander,30,Male,Telangana,Hyderabad,10-11-2024,13-05-2026,Electronics,6,7078.53,1179.75,907.6,Yes,0,0,20,60,10,5,0.2,Wallet,Android,YouTube,None,Standard,0,2.4,Medium,Yes
CUST103015,Pratyush Sharaf,31,Male,Bihar,Patna,19-01-2026,15-08-2026,Fashion,5,16080.5,3216.1,0,No,1,0.2,19,57,5,2,0.053,Net Banking,Android,Organic Search,Platinum,Standard,1,3.1,Medium,No
CUST103016,Patrick Gulati,40,Female,Tamil Nadu,Coimbatore,23-11-2024,10-08-2026,Fashion,4,3838.63,959.66,0,No,0,0,18,72,15,9,0.278,Net Banking,Windows Laptop,YouTube,Silver,Same Day,2,4.5,Medium,Yes
CUST103017,Pranit Manda,30,Female,Kerala,Thiruvananthapuram,02-10-2024,28-07-2025,Home & Kitchen,2,3521,1760.5,479.2,Yes,1,0.5,25,75,15,7,0.16,Wallet,Windows Laptop,YouTube,Gold,Express,1,5,Low,Yes
CUST103018,Dayita Gaba,31,Male,Gujarat,Surat,16-12-2025,15-08-2026,Mobile Accessories,4,8358.3,2089.57,2707.95,Yes,0,0,15,60,12,4,0.2,UPI,Android,Organic Search,Gold,Express,1,3.5,Medium,No
CUST103019,Meera Guha,26,Male,West Bengal,Kolkata,27-03-2025,25-07-2025,Beauty & Personal Care,5,14573.82,2914.76,0,No,1,0.2,17,85,18,12,0.294,Credit Card,MacBook,Email,Gold,Standard,1,5,Medium,Yes
CUST103020,Luke Bora,34,Male,Madhya Pradesh,Bhopal,18-07-2025,15-08-2026,Books,3,5016.32,1672.11,727.65,Yes,0,0,25,50,9,4,0.08,UPI,Android,Instagram,None,Standard,1,3.3,Low,Yes
CUST103021,Yatan Sha,34,Female,Tamil Nadu,Madurai,30-04-2025,29-06-2025,Grocery,6,6122.02,1020.34,0,No,2,0.33,26,78,8,4,0.077,Cash on Delivery,Windows Laptop,YouTube,Silver,Same Day,0,3.8,Medium,No
CUST103022,Harish Vyas,38,Female,Gujarat,Vadodara,16-04-2024,21-07-2025,Home & Kitchen,9,10477.56,1164.17,0,No,0,0,22,110,17,9,0.318,Credit Card,Android,Instagram,Silver,Same Day,2,4.1,Medium,Yes
CUST103023,Advik Chaudhry,26,Male,Odisha,Cuttack,20-07-2025,25-12-2025,Sports & Fitness,2,3760.6,1880.3,447.6,Yes,0,0,17,34,3,1,0.059,Debit Card,Windows Laptop,Instagram,Silver,Standard,1,4.4,Low,Yes
CUST103024,Leena Bail,27,Male,Tamil Nadu,Madurai,02-09-2024,07-03-2026,Home & Kitchen,2,1899.69,949.84,814.45,Yes,0,0,19,95,7,3,0.105,UPI,Windows Laptop,Google Ads,Gold,Express,1,4.5,Low,No
CUST103025,Agastya Bassi,37,Male,West Bengal,Kolkata,07-06-2026,15-08-2026,Sports & Fitness,4,7122.04,1780.51,1049.86,Yes,0,0,29,174,17,10,0.172,UPI,Android,Google Ads,Platinum,Express,0,4,Medium,No
CUST103026,Yuvraj Chacko,33,Male,Telangana,Warangal,12-06-2024,16-09-2024,Fashion,1,1528.04,1528.04,0,No,0,0,25,50,9,4,0.12,UPI,Windows Laptop,Referral,None,Same Day,1,5,Low,Yes
CUST103027,Luke Arya,24,Male,Jharkhand,Jamshedpur,10-06-2025,26-05-2026,Electronics,7,4272.79,610.4,,Yes,1,0.14,25,50,9,6,0.12,Debit Card,Android,YouTube,None,Express,0,4.3,Medium,Yes
CUST103028,Hitesh Nigam,41,Female,Bihar,Gaya,01-01-2024,13-08-2024,Sports & Fitness,5,3265.51,653.1,0,No,0,0,20,80,14,8,0.2,UPI,iPhone,YouTube,Gold,Standard,0,3.6,Medium,Yes
CUST103029,Samaksh Dewan,18,Male,Odisha,Bhubaneswar,12-05-2026,15-08-2026,Beauty & Personal Care,12,19860.03,1655,6012.94,Yes,0,0,25,50,6,3,0.08,Cash on Delivery,Android,Email,Silver,Standard,0,5,High,Yes
CUST103030,Sachi Gade,37,Male,Bihar,Patna,16-05-2024,12-05-2025,Books,2,2345.1,1172.55,1024.06,Yes,0,0,24,120,10,6,0.083,Credit Card,Android,Instagram,Platinum,Standard,0,4.3,Low,Yes
CUST103031,Garima Srinivas,21,Female,Karnataka,Bengaluru,30-05-2024,28-12-2024,Mobile Accessories,3,6481.47,2160.49,1162.74,Yes,0,0,24,144,17,12,0.292,UPI,Android,Google Ads,Silver,Standard,0,5,Low,Yes
CUST103032,Yagnesh Bhalla,46,Male,Gujarat,Ahmedabad,28-06-2024,24-07-2025,Electronics,3,2845,948.33,551.44,Yes,0,0,16,96,13,7,0.25,UPI,Windows Laptop,YouTube,None,Standard,0,3,Low,Yes
CUST103033,Jatin Bail,19,Male,Kerala,Kozhikode,13-01-2026,08-07-2026,Home & Kitchen,5,11498.27,2299.65,2125.07,Yes,1,0.2,22,66,8,2,0.045,Net Banking,Android,Email,Silver,Express,2,4.2,Medium,Yes
CUST103034,Harshil Minhas,40,Male,Maharashtra,Nashik,01-05-2025,09-12-2025,Fashion,4,8405.51,2101.38,2533.86,Yes,1,0.25,24,72,10,3,0.083,Debit Card,iPhone,Direct,Gold,Standard,0,3.9,Medium,No
CUST103035,Yasti Sagar,30,Male,Tamil Nadu,Chennai,30-11-2025,15-08-2026,Beauty & Personal Care,10,6460.4,646.04,1884.03,Yes,0,0,20,100,16,7,0.25,Debit Card,Android,Instagram,Gold,Standard,1,3.7,Medium,No
CUST103036,Aarav Kapur,28,Female,Tamil Nadu,Chennai,18-01-2024,16-03-2024,Sports & Fitness,4,4118.47,1029.62,1077.07,Yes,0,0,25,75,7,3,0.04,Debit Card,iPhone,Google Ads,Silver,Same Day,,4.2,Medium,Yes
CUST103037,Utkarsh Sane,32,Female,Gujarat,Ahmedabad,12-08-2024,30-12-2025,Fashion,4,12947.01,3236.75,2534.12,Yes,0,0,29,174,36,15,0.345,UPI,Windows Laptop,Email,None,Standard,1,4.9,Medium,Yes
CUST103038,Manan Pandit,36,Male,Andhra Pradesh,Vijayawada,14-04-2024,01-02-2025,Beauty & Personal Care,5,9686.63,1937.33,0,No,1,0.2,18,108,17,12,0.444,UPI,Android,Instagram,None,Express,1,4,Medium,Yes
CUST103039,Upkaar Rajagopalan,24,Male,West Bengal,Siliguri,18-12-2025,27-05-2026,Grocery,5,6380.56,1276.11,0,No,0,0,26,104,20,10,0.192,Net Banking,iPhone,Direct,None,Standard,0,5,Medium,No
CUST103040,Vyanjana Gara,24,Male,Rajasthan,Jodhpur,28-11-2025,19-02-2026,Electronics,8,14787.37,1848.42,4343.03,Yes,1,0.12,23,46,6,4,0.13,Net Banking,Windows Laptop,Instagram,None,Express,0,,Medium,No
CUST103041,Udarsh Chaudry,36,Female,Karnataka,Mysuru,05-03-2024,23-08-2025,Sports & Fitness,5,5348.51,1069.7,1799.9,Yes,0,0,20,40,7,2,0.05,Credit Card,Android,Direct,Silver,Express,1,4.3,Medium,Yes
CUST103042,Ishanvi Bose,18,Female,Andhra Pradesh,Visakhapatnam,28-11-2024,02-04-2025,Beauty & Personal Care,5,5367.37,1073.47,0,No,0,0,22,66,13,6,0.182,Credit Card,Android,Organic Search,None,Standard,2,4.5,Medium,No
CUST103043,Jagat Patel,26,Male,Maharashtra,Nagpur,06-01-2025,23-07-2026,Mobile Accessories,5,6493.44,1298.69,2692.16,Yes,1,0.2,21,105,17,8,0.238,UPI,Android,Google Ads,Silver,Standard,0,2.4,Medium,No
CUST103044,Caleb Dora,55,Male,Gujarat,Ahmedabad,25-07-2024,24-03-2026,Fashion,3,10183.53,3394.51,0,No,0,0,24,48,6,2,0.042,UPI,Android,Google Ads,None,Standard,0,4.4,Medium,No
CUST103045,Priya Wali,23,Male,Kerala,Thiruvananthapuram,16-08-2024,30-04-2026,Electronics,6,4423.45,737.24,1275.19,Yes,1,0.17,17,34,5,3,0.059,Debit Card,Android,Direct,Silver,Express,,3.9,Medium,No
CUST103046,Pratyush Sandal,40,Female,Odisha,Bhubaneswar,03-08-2025,11-10-2025,Home & Kitchen,2,3763.68,1881.84,0,No,2,1,21,126,13,5,0.095,Credit Card,Android,Direct,Silver,Standard,3,4.4,Low,Yes
CUST103047,Charvi Mangat,26,Female,Gujarat,Surat,21-05-2024,13-01-2025,Electronics,2,2112.17,1056.08,837.51,Yes,0,0,20,60,10,4,0.1,Wallet,Tablet,Referral,Gold,Express,0,4.9,Low,Yes
CUST103048,Hemang Madan,35,Female,Telangana,Hyderabad,18-12-2025,15-08-2026,Mobile Accessories,5,14948.23,2989.65,2658.1,Yes,0,0,25,125,10,7,0.16,UPI,Windows Laptop,Direct,Gold,Standard,0,4.3,Medium,No
CUST103049,Jyoti Lanka,36,Male,Gujarat,Vadodara,16-11-2025,15-08-2026,Electronics,10,22057.03,2205.7,5159.15,Yes,0,0,17,68,9,6,0.176,UPI,Android,Direct,None,Express,0,3.9,High,No
CUST103050,Aarnav Dixit,40,Female,Delhi,Delhi,09-12-2025,18-05-2026,Grocery,5,5593.98,1118.8,0,No,1,0.2,20,100,15,6,0.15,Wallet,Windows Laptop,Organic Search,None,Standard,0,3,Medium,No
CUST103051,Ekaja Divan,29,Female,Karnataka,Bengaluru,26-11-2024,31-08-2025,Home & Kitchen,4,7362.96,1840.74,0,No,0,0,23,69,9,4,0.087,Debit Card,Android,Google Ads,Silver,Express,0,4,Medium,Yes
CUST103052,Sanya Sridhar,47,Female,Rajasthan,Jaipur,29-03-2026,15-08-2026,Fashion,5,4491.06,898.21,448.34,Yes,0,0,26,130,19,10,0.308,UPI,Android,Organic Search,None,Standard,1,5,Medium,No
CUST103053,Isaiah Sane,26,Male,Delhi,New Delhi,09-12-2025,15-08-2026,Electronics,4,4103.94,1025.98,0,No,0,0,23,46,4,1,0.043,UPI,Android,Google Ads,Silver,Standard,1,1.9,Medium,No
CUST103054,Maanav Chana,33,Female,Tamil Nadu,Chennai,09-01-2026,15-08-2026,Beauty & Personal Care,8,43962.85,5495.36,0,No,0,0,21,105,9,5,0.095,UPI,Android,Referral,None,Standard,0,4.9,High,No
CUST103055,Joshua Gopal,33,Male,Bihar,Muzaffarpur,27-09-2024,16-04-2025,Beauty & Personal Care,3,3109.36,1036.45,1296.9,Yes,0,0,26,78,11,6,0.077,Net Banking,Android,Referral,Silver,Standard,0,4.5,Low,No
CUST103056,Ira Nagar,22,Female,Andhra Pradesh,Visakhapatnam,11-12-2025,15-08-2026,Fashion,4,5589.85,1397.46,0,No,0,0,18,90,18,9,0.278,Credit Card,Windows Laptop,Instagram,Gold,Express,0,4.1,Medium,No
CUST103057,Panini Srivastava,29,Male,Uttar Pradesh,Noida,20-11-2024,13-03-2025,Books,7,6557.79,936.83,915.15,Yes,0,0,21,63,6,4,0.143,Wallet,Android,Organic Search,None,Standard,1,,Medium,Yes
CUST103058,Gauri Devi,32,Female,Maharashtra,Mumbai,10-06-2025,26-04-2026,Fashion,3,1791.66,597.22,269.96,Yes,0,0,13,26,3,1,0.077,UPI,Android,Organic Search,None,Standard,2,4.9,Low,Yes
CUST103059,Leela Sahota,28,Female,Maharashtra,Mumbai,08-03-2026,15-08-2026,Home & Kitchen,7,5804.91,829.27,0,No,0,0,20,120,24,16,0.65,Wallet,Windows Laptop,Organic Search,None,Standard,1,3.8,Medium,No
CUST103060,Waida Walia,51,Male,Jharkhand,Ranchi,25-04-2026,15-08-2026,Beauty & Personal Care,6,10143.24,1690.54,0,No,1,0.17,18,90,10,6,0.167,Cash on Delivery,Windows Laptop,Organic Search,Silver,Same Day,1,4.2,Medium,No
CUST103061,Leena Chacko,24,Female,Tamil Nadu,Coimbatore,28-12-2025,17-04-2026,Electronics,4,2355.46,588.86,321.75,Yes,0,0,21,42,5,2,0.048,UPI,Windows Laptop,Direct,Gold,Standard,0,4.1,Medium,No
CUST103062,Theodore Chahal,40,Male,Maharashtra,Pune,30-06-2025,15-08-2026,Mobile Accessories,2,2046.72,1023.36,0,No,1,0.5,25,150,14,5,0.16,Credit Card,Windows Laptop,Organic Search,Gold,Standard,1,5,Low,No
CUST103063,Janaki Agate,38,Male,Uttar Pradesh,Noida,09-03-2024,17-03-2025,Fashion,3,5765.03,1921.68,0,No,2,0.67,15,30,2,1,0.067,Wallet,Windows Laptop,Email,Silver,Express,0,4.1,Low,Yes
CUST103064,Anay Patil,31,Male,Bihar,Patna,30-07-2024,16-09-2025,Electronics,7,11837.89,1691.13,0,No,1,0.14,21,126,21,8,0.19,Cash on Delivery,Tablet,Google Ads,Silver,Standard,1,4.2,Medium,No
CUST103065,Kiaan Choudhary,24,Male,Bihar,Patna,11-07-2025,05-08-2026,Home & Kitchen,8,9479.6,1184.95,3952.88,Yes,1,0.12,22,132,13,7,0.182,Cash on Delivery,iPhone,YouTube,Silver,Express,0,4.8,Medium,No
CUST103066,Ikshita Patel,25,Female,Delhi,New Delhi,16-01-2025,15-08-2026,Beauty & Personal Care,5,5952.15,1190.43,360.72,Yes,0,0,26,104,16,7,0.192,Debit Card,MacBook,Instagram,Silver,Standard,1,4.5,Medium,No
CUST103067,Chaitaly Sharma,27,Male,West Bengal,Siliguri,29-01-2026,15-08-2026,Home & Kitchen,7,6039.06,862.72,1843.6,Yes,1,0.14,25,150,21,14,0.4,UPI,Tablet,Organic Search,Silver,Standard,0,,Medium,No
CUST103068,Oviya Kibe,18,Female,Andhra Pradesh,Vijayawada,23-02-2025,06-12-2025,Grocery,8,39177.03,4897.13,15462.35,Yes,0,0,28,168,15,8,0.179,Cash on Delivery,Android,Direct,None,Standard,0,3.2,High,No
CUST103069,Udarsh Bhalla,23,Female,Delhi,New Delhi,19-08-2025,15-08-2026,Electronics,5,4284.41,856.88,1453.89,Yes,0,0,26,52,7,4,0.077,Cash on Delivery,Windows Laptop,Direct,Silver,Express,0,3.8,Medium,No
CUST103070,Jacob Dhar,19,Female,Odisha,Cuttack,17-02-2024,22-12-2024,Fashion,5,12940.71,2588.14,1768.95,Yes,0,0,24,72,8,3,0.083,Credit Card,Windows Laptop,Google Ads,Silver,Express,,4.4,Medium,Yes
CUST103071,Atharv Samra,42,Female,Odisha,Cuttack,18-08-2024,01-10-2025,Sports & Fitness,6,2115.75,352.62,509.26,Yes,1,0.17,15,90,18,7,0.2,Debit Card,MacBook,Organic Search,None,Standard,1,4.2,Medium,Yes
CUST103072,Chatura Cherian,36,Male,Uttar Pradesh,Noida,01-08-2025,15-08-2026,Electronics,5,10138.55,2027.71,4198.5,Yes,0,0,17,102,11,6,0.176,UPI,Android,Organic Search,Gold,Standard,0,4,Medium,Yes
CUST103073,Vansha Dugar,37,Female,Tamil Nadu,Madurai,21-04-2025,15-08-2026,Sports & Fitness,4,7926.35,1981.59,763.2,Yes,1,0.25,19,57,10,7,0.263,Net Banking,Android,Email,None,Standard,1,4.6,Medium,Yes
CUST103074,Manan Pau,36,Male,Tamil Nadu,Chennai,29-03-2024,30-04-2024,Electronics,4,2872.17,718.04,1278.13,Yes,1,0.25,26,156,27,15,0.308,UPI,Android,YouTube,None,Express,2,5,Medium,Yes
CUST103075,Farhan Konda,32,Female,Uttar Pradesh,Noida,31-12-2025,01-04-2026,Sports & Fitness,5,5288.08,1057.62,568.2,Yes,0,0,16,80,8,2,0.062,Debit Card,Windows Laptop,Google Ads,Gold,Standard,1,4.2,Medium,Yes
CUST103076,Advik Saha,43,Female,Haryana,Faridabad,21-02-2024,24-04-2024,Fashion,5,14100.28,2820.06,1508.26,Yes,0,0,21,105,16,11,0.381,Credit Card,Android,Google Ads,Gold,Standard,0,4.6,Medium,Yes
CUST103077,Qabil Singhal,26,Female,Jharkhand,Jamshedpur,17-06-2025,15-08-2026,Beauty & Personal Care,5,3827.56,765.51,1435.89,Yes,0,0,25,50,9,6,0.16,Credit Card,MacBook,Instagram,None,Standard,2,4,Medium,No
CUST103078,Chandani Singhal,32,Male,Maharashtra,Nashik,25-02-2025,11-05-2026,Electronics,2,3910.39,1955.2,1491.18,Yes,0,0,18,72,6,4,0.111,UPI,Windows Laptop,Google Ads,Platinum,Standard,0,3.3,Low,Yes
CUST103079,Geetika Sawhney,37,Female,Maharashtra,Mumbai,02-09-2025,15-08-2026,Electronics,5,4346.51,869.3,283.25,Yes,1,0.2,16,80,13,6,0.25,UPI,Android,Organic Search,None,Standard,2,3.9,Medium,No
CUST103080,Bhavini Choudhry,20,Female,Jharkhand,Jamshedpur,21-03-2025,15-08-2026,Fashion,8,19929.72,2491.22,0,No,0,0,17,85,8,5,0.176,UPI,Windows Laptop,Instagram,None,Standard,1,4.2,High,No
CUST103081,Darpan Balay,56,Female,Kerala,Kochi,10-05-2024,30-09-2024,Electronics,4,14167.85,3541.96,0,No,0,0,26,156,17,7,0.192,UPI,Windows Laptop,Direct,None,Express,1,4.1,Medium,Yes
CUST103082,Yahvi Dyal,31,Male,Haryana,Gurugram,22-08-2025,15-08-2026,Fashion,6,5318.63,886.44,860.23,Yes,1,0.17,20,120,20,13,0.35,UPI,Android,Email,None,Standard,3,4.2,Medium,No
CUST103083,Meghana Sampath,32,Female,Karnataka,Bengaluru,09-10-2025,15-08-2026,Home & Kitchen,6,12399.85,2066.64,0,No,1,0.17,14,70,11,6,0.286,UPI,iPhone,Direct,None,Standard,1,2.9,Medium,No
CUST103084,Aarna Thaker,41,Male,Uttar Pradesh,Noida,08-01-2025,14-05-2025,Beauty & Personal Care,6,16287.72,2714.62,0,No,0,0,16,80,13,9,0.25,Debit Card,Android,Referral,Gold,Standard,0,3.8,Medium,No
CUST103085,Utkarsh Sampath,38,Female,Odisha,Bhubaneswar,04-07-2025,16-07-2026,Grocery,2,1007.79,503.9,346.85,Yes,0,0,19,114,17,7,0.211,UPI,Android,Organic Search,None,Express,0,3,Low,No
CUST103086,Anita Chanda,31,Female,Odisha,Bhubaneswar,13-06-2025,01-09-2025,Grocery,3,6778.86,2259.62,0,No,0,0,17,51,9,3,0.059,UPI,Windows Laptop,Instagram,Gold,Standard,1,4.3,Low,Yes
CUST103087,Jeremiah Kakar,32,Male,Gujarat,Surat,14-04-2024,29-05-2024,Beauty & Personal Care,6,8443.13,1407.19,0,No,0,0,24,120,20,12,0.375,Cash on Delivery,Android,Organic Search,Silver,Standard,1,4.1,Medium,Yes
CUST103088,Daksh Kanda,19,Male,West Bengal,Howrah,21-01-2025,26-11-2025,Home & Kitchen,2,4359.16,2179.58,609.26,Yes,0,0,17,68,7,5,0.176,UPI,Android,Direct,Gold,Standard,0,4,Low,No
CUST103089,Qarin Brahmbhatt,27,Female,Uttar Pradesh,Lucknow,19-10-2025,15-08-2026,Home & Kitchen,4,2029.13,507.28,0,No,0,0,17,51,4,1,0.059,UPI,iPhone,Referral,Gold,Standard,1,3,Medium,No
CUST103090,Vansha Munshi,35,Male,Delhi,Delhi,01-12-2024,29-12-2024,Home & Kitchen,5,11472.54,2294.51,4007.6,Yes,0,0,21,84,6,2,0.048,UPI,Tablet,Organic Search,None,Express,0,4,Medium,Yes
CUST103091,Lajita Gala,35,Male,Gujarat,Vadodara,05-01-2026,15-08-2026,Sports & Fitness,4,4684.77,1171.19,0,No,1,0.25,19,76,6,3,0.105,Credit Card,Android,Direct,None,Standard,0,5,Medium,Yes
CUST103092,Kamya Samra,41,Female,Jharkhand,Ranchi,26-04-2024,07-01-2025,Fashion,5,2995.94,599.19,542.31,Yes,0,0,18,36,3,1,0.056,Net Banking,MacBook,Google Ads,None,Express,0,3.7,Medium,Yes
CUST103093,Anamika Chopra,30,Female,Gujarat,Vadodara,01-01-2024,02-01-2025,Electronics,7,11658.07,1665.44,0,No,0,0,17,102,14,8,0.235,UPI,MacBook,Organic Search,Gold,Standard,0,4.2,Medium,Yes
CUST103094,Faras Patil,20,Female,Punjab,Ludhiana,20-09-2025,09-06-2026,Grocery,7,15669.55,2238.51,2368.99,Yes,0,0,25,100,8,5,0.08,Credit Card,Windows Laptop,Referral,Silver,Standard,1,4.2,Medium,No
CUST103095,Ayaan Khatri,39,Male,Karnataka,Mangaluru,14-06-2026,15-08-2026,Fashion,5,5572.8,1114.56,768.07,Yes,0,0,23,115,15,10,0.304,UPI,Android,Organic Search,Silver,Standard,1,3,Medium,No
CUST103096,Nicholas Chhabra,42,Male,Odisha,Bhubaneswar,21-06-2025,15-08-2026,Books,6,10763.02,1793.84,0,No,0,0,20,100,18,10,0.35,UPI,Windows Laptop,Organic Search,Gold,Standard,0,,Medium,No
CUST103097,Siddharth Apte,38,Female,Andhra Pradesh,Vijayawada,11-03-2025,17-04-2026,Sports & Fitness,4,4797.08,1199.27,2110.79,Yes,1,0.25,21,63,6,2,0.048,Debit Card,iPhone,Organic Search,None,Standard,1,3.1,Medium,Yes
CUST103098,Raghav Jaggi,30,Female,Maharashtra,Mumbai,10-05-2025,09-08-2026,Electronics,1,648.03,648.03,0,No,1,1,27,135,25,17,0.444,Cash on Delivery,iPhone,Referral,Platinum,Standard,1,4.4,Low,Yes
CUST103099,Wridesh Luthra,39,Female,West Bengal,Siliguri,12-01-2024,02-01-2025,Electronics,6,8293.37,1382.23,3189.75,Yes,1,0.17,20,100,10,5,0.1,Credit Card,Android,Organic Search,Silver,Standard,1,,Medium,Yes
CUST103100,Chaitanya Sule,58,Female,Gujarat,Ahmedabad,20-10-2024,03-04-2026,Home & Kitchen,9,21416.22,2379.58,0,No,0,0,23,46,5,3,0.087,UPI,Windows Laptop,Email,None,Express,0,5,High,Yes
CUST103101,Chanakya Murty,32,Male,Maharashtra,Mumbai,22-05-2025,20-07-2025,Beauty & Personal Care,4,10198.95,2549.74,4476.49,Yes,0,0,26,104,11,6,0.115,Wallet,MacBook,YouTube,None,Express,1,,Medium,Yes
CUST103102,Dayamai Anand,21,Male,Kerala,Kozhikode,02-05-2026,15-08-2026,Fashion,5,4641.02,928.2,509.68,Yes,0,0,25,150,18,11,0.28,UPI,Windows Laptop,Google Ads,None,Express,1,4.9,Medium,No
CUST103103,Barkha Rao,26,Female,Assam,Guwahati,11-11-2025,16-06-2026,Grocery,5,8860.24,1772.05,0,No,0,0,23,69,10,3,0.043,Credit Card,Android,Direct,None,Standard,1,3.8,Medium,Yes
CUST103104,Divya Raman,36,Female,Gujarat,Vadodara,18-07-2025,15-08-2026,Beauty & Personal Care,3,3905.62,1301.87,199.13,Yes,1,0.33,16,32,5,3,0.125,Debit Card,Windows Laptop,Organic Search,Gold,Standard,0,3.3,Low,No
CUST103105,Kai Chatterjee,18,Female,Delhi,New Delhi,19-02-2026,15-08-2026,Fashion,4,7399.88,1849.97,2496.56,Yes,1,0.25,22,88,16,10,0.318,Credit Card,Android,Referral,Silver,Same Day,0,3.5,Medium,No
CUST103106,Nikita Thakur,32,Female,Gujarat,Ahmedabad,29-01-2026,15-08-2026,Electronics,3,4844.67,1614.89,835.95,Yes,0,0,23,92,7,4,0.043,UPI,Windows Laptop,Organic Search,None,Standard,0,3.8,Low,No
CUST103107,Yadavi Doctor,34,Female,Kerala,Kochi,07-05-2024,16-05-2025,Grocery,2,4231.93,2115.96,1684.91,Yes,1,0.5,19,95,9,5,0.211,UPI,iPhone,Organic Search,Gold,Standard,0,4.1,Low,Yes
CUST103108,Lavanya Sood,43,Female,West Bengal,Siliguri,16-03-2024,11-07-2025,Fashion,7,8590.48,1227.21,0,No,0,0,27,135,24,14,0.296,Wallet,Android,Organic Search,Gold,Express,1,4,Medium,Yes
CUST103109,Bina Edwin,41,Male,Uttar Pradesh,Noida,25-09-2024,02-05-2025,Sports & Fitness,4,11475.27,2868.82,3224.24,Yes,0,0,20,60,11,4,0.1,Net Banking,iPhone,Direct,None,Standard,1,4.5,Medium,Yes
CUST103110,Ubika Brar,38,Other,Uttar Pradesh,Varanasi,25-05-2024,10-02-2025,Home & Kitchen,4,4655.24,1163.81,1139.4,Yes,0,0,19,114,24,11,0.263,UPI,Windows Laptop,Instagram,None,Standard,1,4,Medium,Yes
CUST103111,Vincent Kale,18,Female,Bihar,Patna,06-02-2025,10-04-2025,Beauty & Personal Care,7,11482.98,1640.43,1759.99,Yes,0,0,20,100,12,4,0.1,UPI,iPhone,Email,None,Same Day,1,4.8,Medium,No
CUST103112,Naveen Thaker,38,Male,Delhi,New Delhi,13-05-2025,28-05-2026,Books,5,9916.89,1983.38,752.45,Yes,0,0,30,180,20,8,0.2,UPI,iPhone,Organic Search,Gold,Standard,3,3.6,Medium,No
CUST103113,Sara Deep,37,Female,Kerala,Kozhikode,13-07-2025,06-04-2026,Sports & Fitness,4,5202.16,1300.54,1183.11,Yes,0,0,14,70,11,5,0.143,Net Banking,Android,YouTube,None,Standard,0,3.8,Medium,No
CUST103114,Bina Parsa,33,Male,Maharashtra,Nashik,17-07-2024,17-10-2024,Fashion,5,1675.61,335.12,150.21,Yes,0,0,22,132,12,7,0.182,UPI,Android,Instagram,None,Standard,0,5,Medium,Yes
CUST103115,Balveer Ram,18,Female,Karnataka,Mangaluru,05-08-2025,15-08-2026,Fashion,6,8708.9,1451.48,3590.61,Yes,0,0,15,75,13,9,0.4,UPI,iPhone,Direct,Platinum,Express,1,2.7,Medium,No
CUST103116,Sathvik Borde,25,Male,Haryana,Faridabad,17-05-2025,22-07-2026,Grocery,2,3282,1641,1252.84,Yes,0,0,22,110,16,11,0.227,Debit Card,Android,Email,None,Express,4,5,Low,No
CUST103117,Widisha Chatterjee,22,Female,Kerala,Kochi,26-08-2025,14-10-2025,Home & Kitchen,4,5449.9,1362.48,0,No,0,0,14,70,12,7,0.286,Cash on Delivery,Windows Laptop,Direct,Gold,Standard,1,4.5,Medium,No
CUST103118,Luke More,18,Female,West Bengal,Durgapur,06-02-2025,04-05-2026,Fashion,7,14687.07,2098.15,3392.36,Yes,0,0,23,115,11,5,0.13,Credit Card,MacBook,Instagram,Platinum,Standard,2,5,Medium,No
CUST103119,Wishi Chandra,31,Female,Delhi,New Delhi,27-07-2024,18-06-2025,Books,6,13157.87,2192.98,3048.39,Yes,0,0,25,150,21,10,0.28,UPI,Windows Laptop,Email,None,Express,1,5,Medium,Yes
CUST103120,Dipta Gara,25,Female,Karnataka,Mysuru,07-12-2024,13-05-2025,Fashion,6,4869.87,811.64,1148.34,Yes,0,0,22,44,5,2,0.045,Cash on Delivery,iPhone,Organic Search,Silver,Standard,1,3.9,Medium,Yes
CUST103121,Neel Bir,52,Female,Delhi,New Delhi,30-04-2026,15-08-2026,Electronics,6,2649.42,441.57,922.49,Yes,1,0.17,23,69,10,6,0.174,UPI,Android,Referral,Gold,Standard,1,3.2,Medium,No
CUST103122,Januja Pandit,30,Male,Delhi,Delhi,17-02-2024,17-11-2024,Electronics,6,4061.62,676.94,408.12,Yes,0,0,17,34,5,3,0.059,Debit Card,Android,Direct,Gold,Standard,1,5,Medium,Yes
CUST103123,Ekavir Gola,41,Male,West Bengal,Durgapur,24-06-2025,09-07-2026,Beauty & Personal Care,6,9398.56,1566.43,2467.29,Yes,0,0,16,96,16,6,0.25,UPI,Android,YouTube,None,Standard,0,2.9,Medium,No
CUST103124,Aarna Solanki,18,Female,Gujarat,Ahmedabad,24-06-2024,24-02-2026,Grocery,2,4207.58,2103.79,1578.12,Yes,0,0,17,51,10,5,0.235,Credit Card,Windows Laptop,Organic Search,None,Standard,0,4.4,Low,No
CUST103125,Riya Dey,27,Male,Kerala,Kochi,25-05-2025,17-12-2025,Fashion,3,4332.25,1444.08,1100.61,Yes,0,0,23,115,12,7,0.13,UPI,Android,Google Ads,None,Standard,3,3.4,Low,No
CUST103126,Vinaya Baral,32,Male,Uttar Pradesh,Lucknow,19-01-2024,03-06-2025,Fashion,1,686.74,686.74,38.11,Yes,1,1,24,48,6,2,0.042,UPI,Android,YouTube,None,Standard,2,,Low,Yes
CUST103127,Bhavini Rattan,24,Male,Odisha,Bhubaneswar,09-05-2025,15-08-2026,Fashion,4,5772.85,1443.21,0,No,0,0,24,72,6,3,0.042,Debit Card,iPhone,Organic Search,None,Standard,2,3,Medium,No
CUST103128,Kai Sastry,28,Male,Maharashtra,Nagpur,20-12-2024,27-01-2025,Grocery,8,11659.4,1457.42,3701.09,Yes,2,0.25,24,48,6,4,0.083,Net Banking,Android,Google Ads,None,Standard,1,4.6,Medium,Yes
CUST103129,Yauvani Murthy,29,Female,Jharkhand,Jamshedpur,12-07-2025,09-10-2025,Electronics,6,9658.1,1609.68,4091.94,Yes,0,0,18,108,14,5,0.167,Net Banking,Android,Instagram,Gold,Standard,0,4.4,Medium,Yes
CUST103130,Fiyaz Sachdev,29,Female,Punjab,Amritsar,10-12-2024,22-01-2026,Books,5,18545.79,3709.16,7557.4,Yes,0,0,20,60,8,3,0.05,Credit Card,Tablet,Direct,None,Same Day,0,4.3,Medium,No
CUST103131,Adya Basak,46,Male,Madhya Pradesh,Indore,29-02-2024,15-06-2025,Fashion,2,4702.93,2351.46,1782.8,Yes,1,0.5,20,100,20,7,0.15,Net Banking,Android,YouTube,Silver,Standard,1,4.4,Low,Yes
CUST103132,Yash Anand,34,Female,Punjab,Chandigarh,18-11-2025,22-03-2026,Mobile Accessories,4,4242.2,1060.55,0,No,1,0.25,23,92,19,9,0.217,Credit Card,MacBook,Instagram,Platinum,Standard,0,4.2,Medium,No
CUST103133,Henry Mannan,35,Male,Jharkhand,Jamshedpur,05-02-2026,20-05-2026,Electronics,6,4039.21,673.2,0,No,0,0,23,115,10,4,0.087,UPI,Android,Google Ads,None,Express,1,3.6,Medium,No
CUST103134,Nathan Rastogi,35,Female,Uttar Pradesh,Lucknow,16-08-2024,06-10-2024,Grocery,3,8424.11,2808.04,462.98,Yes,0,0,23,92,12,8,0.174,Cash on Delivery,MacBook,Google Ads,None,Standard,1,3.2,Medium,Yes
CUST103135,Udant Rama,36,Male,Karnataka,Mysuru,26-05-2024,24-12-2025,Fashion,5,2835.51,567.1,543.71,Yes,0,0,23,115,14,9,0.174,UPI,Android,YouTube,Platinum,Standard,2,4,Medium,Yes
CUST103136,Girik Palla,30,Female,Bihar,Patna,24-10-2024,02-06-2026,Electronics,7,7010.02,1001.43,1968.44,Yes,0,0,28,168,21,12,0.25,Credit Card,Android,Organic Search,Silver,Express,0,5,Medium,No
CUST103137,Upadhriti Warrior,28,Male,Kerala,Thiruvananthapuram,28-11-2024,19-07-2026,Books,6,3753.14,625.52,662.75,Yes,1,0.17,14,42,7,4,0.214,Cash on Delivery,Android,Instagram,None,Standard,0,4.5,Medium,Yes
CUST103138,Ikbal Chada,32,Male,Kerala,Thiruvananthapuram,20-01-2026,15-08-2026,Sports & Fitness,6,6608.55,1101.42,0,No,0,0,15,30,3,1,0.067,Credit Card,Android,Instagram,None,Express,1,3.6,Medium,No
CUST103139,Hritik Ranganathan,40,Female,Uttar Pradesh,Varanasi,27-11-2024,11-02-2025,Home & Kitchen,2,2982.23,1491.12,754.13,Yes,0,0,28,140,26,10,0.179,UPI,Android,Referral,Silver,Express,0,4.6,Low,Yes
CUST103140,Ryan Ratti,40,Male,West Bengal,Howrah,08-03-2025,21-01-2026,Grocery,10,5565.72,556.57,,No,1,0.1,19,76,15,7,0.263,Wallet,iPhone,YouTube,Silver,Standard,0,3.9,Medium,No
CUST103141,Dhruv Nadig,29,Female,Telangana,Hyderabad,02-02-2025,14-08-2025,Beauty & Personal Care,7,2672.36,381.77,911.35,Yes,0,0,13,39,6,3,0.077,UPI,Android,Google Ads,None,Standard,2,3.5,Medium,No
CUST103142,Vedika Kala,37,Female,Assam,Guwahati,30-11-2025,15-08-2026,Sports & Fitness,5,3546.69,709.34,0,No,1,0.2,17,34,4,1,0.059,UPI,iPhone,Instagram,Silver,Standard,1,5,Medium,No
CUST103143,Ishwar Mallick,29,Male,Uttar Pradesh,Varanasi,15-04-2026,15-08-2026,Fashion,6,3300.55,550.09,1429.96,Yes,0,0,22,88,7,3,0.091,Cash on Delivery,Windows Laptop,Organic Search,None,Express,0,4.6,Medium,No
CUST103144,Balvan Dugal,31,Female,Uttar Pradesh,Noida,30-11-2024,17-05-2026,Home & Kitchen,10,7673.5,767.35,3074.56,Yes,1,0.1,22,88,8,5,0.136,Cash on Delivery,Android,Referral,Gold,Standard,0,4.1,Medium,Yes
CUST103145,Madhav Kala,27,Male,Delhi,Delhi,27-07-2024,10-03-2026,Home & Kitchen,6,7140.42,1190.07,2852.9,Yes,1,0.17,21,63,11,6,0.143,Debit Card,Android,Organic Search,Platinum,Express,1,5,Medium,No
CUST103146,Azad Rai,30,Female,Telangana,Warangal,14-02-2025,15-08-2026,Fashion,3,10452.89,3484.3,0,No,0,0,26,156,14,9,0.269,Debit Card,Android,Email,None,Express,,4.4,Medium,Yes
CUST103147,Janaki Sani,42,Other,Haryana,Gurugram,09-08-2025,28-09-2025,Books,7,7127.68,1018.24,2162.79,Yes,0,0,19,114,15,9,0.316,Cash on Delivery,iPhone,Referral,Silver,Standard,1,4.3,Medium,No
CUST103148,Tanay Bhagat,32,Male,Bihar,Gaya,25-11-2025,15-08-2026,Electronics,8,8044.41,1005.55,0,No,0,0,16,96,19,10,0.5,Cash on Delivery,Android,Organic Search,None,Standard,0,2.9,Medium,No
CUST103149,Arin Sampath,32,Female,Madhya Pradesh,Bhopal,21-08-2025,16-11-2025,Electronics,7,8233.35,1176.19,2593.26,Yes,0,0,24,72,11,5,0.083,Wallet,iPhone,Google Ads,None,Standard,0,5,Medium,No
CUST103150,Zayyan Goda,19,Male,Gujarat,Surat,27-09-2024,10-11-2024,Beauty & Personal Care,4,7190.93,1797.73,0,No,2,0.5,19,76,9,5,0.158,Credit Card,Android,Referral,None,Standard,0,3,Medium,Yes
CUST103151,Lucky Biswas,29,Female,Bihar,Muzaffarpur,28-06-2024,11-05-2025,Grocery,4,8070.07,2017.52,825.79,Yes,0,0,18,54,6,3,0.056,UPI,Android,Referral,None,Express,0,4.2,Medium,Yes
CUST103152,Nidhi Bumb,29,Male,Delhi,Delhi,18-02-2025,14-02-2026,Fashion,4,1618.42,404.6,479.54,Yes,1,0.25,22,132,20,14,0.5,UPI,Windows Laptop,Instagram,Silver,Standard,1,4.3,Medium,Yes
CUST103153,Siya Saini,24,Male,Odisha,Cuttack,26-01-2026,15-08-2026,Home & Kitchen,6,3979.2,663.2,961.16,Yes,1,0.17,16,80,10,5,0.188,UPI,Android,Google Ads,None,Standard,0,3.7,Medium,No
CUST103154,Aashi Gour,31,Other,Gujarat,Surat,11-12-2024,26-05-2026,Mobile Accessories,8,21432.92,2679.12,5121.97,Yes,0,0,33,99,21,9,0.182,Cash on Delivery,Android,Instagram,Silver,Express,1,3.3,High,Yes
CUST103155,George Sangha,28,Male,Gujarat,Ahmedabad,02-06-2025,20-08-2025,Fashion,5,5908.36,1181.67,0,No,0,0,22,110,9,6,0.136,UPI,Android,Direct,None,Express,1,4.2,Medium,No
CUST103156,Chameli Gala,32,Female,Bihar,Patna,19-02-2026,15-08-2026,Grocery,5,9897.12,1979.42,0,No,0,0,16,96,20,9,0.25,Debit Card,MacBook,Google Ads,None,Standard,2,4.5,Medium,No
CUST103157,Ikshita Saini,32,Female,Jharkhand,Ranchi,13-03-2025,23-06-2026,Grocery,3,6245.27,2081.76,0,No,0,0,24,72,7,4,0.042,UPI,iPhone,Instagram,None,Standard,2,3.6,Low,No
CUST103158,Vaishnavi Wason,23,Female,West Bengal,Siliguri,13-01-2024,09-07-2025,Home & Kitchen,3,1068.66,356.22,390.19,Yes,0,0,15,45,7,3,0.133,Credit Card,Windows Laptop,Email,Silver,Standard,1,3.7,Low,No
CUST103159,Rajeshri Pant,28,Female,Punjab,Amritsar,07-02-2025,25-02-2026,Mobile Accessories,5,2250.86,450.17,0,No,1,0.2,29,145,16,10,0.241,Credit Card,iPhone,Organic Search,None,Standard,,3.3,Medium,No
CUST103160,Advaith Issac,32,Male,Tamil Nadu,Coimbatore,07-01-2026,27-02-2026,Grocery,5,6291.85,1258.37,2791.51,Yes,0,0,25,50,9,3,0.08,Wallet,Windows Laptop,Direct,Gold,Express,0,3,Medium,No
CUST103161,Maanav Naik,40,Male,Gujarat,Vadodara,16-02-2026,15-08-2026,Home & Kitchen,7,11815.2,1687.89,2311.86,Yes,0,0,12,60,10,5,0.167,UPI,Android,Email,None,Standard,0,4,Medium,No
CUST103162,Akshay Dora,33,Female,West Bengal,Siliguri,23-01-2026,15-08-2026,Beauty & Personal Care,4,3862.43,965.61,555.3,Yes,0,0,22,132,14,6,0.182,Credit Card,Windows Laptop,Instagram,Silver,Standard,0,3.6,Medium,No
CUST103163,Manbir Tata,26,Female,Tamil Nadu,Chennai,14-01-2025,01-10-2025,Grocery,6,8312.23,1385.37,3634.39,Yes,0,0,24,120,19,8,0.25,Debit Card,MacBook,Instagram,Silver,Standard,0,4.6,Medium,Yes
CUST103164,Ishaan Ray,34,Male,Rajasthan,Udaipur,22-11-2025,15-08-2026,Beauty & Personal Care,3,4181.19,1393.73,0,No,0,0,20,40,8,3,0.1,UPI,Android,Direct,None,Express,0,4.6,Low,No
CUST103165,Aarush Seshadri,45,Male,West Bengal,Kolkata,24-02-2025,16-11-2025,Books,6,8316.93,1386.16,0,No,0,0,22,132,14,7,0.136,UPI,Android,Referral,Silver,Standard,1,4.5,Medium,No
CUST103166,Shivani Chatterjee,38,Female,Rajasthan,Jaipur,28-06-2024,28-01-2026,Fashion,7,9025.89,1289.41,730.85,Yes,0,0,19,57,11,6,0.211,UPI,Android,Referral,Silver,Express,2,3.6,Medium,No
CUST103167,Tejas Guha,35,Other,Jharkhand,Ranchi,29-09-2025,15-08-2026,Fashion,8,2599.29,324.91,329.61,Yes,1,0.12,21,63,12,5,0.095,UPI,Android,Organic Search,Silver,Standard,0,4.8,Medium,Yes
CUST103168,Ojas Purohit,37,Female,Maharashtra,Nashik,09-10-2024,07-02-2026,Fashion,7,7863.11,1123.3,451.4,Yes,2,0.29,22,44,5,2,0.045,UPI,Windows Laptop,Organic Search,None,Standard,0,3.4,Medium,Yes
CUST103169,Ijaya Kadakia,43,Female,Madhya Pradesh,Bhopal,21-02-2025,15-08-2026,Electronics,5,5225.99,1045.2,1884.8,Yes,0,0,17,102,8,3,0.059,Debit Card,iPhone,Instagram,None,Standard,1,4.7,Medium,No
CUST103170,Akshay Prabhakar,40,Male,Gujarat,Ahmedabad,21-12-2024,06-05-2025,Electronics,5,3477.86,695.57,560.97,Yes,0,0,17,102,10,5,0.176,UPI,Windows Laptop,Organic Search,None,Standard,0,4.4,Medium,No
CUST103171,Amol Mittal,36,Female,Bihar,Gaya,02-12-2025,15-08-2026,Books,5,4658.52,931.7,0,No,1,0.2,19,57,8,4,0.105,UPI,Android,Instagram,Gold,Standard,2,4.6,Medium,No
CUST103172,Yadavi Dash,40,Female,Delhi,New Delhi,16-01-2024,11-07-2025,Grocery,4,1841.96,460.49,0,No,0,0,21,105,15,5,0.095,UPI,Windows Laptop,YouTube,None,Express,1,3.1,Medium,Yes
CUST103173,Tamanna Sachdev,22,Male,Karnataka,Bengaluru,10-11-2024,25-03-2025,Grocery,4,6429.4,1607.35,1970.31,Yes,0,0,20,100,9,6,0.2,UPI,Android,YouTube,None,Express,2,5,Medium,Yes
CUST103174,Indira Pandey,19,Male,Karnataka,Mysuru,16-06-2025,16-11-2025,Beauty & Personal Care,6,4368.96,728.16,0,No,0,0,21,126,15,7,0.238,UPI,iPhone,Referral,None,Standard,1,4.2,Medium,No
CUST103175,Gautami Comar,32,Male,West Bengal,Howrah,16-01-2024,26-04-2024,Sports & Fitness,5,6793.23,1358.65,0,No,0,0,24,48,6,3,0.083,Cash on Delivery,Windows Laptop,Organic Search,None,Standard,1,4.1,Medium,Yes
CUST103176,Tara Sangha,32,Female,Karnataka,Mysuru,09-04-2025,31-08-2025,Home & Kitchen,4,4319.79,1079.95,848.22,Yes,1,0.25,30,60,11,5,0.1,UPI,iPhone,Organic Search,None,Standard,1,,Medium,Yes
CUST103177,Peter Gaba,27,Male,Bihar,Patna,07-04-2025,29-12-2025,Books,4,5555.25,1388.81,,Yes,0,0,22,66,13,9,0.182,UPI,Android,Referral,Gold,Express,0,3.7,Medium,No
CUST103178,Lakshmi Mane,38,Male,Haryana,Faridabad,19-02-2026,15-08-2026,Fashion,3,7866.19,2622.06,2112.75,Yes,0,0,28,112,18,7,0.179,UPI,iPhone,Organic Search,Gold,Express,2,4,Medium,Yes
CUST103179,Bhanumati Chaudhary,18,Male,Punjab,Chandigarh,28-06-2025,15-08-2026,Books,4,4175.54,1043.88,0,No,3,0.75,18,36,4,2,0.056,Debit Card,Android,Organic Search,None,Express,0,4,Medium,No
CUST103180,Hemang Chakraborty,27,Male,Odisha,Bhubaneswar,24-11-2025,24-01-2026,Grocery,3,4197.71,1399.24,0,No,1,0.33,18,72,12,8,0.222,UPI,iPhone,Referral,Silver,Standard,1,5,Low,Yes
CUST103181,Nisha Chawla,27,Male,Maharashtra,Pune,09-03-2024,04-11-2025,Fashion,3,6137.82,2045.94,0,No,0,0,20,100,21,10,0.35,UPI,Android,Referral,Silver,Same Day,1,4.1,Low,No
CUST103182,Harish Sawhney,18,Female,Tamil Nadu,Coimbatore,14-02-2025,14-07-2026,Beauty & Personal Care,3,3670.88,1223.63,0,No,0,0,17,51,4,1,0.059,Wallet,Tablet,Google Ads,None,Standard,1,3.9,Low,No
CUST103183,Bimala Salvi,43,Male,Tamil Nadu,Chennai,21-02-2024,05-05-2025,Beauty & Personal Care,5,4413.65,882.73,0,No,1,0.2,22,110,13,5,0.091,Credit Card,Windows Laptop,Direct,Silver,Standard,0,3.9,Medium,Yes
CUST103184,Udant Sha,20,Female,Delhi,New Delhi,05-03-2024,29-03-2025,Electronics,2,1218.67,609.34,0,No,0,0,22,44,6,3,0.091,Debit Card,Android,Email,Silver,Standard,0,4.4,Low,Yes
CUST103185,Ishwar Hayre,26,Female,Rajasthan,Jaipur,22-03-2026,25-07-2026,Beauty & Personal Care,7,5776.65,825.24,0,No,0,0,18,90,11,7,0.278,Net Banking,Android,YouTube,None,Express,2,,Medium,No
CUST103186,Jeet Panchal,38,Female,Uttar Pradesh,Lucknow,26-04-2026,15-08-2026,Fashion,7,10008.37,1429.77,2423.58,Yes,0,0,16,96,19,9,0.25,UPI,iPhone,Email,Platinum,Standard,1,3.4,Medium,No
CUST103187,Nitara Randhawa,36,Female,Telangana,Warangal,09-01-2026,03-03-2026,Electronics,9,12028.62,1336.51,0,No,2,0.22,21,105,12,7,0.238,Cash on Delivery,Windows Laptop,Direct,Gold,Express,1,5,Medium,No
CUST103188,Kavya Kapur,22,Male,Telangana,Hyderabad,11-04-2025,07-09-2025,Mobile Accessories,5,10988.19,2197.64,0,No,0,0,18,72,14,5,0.167,Debit Card,Android,Direct,Silver,Express,2,3.9,Medium,No
CUST103189,Amrita Lalla,36,Male,Punjab,Ludhiana,03-01-2026,15-08-2026,Beauty & Personal Care,6,6168.74,1028.12,0,No,0,0,23,92,18,9,0.304,UPI,iPhone,Organic Search,Silver,Standard,1,3.2,Medium,No
CUST103190,Oeshi Khurana,33,Male,Madhya Pradesh,Bhopal,28-09-2024,14-06-2026,Books,6,5097.91,849.65,0,No,0,0,24,120,12,5,0.125,UPI,Windows Laptop,Google Ads,Silver,Standard,0,3.6,Medium,No
CUST103191,Oeshi Bali,50,Other,Tamil Nadu,Madurai,14-03-2025,01-05-2025,Grocery,4,2517.48,629.37,0,No,0,0,18,36,3,1,0.056,Credit Card,Windows Laptop,Referral,Gold,Express,0,4.1,Medium,No
CUST103192,Atharv Dube,34,Male,Assam,Guwahati,13-06-2025,15-08-2026,Fashion,4,2459.52,614.88,536.37,Yes,0,0,13,52,9,6,0.308,UPI,Android,Organic Search,None,Standard,1,5,Medium,No
CUST103193,Zilmil Nadkarni,30,Female,Jharkhand,Jamshedpur,30-12-2025,22-03-2026,Home & Kitchen,6,5101.32,850.22,798.65,Yes,0,0,16,48,6,3,0.062,UPI,Android,Organic Search,None,Express,1,3.9,Medium,No
CUST103194,Onkar Sani,24,Female,Tamil Nadu,Chennai,29-09-2024,30-04-2025,Grocery,7,20589.75,2941.39,1582.87,Yes,0,0,26,156,17,11,0.269,Wallet,Windows Laptop,Google Ads,None,Standard,0,3.5,Medium,Yes
CUST103195,Mahika Hans,25,Female,Telangana,Hyderabad,03-04-2025,15-08-2026,Mobile Accessories,6,4003.19,667.2,279.89,Yes,2,0.33,24,48,9,4,0.083,UPI,Android,Organic Search,Platinum,Same Day,2,3.9,Medium,No
CUST103196,Charan Sanghvi,24,Female,Rajasthan,Jaipur,30-03-2026,15-08-2026,Fashion,4,3063.85,765.96,203.22,Yes,0,0,24,72,6,3,0.042,Credit Card,Windows Laptop,Instagram,None,Standard,0,4,Medium,No
CUST103197,Madhavi Ghose,42,Female,Jharkhand,Ranchi,21-06-2024,22-03-2026,Books,4,3360.65,840.16,0,No,0,0,22,44,8,5,0.091,Debit Card,Windows Laptop,Google Ads,Silver,Standard,0,4,Medium,No
CUST103198,Eesha Varughese,31,Male,Haryana,Faridabad,21-07-2025,19-12-2025,Books,5,13084.65,2616.93,0,No,0,0,23,92,14,6,0.13,Credit Card,Android,Referral,None,Express,0,2.9,Medium,Yes
CUST103199,Rajeshri Kashyap,36,Female,Maharashtra,Mumbai,10-05-2026,15-08-2026,Grocery,5,7397.35,1479.47,1243.12,Yes,1,0.2,30,60,5,2,0.033,Wallet,Windows Laptop,Organic Search,None,Standard,2,3.4,Medium,No
CUST103200,Jonathan Thaman,43,Male,Telangana,Warangal,04-06-2025,15-08-2026,Mobile Accessories,2,2283.82,1141.91,1014.83,Yes,0,0,28,84,11,7,0.107,Debit Card,Windows Laptop,Instagram,Gold,Standard,0,4.7,Low,No
CUST103201,Manya Lad,18,Female,Uttar Pradesh,Kanpur,11-05-2025,18-01-2026,Home & Kitchen,1,517.07,517.07,0,No,0,0,18,36,5,2,0.056,Credit Card,MacBook,Direct,Silver,Standard,0,4.4,Low,No
CUST103202,Ekantika Jani,41,Female,Rajasthan,Jodhpur,05-03-2026,15-08-2026,Mobile Accessories,9,12589.73,1398.86,845.33,Yes,1,0.11,33,132,13,8,0.121,Debit Card,Android,Direct,Silver,Express,1,4.3,Medium,No
CUST103203,Girik Bal,31,Male,Karnataka,Mangaluru,15-03-2026,15-08-2026,Grocery,6,12991.39,2165.23,3514.24,Yes,1,0.17,18,90,8,5,0.167,Wallet,Tablet,Referral,Silver,Standard,0,3.7,Medium,No
CUST103204,Advay Dua,34,Female,Haryana,Gurugram,17-06-2025,15-08-2026,Electronics,7,20901.05,2985.86,6341.37,Yes,0,0,20,60,7,5,0.15,UPI,iPhone,Direct,Silver,Express,0,3,Medium,No
CUST103205,Farhan Raja,24,Male,Odisha,Bhubaneswar,12-03-2024,08-08-2024,Books,3,1176.44,392.15,84.29,Yes,0,0,28,140,22,10,0.25,Cash on Delivery,Android,Organic Search,Gold,Standard,0,4.2,Low,Yes
CUST103206,Kalpit Setty,25,Female,Punjab,Chandigarh,16-05-2026,15-08-2026,Home & Kitchen,3,2671.29,890.43,911.58,Yes,1,0.33,14,56,10,7,0.357,UPI,Windows Laptop,Google Ads,None,Standard,1,4.4,Low,No
CUST103207,Rachit Khatri,35,Female,Haryana,Gurugram,19-04-2026,15-08-2026,Home & Kitchen,7,8881.9,1268.84,0,No,0,0,22,66,14,5,0.091,Debit Card,Windows Laptop,Organic Search,None,Express,0,5,Medium,No
CUST103208,Chameli Hari,50,Female,Kerala,Kozhikode,20-06-2024,29-01-2025,Beauty & Personal Care,4,10402.74,2600.68,0,No,0,0,14,70,7,3,0.071,Credit Card,iPhone,Referral,None,Standard,0,3.5,Medium,Yes
CUST103209,Kritika Lad,39,Male,Gujarat,Ahmedabad,26-09-2025,15-08-2026,Electronics,1,495.03,495.03,113.74,Yes,0,0,17,51,4,2,0.059,Debit Card,Android,Direct,Gold,Standard,0,4.6,Low,No
CUST103210,Anvi Butala,41,Male,Uttar Pradesh,Noida,25-08-2025,15-03-2026,Home & Kitchen,8,6099.11,762.39,1913.53,Yes,1,0.12,28,168,36,23,0.607,Credit Card,Android,YouTube,None,Standard,2,4.5,Medium,No
CUST103211,Arin Chauhan,29,Female,Karnataka,Bengaluru,05-01-2026,15-08-2026,Sports & Fitness,3,3035.61,1011.87,1046.12,Yes,0,0,13,65,6,2,0.077,Debit Card,Windows Laptop,Google Ads,Silver,Standard,0,2.8,Low,No
CUST103212,Tripti Das,26,Female,Odisha,Bhubaneswar,18-10-2024,14-07-2025,Electronics,5,3205.8,641.16,1173.03,Yes,0,0,20,100,18,7,0.15,Debit Card,Android,Organic Search,None,Standard,0,4.3,Medium,No
CUST103213,Lucky Mandal,25,Male,Karnataka,Mangaluru,15-05-2026,15-08-2026,Fashion,3,1367.71,455.9,110.83,Yes,0,0,21,126,23,12,0.381,Cash on Delivery,Android,Instagram,Silver,Standard,0,3.5,Low,No
CUST103214,Pranit Chander,27,Male,Odisha,Cuttack,08-09-2024,21-11-2025,Electronics,6,21767.2,3627.87,8059.86,Yes,0,0,27,108,9,3,0.074,Net Banking,MacBook,Organic Search,Gold,Standard,0,4.5,Medium,Yes
CUST103215,Warda Pathak,18,Male,Delhi,New Delhi,12-02-2025,17-04-2026,Home & Kitchen,5,4892.03,978.41,1935.43,Yes,0,0,20,120,23,11,0.4,UPI,MacBook,Organic Search,Gold,Express,,4.6,Medium,Yes
CUST103216,Mahika Chaudhuri,25,Female,Maharashtra,Pune,20-03-2026,15-08-2026,Grocery,5,4735.45,947.09,322.44,Yes,0,0,19,57,6,3,0.053,Cash on Delivery,Windows Laptop,YouTube,Gold,Standard,0,3.6,Medium,No
CUST103217,Anthony Sachdev,27,Male,Karnataka,Mysuru,01-01-2025,15-08-2026,Sports & Fitness,3,1695.9,565.3,0,No,0,0,22,66,12,7,0.136,Credit Card,Android,Organic Search,Gold,Standard,,4.4,Low,No
CUST103218,Vidhi Bose,30,Male,West Bengal,Durgapur,12-09-2024,24-01-2026,Mobile Accessories,3,3092.7,1030.9,836.13,Yes,0,0,25,75,9,4,0.08,UPI,Tablet,Direct,None,Express,0,5,Low,No
CUST103219,Oni Prashad,32,Female,Kerala,Kochi,08-06-2025,15-08-2026,Beauty & Personal Care,2,1492.64,746.32,371.25,Yes,1,0.5,22,88,16,8,0.182,UPI,Android,Organic Search,Silver,Standard,0,4.3,Low,Yes
CUST103220,Shravya Dyal,34,Male,Kerala,Kozhikode,15-03-2025,15-08-2026,Fashion,6,10492.3,1748.72,4638,Yes,1,0.17,20,120,23,11,0.45,UPI,Android,Email,None,Standard,0,3.9,Medium,No
CUST103221,Chanchal Anne,31,Female,Rajasthan,Jaipur,30-11-2024,14-08-2026,Books,5,2897.74,579.55,0,No,1,0.2,14,28,2,1,0.071,Credit Card,MacBook,YouTube,None,Standard,1,4.2,Medium,No
CUST103222,Azad Dalal,26,Male,Karnataka,Mysuru,21-09-2025,15-08-2026,Grocery,6,8049.94,1341.66,2302.93,Yes,0,0,20,100,15,8,0.25,Credit Card,Android,Organic Search,None,Same Day,1,3.7,Medium,Yes
CUST103223,Idika Sule,18,Male,Maharashtra,Mumbai,10-03-2025,20-09-2025,Beauty & Personal Care,7,8227.17,1175.31,2078.75,Yes,0,0,25,150,19,9,0.24,UPI,Windows Laptop,Direct,None,Standard,1,3.5,Medium,No
CUST103224,Nathan Vig,26,Male,West Bengal,Kolkata,20-11-2025,15-08-2026,Grocery,8,11957.57,1494.7,0,No,0,0,30,90,17,8,0.2,UPI,Android,Instagram,Gold,Express,0,4.8,Medium,No
CUST103225,Jairaj Hans,23,Male,Karnataka,Mysuru,05-04-2025,29-06-2025,Books,9,10312.08,1145.79,3236.62,Yes,0,0,13,78,11,6,0.231,Net Banking,Android,Organic Search,Silver,Standard,1,,Medium,No
CUST103226,Arin Vasa,35,Male,Haryana,Faridabad,03-11-2024,01-02-2026,Grocery,2,2834.47,1417.24,751.24,Yes,0,0,24,144,19,14,0.333,UPI,Android,Organic Search,None,Standard,0,4.5,Low,No
CUST103227,Tarak Patla,38,Male,Delhi,New Delhi,03-11-2025,05-04-2026,Fashion,10,15547.68,1554.77,0,No,0,0,20,80,8,3,0.05,UPI,Android,Organic Search,None,Express,1,3.8,High,No
CUST103228,Teerth Balan,39,Male,Telangana,Hyderabad,04-04-2024,29-07-2024,Grocery,7,13711.64,1958.81,5313.04,Yes,0,0,16,80,9,3,0.125,Cash on Delivery,Android,YouTube,None,Standard,1,4.7,Medium,Yes
CUST103229,Lakshit Kannan,37,Female,Maharashtra,Mumbai,12-02-2025,09-06-2026,Electronics,2,2778.92,1389.46,362.54,Yes,0,0,14,56,12,4,0.143,UPI,Android,YouTube,Gold,Standard,0,4.5,Low,No
CUST103230,Jonathan Loyal,30,Male,Delhi,Delhi,29-05-2026,15-08-2026,Home & Kitchen,8,8251.82,1031.48,1175.57,Yes,0,0,15,60,11,6,0.267,UPI,Android,YouTube,None,Standard,1,5,Medium,No
CUST103231,Vasatika Iyengar,27,Female,Rajasthan,Udaipur,05-04-2026,18-05-2026,Home & Kitchen,4,13252.74,3313.18,0,No,0,0,25,75,9,5,0.12,Wallet,Tablet,Email,None,Standard,0,4.2,Medium,No
CUST103232,Ijaya Menon,25,Female,Uttar Pradesh,Varanasi,16-06-2024,18-07-2024,Electronics,9,7365.38,818.38,0,No,2,0.22,15,60,9,3,0.133,UPI,Android,Organic Search,None,Standard,0,4.1,Medium,Yes
CUST103233,Warhi Sarin,19,Male,Delhi,Delhi,27-03-2024,31-08-2025,Electronics,5,16563.44,3312.69,0,No,0,0,24,120,26,13,0.292,Credit Card,Android,Organic Search,Gold,Standard,0,3.9,Medium,No
CUST103234,Reyansh Krishna,39,Male,West Bengal,Siliguri,03-01-2024,09-09-2025,Electronics,8,20305.95,2538.24,5056.17,Yes,0,0,21,63,11,7,0.143,Debit Card,Android,Email,Gold,Standard,0,4.3,High,No
CUST103235,Rudra Mand,30,Female,Telangana,Hyderabad,06-01-2025,09-02-2025,Grocery,9,17610.82,1956.76,0,No,0,0,19,76,9,4,0.105,UPI,iPhone,Organic Search,Silver,Standard,2,4.1,High,No
CUST103236,Harshil Muni,21,Male,Delhi,Delhi,11-06-2025,17-05-2026,Sports & Fitness,9,9342.6,1038.07,2273.25,Yes,0,0,24,72,6,3,0.042,Cash on Delivery,Android,Organic Search,Gold,Standard,1,4.4,Medium,No
CUST103237,Samesh Sura,24,Male,Delhi,Delhi,03-10-2025,15-08-2026,Mobile Accessories,4,3315.31,828.83,0,No,0,0,20,120,23,8,0.2,Credit Card,iPhone,Instagram,Gold,Standard,1,3.5,Medium,No
CUST103238,Sanaya Sampath,24,Male,Andhra Pradesh,Vijayawada,23-01-2024,14-04-2025,Fashion,5,6656.15,1331.23,2913.55,Yes,0,0,18,90,10,5,0.111,UPI,Android,Google Ads,None,Standard,0,4.3,Medium,Yes
CUST103239,Eiravati Chokshi,31,Female,Bihar,Gaya,07-04-2024,25-05-2025,Beauty & Personal Care,6,7449.26,1241.54,0,No,1,0.17,28,56,5,3,0.036,Credit Card,MacBook,Referral,None,Express,2,4.1,Medium,Yes
CUST103240,Pushti Iyengar,40,Female,Uttar Pradesh,Noida,31-10-2025,02-12-2025,Mobile Accessories,6,8630.92,1438.49,1421.74,Yes,0,0,20,40,3,1,0.05,Net Banking,Android,Organic Search,None,Standard,0,4.3,Medium,No
CUST103241,Kashvi Bhatt,28,Male,Gujarat,Surat,20-01-2026,15-08-2026,Electronics,5,7582.25,1516.45,0,No,0,0,25,50,4,1,0.04,Credit Card,Windows Laptop,Email,None,Standard,0,2.8,Medium,Yes
CUST103242,Oliver Bandi,18,Female,Gujarat,Surat,05-06-2025,30-06-2026,Grocery,4,7920.11,1980.03,3184.22,Yes,1,0.25,25,150,14,9,0.16,UPI,Windows Laptop,Organic Search,None,Standard,3,3.8,Medium,No
CUST103243,Nimrat Memon,29,Female,Uttar Pradesh,Noida,16-11-2024,24-07-2026,Grocery,9,8345.84,927.32,1407,Yes,0,0,18,72,10,4,0.056,UPI,Tablet,Instagram,Gold,Standard,0,5,Medium,No
CUST103244,Mitali Balan,30,Male,Odisha,Cuttack,17-06-2025,06-06-2026,Electronics,8,6256.14,782.02,0,No,1,0.12,14,84,15,9,0.429,UPI,Android,Organic Search,Platinum,Express,0,3.7,Medium,No
CUST103245,Pranit Naidu,29,Female,Odisha,Cuttack,30-03-2026,15-08-2026,Sports & Fitness,5,3175.89,635.18,715.91,Yes,1,0.2,19,38,7,2,0.053,Debit Card,Tablet,Direct,Platinum,Standard,0,3.9,Medium,No
CUST103246,Quincy Parmar,26,Female,Karnataka,Bengaluru,01-01-2025,05-09-2025,Sports & Fitness,2,3712.29,1856.14,0,No,0,0,16,64,11,6,0.125,UPI,Windows Laptop,Google Ads,Silver,Standard,3,,Low,Yes
CUST103247,Elijah Kale,33,Female,Rajasthan,Jaipur,02-07-2024,28-10-2024,Electronics,7,19463.79,2780.54,0,No,0,0,26,156,14,6,0.115,Debit Card,Android,Instagram,None,Standard,0,3.2,Medium,Yes
CUST103248,Kamya Dhillon,32,Male,Gujarat,Surat,20-02-2025,15-08-2026,Electronics,6,4030.98,671.83,1143.47,Yes,0,0,23,92,19,14,0.478,Net Banking,iPhone,Instagram,None,Standard,1,3.6,Medium,No
CUST103249,Jason Andra,31,Other,Haryana,Gurugram,29-12-2025,15-08-2026,Electronics,3,2168.27,722.76,,Yes,0,0,21,42,3,2,0.048,Debit Card,Windows Laptop,Google Ads,None,Express,0,3.7,Low,No
CUST103250,Advay Narasimhan,34,Female,Bihar,Muzaffarpur,01-08-2024,10-09-2024,Fashion,4,2525.02,631.26,0,No,0,0,25,125,23,12,0.28,Cash on Delivery,MacBook,Organic Search,Gold,Standard,1,4.5,Medium,Yes
CUST103251,Udyati Nagy,28,Female,Uttar Pradesh,Lucknow,27-04-2026,14-07-2026,Home & Kitchen,5,4556.39,911.28,0,No,2,0.4,13,26,5,3,0.077,UPI,Android,YouTube,Gold,Standard,1,3.9,Medium,No
CUST103252,Dominic Rajan,27,Female,Maharashtra,Nashik,31-10-2025,26-07-2026,Beauty & Personal Care,6,2673.83,445.64,0,No,1,0.17,24,48,9,4,0.083,Debit Card,Tablet,YouTube,None,Standard,1,4.7,Medium,No
CUST103253,Simon Vyas,42,Male,Uttar Pradesh,Varanasi,28-07-2024,17-04-2025,Fashion,4,9594.4,2398.6,0,No,0,0,22,66,11,6,0.182,Cash on Delivery,iPhone,Instagram,None,Standard,1,4.2,Medium,Yes
CUST103254,Harshil Mall,35,Female,Maharashtra,Pune,12-05-2024,04-10-2024,Books,7,12691.73,1813.1,3591.5,Yes,0,0,26,104,15,10,0.231,UPI,Windows Laptop,Instagram,Silver,Same Day,1,3.6,Medium,No
CUST103255,Oviya Saran,38,Female,Tamil Nadu,Coimbatore,22-02-2024,06-04-2024,Fashion,5,7592.37,1518.47,1759.84,Yes,0,0,37,111,24,14,0.243,Debit Card,MacBook,Referral,None,Standard,1,2.4,Medium,Yes
CUST103256,Ekaja Hora,41,Male,Maharashtra,Mumbai,10-01-2026,03-02-2026,Electronics,9,17338.42,1926.49,3798.92,Yes,0,0,18,108,18,9,0.278,Credit Card,Android,Direct,None,Express,0,5,High,No
CUST103257,Chandran Tak,35,Male,Odisha,Cuttack,25-11-2025,08-03-2026,Fashion,8,19147.62,2393.45,2629.39,Yes,1,0.12,25,150,29,16,0.44,Debit Card,Android,Organic Search,Silver,Express,0,4.5,High,Yes
CUST103258,Chakradhar Maharaj,38,Male,Karnataka,Mangaluru,23-01-2024,11-04-2025,Beauty & Personal Care,4,5679.55,1419.89,2469.75,Yes,0,0,15,30,3,1,0.067,Debit Card,Windows Laptop,Email,None,Express,1,3.6,Medium,Yes
CUST103259,Jagdish Dash,18,Female,Telangana,Hyderabad,15-04-2024,23-09-2024,Home & Kitchen,5,3266.54,653.31,0,No,2,0.4,24,72,12,6,0.125,UPI,Windows Laptop,Email,None,Standard,0,5,Medium,Yes
CUST103260,Onveer Narain,33,Female,Haryana,Faridabad,25-08-2025,13-01-2026,Fashion,3,2541.88,847.29,662.32,Yes,0,0,24,72,5,2,0.042,UPI,Windows Laptop,Referral,Silver,Standard,0,4.2,Low,No
CUST103261,Warjas Bail,30,Male,Karnataka,Mangaluru,22-09-2025,07-02-2026,Electronics,6,8871.81,1478.64,752.67,Yes,0,0,21,105,20,13,0.381,Cash on Delivery,iPhone,Email,None,Express,0,4,Medium,No
CUST103262,Andrew Agrawal,44,Male,Rajasthan,Udaipur,04-04-2025,15-08-2026,Sports & Fitness,3,2769.03,923.01,0,No,0,0,28,140,19,14,0.393,UPI,Windows Laptop,YouTube,Gold,Express,1,5,Low,No
CUST103263,Bhavani Deep,38,Female,Gujarat,Ahmedabad,11-10-2025,15-08-2026,Mobile Accessories,6,19335.31,3222.55,5264.44,Yes,2,0.33,18,36,4,1,0.056,Credit Card,Android,Organic Search,None,Standard,1,4.5,Medium,No
CUST103264,Balhaar Walla,26,Female,West Bengal,Durgapur,26-04-2025,15-08-2026,Fashion,3,4903.02,1634.34,1842.72,Yes,1,0.33,16,96,11,7,0.188,Debit Card,iPhone,Referral,None,Standard,0,5,Low,Yes
CUST103265,Geetika Babu,34,Male,Madhya Pradesh,Bhopal,29-04-2024,03-07-2024,Home & Kitchen,3,4495,1498.33,1236.9,Yes,1,0.33,22,110,23,15,0.318,Net Banking,Android,Direct,Silver,Express,2,5,Low,Yes
CUST103266,Upma Chandran,32,Male,West Bengal,Howrah,03-11-2025,15-08-2026,Beauty & Personal Care,5,9838.07,1967.61,0,No,0,0,22,66,13,4,0.045,UPI,Windows Laptop,Google Ads,Gold,Standard,1,3.8,Medium,No
CUST103267,Charvi Maharaj,35,Male,Rajasthan,Jaipur,26-07-2024,19-06-2025,Grocery,6,8122.6,1353.77,0,No,0,0,18,54,10,5,0.111,Credit Card,Tablet,Referral,None,Standard,0,3.6,Medium,Yes
CUST103268,Hiral Ratta,23,Female,Uttar Pradesh,Noida,10-05-2026,15-08-2026,Home & Kitchen,10,13509.41,1350.94,3080.01,Yes,0,0,32,64,9,6,0.094,Debit Card,Android,Organic Search,Gold,Express,1,4.8,Medium,No
CUST103269,Dhriti Tak,34,Female,Bihar,Patna,13-11-2024,13-04-2026,Books,5,14335.54,2867.11,3331.04,Yes,0,0,18,72,9,5,0.167,Debit Card,Android,YouTube,Silver,Express,4,4.7,Medium,No
CUST103270,Maya Misra,29,Other,Odisha,Cuttack,03-12-2024,31-05-2026,Beauty & Personal Care,5,9075.98,1815.2,462.31,Yes,2,0.4,21,84,13,7,0.143,Cash on Delivery,iPhone,Organic Search,None,Express,1,4.3,Medium,No
CUST103271,Wakeeta Dara,33,Male,Delhi,Delhi,03-06-2024,10-08-2025,Home & Kitchen,1,857.17,857.17,169.94,Yes,1,1,22,132,20,14,0.455,UPI,Android,Instagram,None,Express,0,4.4,Low,Yes
CUST103272,Harshil Balakrishnan,25,Female,West Bengal,Siliguri,13-02-2026,15-08-2026,Beauty & Personal Care,3,4558.19,1519.4,1963.57,Yes,0,0,20,40,8,5,0.1,UPI,Android,Direct,None,Standard,0,3.9,Low,No
CUST103273,Champak Anne,26,Female,Kerala,Thiruvananthapuram,17-05-2026,15-08-2026,Mobile Accessories,8,7288.31,911.04,2333.94,Yes,1,0.12,12,60,12,7,0.417,Debit Card,Android,Google Ads,Gold,Standard,0,3.7,Medium,No
CUST103274,Henry Naidu,40,Male,Uttar Pradesh,Noida,03-06-2024,12-04-2025,Sports & Fitness,3,2244.68,748.23,937.66,Yes,1,0.33,21,126,26,14,0.333,UPI,Android,Organic Search,Platinum,Same Day,0,3.6,Low,No
CUST103275,Upkaar Garde,23,Male,Punjab,Ludhiana,21-04-2026,15-08-2026,Electronics,6,13737.98,2289.66,0,No,0,0,16,80,15,6,0.25,UPI,MacBook,Referral,Gold,Same Day,2,5,Medium,No
CUST103276,Rayaan Pillay,23,Female,Punjab,Amritsar,28-01-2025,02-06-2026,Fashion,5,5694.4,1138.88,1403.47,Yes,1,0.2,25,50,6,4,0.08,UPI,Android,Email,None,Standard,1,5,Medium,Yes
CUST103277,Charles Lad,31,Female,Punjab,Chandigarh,19-05-2025,15-08-2026,Home & Kitchen,3,2861.45,953.82,182.54,Yes,1,0.33,25,150,27,12,0.2,Net Banking,Android,Google Ads,None,Express,,3.9,Low,Yes
CUST103278,Indrajit Bava,25,Male,Rajasthan,Udaipur,08-11-2024,19-03-2025,Fashion,4,4915.32,1228.83,0,No,0,0,25,150,28,9,0.16,UPI,Android,YouTube,Silver,Standard,0,4.4,Medium,Yes
CUST103279,Falan Lalla,24,Male,Tamil Nadu,Coimbatore,08-03-2026,15-08-2026,Grocery,5,11087.02,2217.4,4031.31,Yes,0,0,17,85,8,2,0.059,Cash on Delivery,Android,Referral,Silver,Standard,1,4.2,Medium,No
CUST103280,Ladli Madan,32,Female,Madhya Pradesh,Indore,15-09-2024,28-02-2026,Sports & Fitness,7,2828.01,404,0,No,0,0,19,76,14,6,0.158,UPI,Android,Google Ads,Gold,Express,1,4.5,Medium,No
CUST103281,Lakshit Sharma,19,Female,Gujarat,Ahmedabad,05-06-2024,20-11-2025,Grocery,3,2906.1,968.7,0,No,1,0.33,22,88,18,12,0.273,Debit Card,Android,Organic Search,None,Standard,1,3.7,Low,Yes
CUST103282,Jonathan Nagar,23,Female,Karnataka,Bengaluru,14-01-2024,18-02-2024,Mobile Accessories,4,1725.38,431.34,257.1,Yes,0,0,25,125,23,17,0.48,UPI,iPhone,Email,Gold,Express,1,4.1,Medium,Yes
CUST103283,Odika Sekhon,47,Male,Haryana,Faridabad,17-03-2024,21-07-2025,Fashion,4,1046.03,261.51,326.71,Yes,1,0.25,26,78,13,8,0.154,UPI,iPhone,Email,None,Express,2,3.5,Medium,No
CUST103284,Wridesh Sridhar,35,Male,Haryana,Faridabad,04-12-2024,20-06-2026,Books,7,10711.34,1530.19,3787.49,Yes,1,0.14,20,60,6,2,0.05,UPI,Android,Organic Search,None,Express,1,,Medium,No
CUST103285,Avni Nagy,25,Male,Gujarat,Surat,12-02-2025,18-08-2025,Grocery,8,5094.35,636.79,813.49,Yes,1,0.12,20,120,20,13,0.45,Cash on Delivery,Android,YouTube,None,Express,0,4.3,Medium,Yes
CUST103286,Upkaar Chanda,34,Female,Maharashtra,Nagpur,28-01-2025,14-04-2025,Fashion,6,12527.12,2087.85,2661.97,Yes,0,0,20,100,16,10,0.3,Debit Card,Windows Laptop,Referral,None,Standard,1,5,Medium,No
CUST103287,Chaman Butala,36,Female,Telangana,Warangal,26-04-2026,15-08-2026,Grocery,7,4116.57,588.08,784.23,Yes,0,0,12,48,6,4,0.083,Net Banking,Android,Organic Search,Gold,Express,0,3.7,Medium,No
CUST103288,Xavier Jha,39,Female,Madhya Pradesh,Indore,07-08-2024,26-04-2026,Electronics,4,7263.68,1815.92,0,No,0,0,20,40,3,1,0.05,Debit Card,Android,Email,None,Express,0,4.4,Medium,No
CUST103289,Falan Talwar,30,Male,Assam,Guwahati,13-01-2026,15-08-2026,Grocery,4,6177.82,1544.46,1733.53,Yes,2,0.5,25,75,10,5,0.12,Debit Card,Windows Laptop,Google Ads,None,Same Day,0,5,Medium,Yes
CUST103290,Simon Arya,39,Female,Karnataka,Mangaluru,08-03-2025,17-09-2025,Beauty & Personal Care,5,4197.98,839.6,0,No,0,0,18,36,7,4,0.111,Credit Card,iPhone,YouTube,Silver,Express,0,4.1,Medium,No
CUST103291,Upadhriti Rajan,18,Female,West Bengal,Kolkata,16-03-2026,15-08-2026,Fashion,6,5869.97,978.33,0,No,0,0,24,96,18,11,0.208,UPI,iPhone,Google Ads,None,Standard,1,2.6,Medium,No
CUST103292,Vinaya Cheema,23,Female,Haryana,Gurugram,30-03-2025,27-06-2026,Grocery,3,4036.24,1345.41,1312.24,Yes,0,0,17,85,11,6,0.235,UPI,MacBook,Instagram,Gold,Standard,0,3,Low,Yes
CUST103293,Sathvik Wable,32,Female,Telangana,Hyderabad,15-10-2025,12-01-2026,Beauty & Personal Care,6,9819.19,1636.53,1444.4,Yes,0,0,20,60,6,2,0.05,Credit Card,Android,Referral,None,Same Day,0,4.3,Medium,No
CUST103294,Devika Setty,34,Female,Uttar Pradesh,Noida,01-02-2026,15-08-2026,Fashion,5,12404.83,2480.97,0,No,0,0,29,174,25,18,0.517,Credit Card,iPhone,Referral,Silver,Standard,1,3.9,Medium,No
CUST103295,Yamini Cherian,24,Female,Andhra Pradesh,Visakhapatnam,18-03-2026,15-08-2026,Electronics,3,4886.86,1628.95,1138.03,Yes,2,0.67,18,36,6,3,0.111,UPI,Windows Laptop,Google Ads,Gold,Standard,0,3.7,Low,No
CUST103296,Theodore Patla,33,Male,West Bengal,Kolkata,19-05-2024,24-10-2024,Home & Kitchen,7,9622.11,1374.59,0,No,0,0,17,51,8,3,0.059,Credit Card,Android,Organic Search,None,Standard,,5,Medium,No
CUST103297,Sneha Varghese,26,Female,Bihar,Muzaffarpur,12-05-2025,20-12-2025,Beauty & Personal Care,8,11251.89,1406.49,3014.31,Yes,0,0,23,92,18,11,0.304,Net Banking,Android,Google Ads,None,Standard,2,4.3,Medium,No
CUST103298,Mugdha Guha,29,Male,Maharashtra,Nashik,15-10-2025,28-07-2026,Books,7,8303.61,1186.23,0,No,0,0,24,72,8,2,0.042,Cash on Delivery,iPhone,Email,Gold,Standard,0,4.4,Medium,No
CUST103299,Arunima Sampath,39,Female,Telangana,Warangal,02-10-2025,15-08-2026,Books,5,4968.94,993.79,0,No,0,0,21,63,9,3,0.095,Credit Card,Android,YouTube,None,Standard,0,4.5,Medium,No
CUST103300,Damyanti Chaudry,38,Female,Madhya Pradesh,Indore,15-04-2026,15-08-2026,Home & Kitchen,3,2658.27,886.09,959.83,Yes,0,0,21,105,12,6,0.19,UPI,Android,Instagram,Gold,Same Day,1,,Low,No
CUST103301,Triya Chhabra,23,Male,Gujarat,Vadodara,27-03-2026,15-08-2026,Grocery,5,9614.57,1922.91,0,No,1,0.2,15,75,14,8,0.267,UPI,Windows Laptop,Referral,None,Express,0,4.4,Medium,No
CUST103302,Wridesh Babu,23,Female,Andhra Pradesh,Vijayawada,13-06-2025,16-07-2026,Home & Kitchen,3,2494.16,831.39,172.64,Yes,0,0,16,96,13,6,0.188,Cash on Delivery,Android,Email,Gold,Express,0,3.5,Low,Yes
CUST103303,Rachit Loke,28,Female,Uttar Pradesh,Kanpur,24-01-2026,15-08-2026,Grocery,4,5741.85,1435.46,600.12,Yes,0,0,20,100,13,6,0.1,UPI,Android,Direct,None,Express,1,4.1,Medium,No
CUST103304,Vamakshi Wali,31,Female,Tamil Nadu,Coimbatore,06-11-2025,06-05-2026,Fashion,5,5817.89,1163.58,0,No,1,0.2,18,72,13,8,0.278,Debit Card,Android,Referral,Gold,Same Day,0,3.8,Medium,Yes
CUST103305,Indira Lanka,26,Female,Delhi,Delhi,11-04-2026,13-05-2026,Fashion,1,2039.68,2039.68,0,No,0,0,19,114,20,7,0.263,Net Banking,iPhone,Organic Search,Silver,Express,0,3.2,Low,No
CUST103306,Frado Pandya,39,Female,Telangana,Warangal,05-04-2024,22-12-2024,Beauty & Personal Care,3,4709.41,1569.8,1186.3,Yes,0,0,25,50,7,4,0.08,UPI,MacBook,Organic Search,None,Standard,0,3.9,Low,Yes
CUST103307,Simon Dora,34,Female,Telangana,Hyderabad,28-01-2024,03-12-2024,Electronics,4,4143.83,1035.96,0,No,0,0,25,150,19,13,0.4,Debit Card,Android,Direct,None,Standard,2,3.9,Medium,Yes
CUST103308,Yadavi Sankar,34,Male,West Bengal,Durgapur,17-08-2024,19-10-2025,Grocery,1,755.67,755.67,262.51,Yes,1,1,21,105,18,7,0.143,Cash on Delivery,Android,Referral,Gold,Standard,2,3.6,Low,Yes
CUST103309,Chatresh Sastry,21,Male,Telangana,Hyderabad,19-02-2025,19-01-2026,Sports & Fitness,3,6623.58,2207.86,2530.09,Yes,0,0,19,114,24,16,0.632,UPI,Windows Laptop,Direct,Silver,Express,1,4.1,Low,No
CUST103310,Kala Chaudhari,40,Male,Gujarat,Surat,31-03-2025,15-08-2026,Home & Kitchen,7,7665.79,1095.11,1965.1,Yes,1,0.14,20,120,16,6,0.1,UPI,Windows Laptop,Instagram,None,Standard,0,3.1,Medium,No
CUST103311,Lavanya Sami,18,Female,Kerala,Thiruvananthapuram,25-01-2024,07-08-2024,Home & Kitchen,3,10258.39,3419.46,0,No,0,0,19,57,4,2,0.053,Cash on Delivery,MacBook,Organic Search,Gold,Standard,0,2.2,Medium,Yes
CUST103312,Chaitaly Gulati,38,Male,Bihar,Patna,17-11-2025,15-08-2026,Sports & Fitness,3,1034.81,344.94,132.85,Yes,0,0,24,72,14,10,0.208,Net Banking,Android,Organic Search,None,Express,2,2.3,Low,Yes
CUST103313,Patrick Majumdar,38,Female,Kerala,Kozhikode,07-02-2025,23-04-2025,Grocery,5,6460.01,1292,1892.84,Yes,2,0.4,16,48,4,2,0.062,Credit Card,Android,Direct,None,Standard,0,4,Medium,No
CUST103314,Zilmil Sant,28,Male,West Bengal,Durgapur,03-11-2025,14-06-2026,Fashion,3,6117.67,2039.22,0,No,0,0,24,144,29,14,0.458,Credit Card,Android,Google Ads,None,Express,0,4.4,Low,No
CUST103315,Chandresh Kothari,41,Female,Karnataka,Bengaluru,25-06-2025,22-12-2025,Fashion,4,5254.8,1313.7,874.74,Yes,1,0.25,19,95,18,8,0.263,Debit Card,Tablet,Google Ads,None,Standard,0,4.3,Medium,No
CUST103316,Theodore Contractor,30,Male,Bihar,Patna,13-06-2024,23-04-2025,Grocery,2,3423.55,1711.78,782.22,Yes,1,0.5,17,68,11,5,0.176,UPI,Windows Laptop,Direct,Gold,Standard,0,,Low,Yes
CUST103317,Balendra Lata,31,Female,Rajasthan,Jodhpur,26-07-2024,26-07-2025,Beauty & Personal Care,5,9616.4,1923.28,3325.93,Yes,0,0,16,64,12,5,0.188,UPI,iPhone,Instagram,Gold,Express,0,4.4,Medium,Yes
CUST103318,Dominic Wali,34,Female,West Bengal,Siliguri,05-09-2025,19-11-2025,Electronics,5,11824.96,2364.99,3557.33,Yes,1,0.2,21,42,4,2,0.048,Cash on Delivery,Android,Organic Search,Gold,Express,1,3.8,Medium,Yes
CUST103319,Anya Kara,56,Female,Madhya Pradesh,Bhopal,07-01-2025,11-10-2025,Fashion,4,6648.56,1662.14,1613.58,Yes,0,0,18,72,14,6,0.222,Debit Card,Android,Instagram,Silver,Standard,0,3.7,Medium,No
CUST103320,Manya Ramaswamy,42,Female,Madhya Pradesh,Indore,09-09-2025,25-01-2026,Books,8,24347.11,3043.39,0,No,0,0,20,100,15,7,0.2,Debit Card,Android,Referral,Silver,Standard,0,5,High,Yes
CUST103321,Thomas Loyal,37,Female,Uttar Pradesh,Varanasi,21-04-2026,15-08-2026,Grocery,6,5252.38,875.4,0,No,1,0.17,9,36,3,1,0.111,Credit Card,Windows Laptop,Instagram,Silver,Standard,0,5,Medium,No
CUST103322,Samesh Garg,24,Female,West Bengal,Kolkata,09-03-2024,16-09-2025,Mobile Accessories,3,9694.39,3231.46,0,No,1,0.33,23,138,15,9,0.217,Credit Card,Tablet,YouTube,None,Express,0,,Medium,Yes
CUST103323,Idika Mani,32,Female,Madhya Pradesh,Indore,03-06-2025,15-09-2025,Grocery,7,4416.15,630.88,1030.26,Yes,1,0.14,20,120,22,15,0.5,Wallet,iPhone,Instagram,Silver,Express,0,4.6,Medium,No
CUST103324,Aarush Chandra,24,Male,Uttar Pradesh,Lucknow,26-09-2025,26-02-2026,Mobile Accessories,5,10133.06,2026.61,0,No,0,0,26,78,15,6,0.154,Debit Card,Windows Laptop,Organic Search,Silver,Standard,1,3.2,Medium,Yes
CUST103325,Yahvi Sood,38,Female,Madhya Pradesh,Indore,18-12-2024,29-12-2025,Fashion,7,13693.22,1956.17,0,No,0,0,12,24,4,1,0.083,UPI,Windows Laptop,Organic Search,None,Standard,1,,Medium,Yes
CUST103326,William Garde,32,Female,Kerala,Kozhikode,10-04-2024,11-06-2025,Grocery,5,19639.99,3928,3648.32,Yes,1,0.2,15,60,6,3,0.133,UPI,Android,Organic Search,None,Standard,2,5,Medium,No
CUST103327,Ekaraj Ganesan,22,Male,Madhya Pradesh,Indore,01-01-2024,17-04-2024,Electronics,4,5551.47,1387.87,2295.45,Yes,2,0.5,19,114,23,14,0.368,UPI,iPhone,Referral,None,Standard,0,3,Medium,Yes
CUST103328,Gaurangi Shah,32,Female,Rajasthan,Jodhpur,16-12-2024,13-05-2025,Grocery,6,13626.77,2271.13,4790.55,Yes,1,0.17,20,80,11,5,0.1,UPI,Windows Laptop,Google Ads,Silver,Express,,4.7,Medium,Yes
CUST103329,Agastya Som,24,Female,Maharashtra,Pune,07-01-2024,12-08-2024,Home & Kitchen,4,2340.22,585.05,951.13,Yes,0,0,23,69,15,6,0.174,Net Banking,Android,Instagram,None,Standard,1,5,Medium,Yes
CUST103330,Gaurika Bail,32,Female,Odisha,Cuttack,13-11-2024,11-08-2026,Fashion,5,10437.22,2087.44,0,No,0,0,18,36,5,2,0.056,Credit Card,iPhone,Organic Search,Gold,Standard,0,5,Medium,No
CUST103331,Aishani Bose,24,Female,Bihar,Muzaffarpur,14-09-2025,05-11-2025,Sports & Fitness,5,6658.09,1331.62,0,No,0,0,28,84,9,4,0.071,Credit Card,Android,YouTube,Gold,Standard,1,4,Medium,No
CUST103332,Aditya Pandey,31,Male,Kerala,Kochi,04-05-2026,15-08-2026,Sports & Fitness,1,2231.82,2231.82,585.13,Yes,0,0,18,72,6,4,0.056,Wallet,Windows Laptop,Organic Search,None,Standard,0,3.8,Low,Yes
CUST103333,Aarav Suresh,37,Male,Karnataka,Mysuru,23-05-2025,15-08-2026,Electronics,4,3188.91,797.23,375.76,Yes,0,0,17,68,11,6,0.235,UPI,Android,Email,Silver,Express,0,4.2,Medium,Yes
CUST103334,Urmi Choudhary,31,Male,Karnataka,Mysuru,04-07-2024,29-09-2025,Beauty & Personal Care,3,2882.15,960.72,0,No,0,0,28,84,6,3,0.071,Credit Card,Android,YouTube,None,Standard,0,3.3,Low,Yes
CUST103335,Anay Mannan,28,Male,Haryana,Faridabad,28-12-2025,15-08-2026,Fashion,6,8501.43,1416.9,1859.94,Yes,0,0,19,95,18,7,0.158,UPI,Windows Laptop,Organic Search,Gold,Standard,0,4,Medium,No
CUST103336,Yahvi Ganesh,33,Female,Kerala,Thiruvananthapuram,06-04-2025,30-11-2025,Home & Kitchen,3,3901.92,1300.64,446.8,Yes,0,0,22,66,8,4,0.091,Credit Card,Windows Laptop,Organic Search,Silver,Express,1,4.8,Low,No
CUST103337,Girindra Chaudhry,37,Male,Assam,Dibrugarh,08-12-2024,08-06-2025,Sports & Fitness,6,9584.3,1597.38,0,No,0,0,22,132,22,15,0.364,UPI,Windows Laptop,Organic Search,None,Express,1,5,Medium,No
CUST103338,Gautami Sethi,22,Female,Kerala,Thiruvananthapuram,26-09-2025,25-01-2026,Fashion,7,11535.07,1647.87,0,No,0,0,20,100,14,6,0.15,UPI,Android,Email,Silver,Standard,0,4.9,Medium,No
CUST103339,Indali Kurian,33,Female,Uttar Pradesh,Varanasi,13-12-2025,15-08-2026,Mobile Accessories,4,4512.15,1128.04,1095.92,Yes,1,0.25,21,105,18,6,0.143,UPI,MacBook,Instagram,None,Standard,1,4.9,Medium,No
CUST103340,Zehaan Patla,42,Female,Bihar,Patna,08-01-2024,15-02-2024,Electronics,5,6487.44,1297.49,0,No,0,0,23,92,8,4,0.087,UPI,iPhone,YouTube,None,Standard,0,5,Medium,Yes
CUST103341,Agastya Pandit,36,Male,Haryana,Gurugram,29-07-2025,15-08-2026,Grocery,3,2907.39,969.13,1104.24,Yes,0,0,21,63,6,4,0.095,Wallet,Android,Instagram,None,Express,1,2.6,Low,No
CUST103342,Gauri Vasa,31,Male,Uttar Pradesh,Lucknow,15-05-2024,01-04-2025,Grocery,6,40328.5,6721.42,12009.22,Yes,0,0,24,72,14,8,0.167,UPI,Android,Google Ads,None,Standard,0,4.2,Medium,Yes
CUST103343,Isaiah Madan,36,Male,Bihar,Patna,17-06-2026,15-08-2026,Fashion,5,8656.97,1731.39,565.74,Yes,1,0.2,25,150,20,10,0.16,Credit Card,Android,Email,Gold,Standard,1,3,Medium,No
CUST103344,Manbir Roy,35,Male,Karnataka,Mysuru,17-01-2025,05-02-2026,Fashion,6,24098.82,4016.47,0,No,0,0,17,68,10,6,0.235,Cash on Delivery,Android,Email,Platinum,Standard,0,3.3,Medium,No
CUST103345,Lucky Parikh,37,Other,Rajasthan,Udaipur,04-07-2024,05-01-2025,Sports & Fitness,3,2332.65,777.55,790.68,Yes,1,0.33,19,114,16,11,0.368,Cash on Delivery,Windows Laptop,Email,None,Standard,1,4,Low,Yes
CUST103346,Azaan Konda,18,Female,Kerala,Kozhikode,30-09-2025,15-08-2026,Grocery,6,7773.28,1295.55,572.21,Yes,0,0,17,85,17,10,0.294,Wallet,Android,Direct,Silver,Standard,0,5,Medium,No
CUST103347,Jagvi Jhaveri,19,Male,Tamil Nadu,Coimbatore,06-01-2025,30-08-2025,Fashion,3,3398.43,1132.81,1170.76,Yes,0,0,25,100,10,5,0.08,Credit Card,Android,Google Ads,Silver,Standard,1,3.9,Low,Yes
CUST103348,Rishi Purohit,39,Female,Karnataka,Mysuru,14-07-2025,15-08-2026,Beauty & Personal Care,7,10336.45,1476.64,0,No,0,0,16,64,12,6,0.188,UPI,Android,Referral,None,Standard,0,3.7,Medium,No
CUST103349,Anusha Sengupta,19,Male,Tamil Nadu,Madurai,14-06-2024,28-11-2024,Electronics,3,4983.02,1661.01,0,No,1,0.33,28,112,9,4,0.071,Debit Card,Windows Laptop,Google Ads,Platinum,Standard,1,4,Low,Yes
CUST103350,Alka Palla,34,Female,Delhi,New Delhi,16-06-2026,15-08-2026,Fashion,5,4179.24,835.85,1638.66,Yes,0,0,22,66,13,8,0.227,Debit Card,Android,Direct,Platinum,Express,0,4.1,Medium,No
CUST103351,Mahika Sahni,28,Male,Karnataka,Mysuru,30-09-2025,22-07-2026,Home & Kitchen,8,13001.76,1625.22,4642.97,Yes,0,0,18,72,14,9,0.389,Debit Card,Android,Instagram,Gold,Standard,1,3,Medium,No
CUST103352,Dayamai Halder,23,Female,Gujarat,Surat,24-03-2026,15-08-2026,Electronics,5,8132.72,1626.54,0,No,2,0.4,20,120,22,14,0.35,UPI,Tablet,Google Ads,None,Standard,2,5,Medium,No
CUST103353,Zinal Oza,34,Male,Assam,Dibrugarh,16-11-2024,08-08-2026,Sports & Fitness,5,6601.71,1320.34,1545.79,Yes,0,0,27,162,19,8,0.148,Net Banking,iPhone,Organic Search,None,Standard,1,4,Medium,Yes
CUST103354,Rachita Sha,33,Male,Rajasthan,Jaipur,19-11-2025,15-08-2026,Grocery,3,8363.63,2787.88,1484.5,Yes,1,0.33,17,102,9,4,0.176,Credit Card,iPhone,Referral,None,Standard,1,3.5,Medium,Yes
CUST103355,Bhavya Choudhary,48,Male,Karnataka,Bengaluru,15-12-2025,15-08-2026,Mobile Accessories,1,2322.45,2322.45,0,No,0,0,16,80,12,7,0.25,Debit Card,Android,Instagram,Gold,Standard,1,4.7,Low,No
CUST103356,Wishi Din,26,Male,Maharashtra,Nashik,05-06-2024,20-05-2025,Grocery,7,24544.66,3506.38,10709.35,Yes,0,0,21,105,18,13,0.429,Credit Card,iPhone,Organic Search,Silver,Standard,3,3.4,Medium,No
CUST103357,Mason Virk,43,Female,Odisha,Bhubaneswar,07-05-2026,15-08-2026,Mobile Accessories,3,4252.74,1417.58,424.25,Yes,0,0,22,110,21,7,0.182,UPI,Android,Google Ads,Gold,Express,2,4.6,Low,No
CUST103358,Nicholas Mitter,34,Male,Telangana,Warangal,31-12-2025,09-03-2026,Beauty & Personal Care,2,4960.64,2480.32,1965.6,Yes,0,0,21,63,9,3,0.095,UPI,MacBook,Instagram,None,Standard,,4.1,Low,No
CUST103359,Bhavya Bhattacharyya,26,Female,Punjab,Chandigarh,11-10-2024,08-01-2025,Beauty & Personal Care,5,5544.97,1108.99,2474.95,Yes,0,0,18,72,11,7,0.222,Debit Card,iPhone,Google Ads,Platinum,Standard,3,3,Medium,Yes
CUST103360,Alexander Setty,37,Female,Bihar,Patna,11-03-2026,15-08-2026,Mobile Accessories,6,9601.07,1600.18,0,No,1,0.17,19,57,12,5,0.211,UPI,MacBook,Referral,Platinum,Standard,0,4.5,Medium,No
CUST103361,Teerth Mandal,36,Female,Madhya Pradesh,Indore,28-01-2024,10-03-2025,Beauty & Personal Care,5,9603.01,1920.6,0,No,0,0,25,125,10,6,0.12,Wallet,Windows Laptop,Referral,Gold,Express,0,3,Medium,Yes
CUST103362,Chatresh Suresh,31,Female,Tamil Nadu,Madurai,16-12-2024,07-07-2026,Electronics,4,4342.48,1085.62,1025.83,Yes,0,0,25,75,9,6,0.16,Credit Card,Android,Organic Search,Silver,Standard,0,4,Medium,No
CUST103363,Abdul Sani,33,Male,Odisha,Bhubaneswar,23-03-2024,10-09-2024,Grocery,7,8193.42,1170.49,0,No,1,0.14,21,84,11,6,0.095,Cash on Delivery,Tablet,Instagram,None,Same Day,1,3.1,Medium,Yes
CUST103364,Aadi Bedi,26,Female,Delhi,Delhi,15-09-2025,19-12-2025,Books,4,2901.1,725.28,850.85,Yes,1,0.25,24,144,24,12,0.333,Credit Card,Android,Instagram,Platinum,Express,0,4.6,Medium,No
CUST103365,Lakshit Palla,24,Female,Jharkhand,Jamshedpur,27-10-2025,06-06-2026,Sports & Fitness,10,29440.64,2944.06,0,No,0,0,22,132,12,8,0.182,UPI,Android,Referral,Silver,Standard,0,3.5,High,No
CUST103366,Yadavi Dubey,37,Female,Bihar,Muzaffarpur,04-01-2025,14-04-2025,Beauty & Personal Care,3,8038.64,2679.55,1419.41,Yes,0,0,30,150,30,19,0.5,UPI,Android,Instagram,Gold,Standard,0,4.1,Medium,Yes
CUST103367,Anika Dhar,29,Female,Tamil Nadu,Coimbatore,24-06-2025,15-08-2026,Grocery,5,3349.54,669.91,993.91,Yes,0,0,17,51,6,3,0.118,UPI,Android,Google Ads,Gold,Express,0,4.7,Medium,No
CUST103368,Rachana Buch,30,Female,Delhi,Delhi,29-01-2025,08-08-2025,Mobile Accessories,3,7221.85,2407.28,0,No,0,0,27,162,17,6,0.111,UPI,Android,Instagram,Gold,Standard,2,3.2,Medium,Yes
CUST103369,Theodore Balay,33,Male,Karnataka,Bengaluru,24-04-2025,15-08-2026,Electronics,2,5306.42,2653.21,1611.05,Yes,1,0.5,23,69,11,6,0.174,Credit Card,iPhone,Instagram,Silver,Standard,0,3.5,Low,Yes
CUST103370,Isha Kothari,33,Female,Odisha,Cuttack,31-07-2024,25-04-2026,Grocery,5,8787.67,1757.53,3591.42,Yes,1,0.2,15,90,8,2,0.067,UPI,Tablet,Organic Search,Platinum,Standard,1,3.2,Medium,Yes
CUST103371,Pahal Rastogi,20,Female,Karnataka,Mangaluru,05-09-2025,05-02-2026,Fashion,13,22452.81,1727.14,5362.32,Yes,0,0,23,69,8,2,0.043,Credit Card,iPhone,Google Ads,None,Standard,1,3.3,High,Yes
CUST103372,Advika Mittal,41,Male,Uttar Pradesh,Noida,25-12-2024,20-04-2025,Beauty & Personal Care,5,10665.41,2133.08,3795.02,Yes,0,0,21,126,25,9,0.238,UPI,Android,Instagram,Gold,Standard,0,4.9,Medium,Yes
CUST103373,Oscar Sarin,32,Female,Delhi,Delhi,01-08-2024,01-12-2025,Beauty & Personal Care,5,3098.33,619.67,942.69,Yes,0,0,23,69,13,5,0.13,Credit Card,MacBook,Organic Search,None,Express,3,4.2,Medium,Yes
CUST103374,Liam Iyengar,29,Male,Bihar,Gaya,30-10-2024,09-05-2026,Electronics,5,25092.44,5018.49,1285.38,Yes,1,0.2,24,48,5,2,0.042,Debit Card,Android,YouTube,None,Standard,1,3.8,Medium,No
CUST103375,Krishna Saha,34,Male,Punjab,Amritsar,03-06-2024,28-12-2024,Fashion,5,2184.02,436.8,0,No,0,0,20,80,11,8,0.25,Credit Card,Android,Organic Search,None,Standard,2,3.3,Medium,Yes
CUST103376,Charvi Mody,33,Female,Madhya Pradesh,Bhopal,14-01-2025,29-05-2026,Beauty & Personal Care,3,2135.81,711.94,0,No,3,1,15,45,6,2,0.067,Credit Card,Android,Google Ads,Silver,Standard,0,3.8,Low,Yes
CUST103377,Chameli Shenoy,37,Female,Madhya Pradesh,Bhopal,18-07-2024,11-06-2025,Electronics,5,11784.43,2356.89,779.91,Yes,0,0,15,45,7,4,0.2,UPI,Windows Laptop,Organic Search,None,Standard,0,3.8,Medium,No
CUST103378,Keya Sarkar,35,Female,Karnataka,Mysuru,10-11-2025,29-07-2026,Fashion,7,15091.71,2155.96,6527.15,Yes,0,0,17,85,10,5,0.118,Debit Card,Windows Laptop,Referral,None,Express,0,3.5,Medium,No
CUST103379,Lakshit Vyas,37,Female,Maharashtra,Mumbai,25-08-2024,31-05-2026,Sports & Fitness,7,20516.71,2930.96,8363.24,Yes,0,0,18,54,8,3,0.111,Wallet,iPhone,YouTube,None,Standard,0,4.4,Medium,No
CUST103380,Dhriti Thakur,42,Male,Odisha,Bhubaneswar,01-11-2025,15-08-2026,Fashion,3,3669.43,1223.14,715.36,Yes,0,0,19,57,10,4,0.105,Wallet,Windows Laptop,Organic Search,Silver,Same Day,1,3.5,Low,No
CUST103381,Upadhriti Pandya,38,Female,Telangana,Hyderabad,05-12-2025,02-03-2026,Home & Kitchen,3,2448.06,816.02,426.34,Yes,1,0.33,24,120,21,7,0.208,UPI,Windows Laptop,Organic Search,Silver,Standard,0,3.1,Low,No
CUST103382,Unnati Salvi,30,Male,Gujarat,Vadodara,15-06-2024,06-09-2024,Mobile Accessories,7,8635.69,1233.67,0,No,0,0,20,40,8,5,0.1,Debit Card,Android,Organic Search,None,Standard,1,3.2,Medium,Yes
CUST103383,Triya Bala,22,Male,West Bengal,Howrah,13-08-2024,26-01-2025,Fashion,3,5476.65,1825.55,1614.06,Yes,1,0.33,22,66,7,2,0.045,Credit Card,Tablet,Direct,Silver,Standard,1,3.8,Low,Yes
CUST103384,Oviya Chakrabarti,44,Male,Delhi,Delhi,28-05-2026,15-08-2026,Home & Kitchen,8,8603.22,1075.4,736.55,Yes,1,0.12,19,95,16,5,0.105,UPI,iPhone,Instagram,None,Express,0,5,Medium,No
CUST103385,Chasmum Kibe,29,Female,West Bengal,Howrah,07-09-2024,30-11-2025,Beauty & Personal Care,5,4364.5,872.9,594.25,Yes,1,0.2,21,84,17,9,0.238,Cash on Delivery,Windows Laptop,Direct,None,Standard,2,,Medium,Yes
CUST103386,Joshua Memon,27,Male,Haryana,Gurugram,06-10-2024,25-12-2025,Grocery,9,11585.95,1287.33,0,No,1,0.11,23,138,12,6,0.174,UPI,iPhone,Direct,None,Standard,0,3.1,Medium,No
CUST103387,Maya Dass,18,Female,Delhi,New Delhi,20-04-2025,04-08-2026,Books,5,5010.66,1002.13,0,No,0,0,16,64,10,6,0.312,Cash on Delivery,MacBook,Instagram,Gold,Standard,1,3.4,Medium,Yes
CUST103388,Abeer Shere,34,Female,Uttar Pradesh,Kanpur,12-05-2025,30-07-2026,Books,3,4174.04,1391.35,0,No,0,0,23,46,10,6,0.13,UPI,iPhone,Organic Search,None,Express,0,2.5,Low,No
CUST103389,Chatura Chad,32,Male,West Bengal,Howrah,02-01-2026,15-08-2026,Grocery,4,3795.74,948.94,1255.53,Yes,1,0.25,26,104,9,4,0.077,UPI,Android,Email,Silver,Same Day,0,4,Medium,No
CUST103390,Anamika Chhabra,19,Female,Odisha,Bhubaneswar,18-06-2025,01-08-2025,Fashion,3,5024.59,1674.86,2000.74,Yes,1,0.33,22,132,17,10,0.273,Cash on Delivery,MacBook,YouTube,Gold,Same Day,0,3.6,Low,No
CUST103391,Gunbir Mannan,35,Male,Tamil Nadu,Coimbatore,01-12-2025,15-08-2026,Electronics,8,7309.09,913.64,709.87,Yes,0,0,17,34,3,1,0.059,UPI,Android,Organic Search,Silver,Standard,0,4.3,Medium,No
CUST103392,Garima Bhat,27,Male,Assam,Guwahati,14-02-2025,29-01-2026,Home & Kitchen,3,2652.19,884.06,598.44,Yes,1,0.33,24,96,15,6,0.167,UPI,iPhone,Instagram,Silver,Express,2,3.5,Low,Yes
CUST103393,Yasti Bera,53,Female,Haryana,Faridabad,22-02-2026,15-08-2026,Electronics,3,6607.04,2202.35,0,No,1,0.33,21,84,16,11,0.238,Debit Card,Android,Referral,Silver,Standard,0,4.7,Low,Yes
CUST103394,Zaitra Dhawan,26,Female,Tamil Nadu,Chennai,04-03-2025,11-09-2025,Grocery,2,1405.1,702.55,278.56,Yes,0,0,25,75,8,3,0.08,Net Banking,Android,Instagram,None,Express,1,4.4,Low,Yes
CUST103395,Laban Kapoor,28,Female,Assam,Dibrugarh,22-06-2025,15-08-2026,Grocery,6,5264.22,877.37,0,No,1,0.17,14,28,3,1,0.071,UPI,Android,YouTube,None,Standard,0,4,Medium,No
CUST103396,Charvi Mukhopadhyay,24,Female,Andhra Pradesh,Visakhapatnam,18-03-2025,15-05-2026,Electronics,2,3298.29,1649.14,1148.62,Yes,0,0,21,84,12,8,0.286,UPI,MacBook,Direct,None,Standard,0,3.5,Low,Yes
CUST103397,Vedhika Iyer,41,Female,Punjab,Ludhiana,28-07-2024,05-04-2025,Sports & Fitness,6,4816.11,802.68,0,No,2,0.33,14,84,10,5,0.214,UPI,Android,Organic Search,Silver,Standard,0,5,Medium,Yes
CUST103398,Ekalinga Acharya,28,Female,Punjab,Amritsar,30-06-2025,18-04-2026,Fashion,6,14322.69,2387.12,0,No,0,0,18,72,14,8,0.333,UPI,Android,Instagram,Gold,Same Day,3,4.1,Medium,No
CUST103399,Jai Venkatesh,25,Male,Delhi,Delhi,10-12-2025,11-03-2026,Home & Kitchen,4,2844.12,711.03,0,No,0,0,19,57,5,2,0.053,Debit Card,Windows Laptop,Organic Search,Silver,Standard,0,3.9,Medium,No
CUST103400,Yug Jayaraman,37,Male,Uttar Pradesh,Lucknow,05-05-2025,15-08-2026,Grocery,2,2838.01,1419,770.25,Yes,0,0,23,138,28,18,0.565,UPI,Windows Laptop,Instagram,None,Express,0,4.3,Low,No
CUST103401,Urvi Bakshi,20,Male,West Bengal,Howrah,15-04-2025,04-10-2025,Home & Kitchen,6,5588.87,931.48,1127.75,Yes,0,0,25,125,24,10,0.24,Debit Card,Windows Laptop,Organic Search,Silver,Standard,0,2.7,Medium,No
CUST103402,Mahika Bhakta,36,Male,Maharashtra,Mumbai,16-11-2025,16-05-2026,Home & Kitchen,5,12528.68,2505.74,0,No,1,0.2,23,69,5,1,0.043,Debit Card,Windows Laptop,Organic Search,None,Standard,2,3.6,Medium,Yes
CUST103403,Charita Ravel,45,Male,Andhra Pradesh,Vijayawada,30-12-2025,17-07-2026,Electronics,4,2629.37,657.34,753.46,Yes,0,0,23,92,10,4,0.13,Cash on Delivery,Windows Laptop,Organic Search,Gold,Standard,0,4.6,Medium,No
CUST103404,Qarin Keer,36,Other,Tamil Nadu,Madurai,21-07-2025,15-08-2026,Home & Kitchen,5,21166.15,4233.23,6833.83,Yes,0,0,23,69,14,8,0.174,Debit Card,iPhone,Referral,Gold,Express,0,4.7,Medium,No
CUST103405,Reva Dasgupta,36,Female,Kerala,Kozhikode,13-06-2026,09-07-2026,Grocery,6,7978.07,1329.68,0,No,0,0,30,90,17,11,0.267,Net Banking,Windows Laptop,Instagram,None,Standard,1,4.5,Medium,No
CUST103406,Madhav Bains,38,Female,Madhya Pradesh,Indore,25-10-2025,26-04-2026,Books,4,5130.92,1282.73,2292.43,Yes,0,0,18,108,16,7,0.222,Debit Card,Android,Google Ads,None,Express,3,2.6,Medium,No
CUST103407,Lucky Khosla,45,Male,Haryana,Gurugram,07-04-2025,21-06-2026,Home & Kitchen,9,3943.94,438.22,278.29,Yes,0,0,19,38,5,2,0.053,UPI,Android,Organic Search,Silver,Standard,0,4,Medium,No
CUST103408,Yasti Iyer,41,Male,Andhra Pradesh,Vijayawada,03-07-2025,15-08-2026,Home & Kitchen,5,17798.88,3559.78,0,No,0,0,25,125,11,4,0.12,Wallet,Android,Email,Platinum,Same Day,1,3.5,Medium,No
CUST103409,Varsha Mann,35,Male,Delhi,New Delhi,21-04-2025,15-08-2026,Grocery,5,7491.18,1498.24,601.5,Yes,0,0,20,100,19,10,0.2,UPI,iPhone,Organic Search,Gold,Express,0,4.4,Medium,No
CUST103410,Harish Tailor,38,Female,West Bengal,Howrah,16-07-2024,22-10-2025,Mobile Accessories,11,8774.24,797.66,,Yes,0,0,24,48,4,1,0.042,UPI,Android,Email,None,Standard,0,4.2,Medium,No
CUST103411,Anvi Raman,24,Male,Gujarat,Vadodara,04-06-2025,02-10-2025,Fashion,3,2516.26,838.75,859.14,Yes,0,0,25,75,12,8,0.16,Cash on Delivery,Android,Referral,None,Express,1,4.7,Low,No
CUST103412,Hredhaan Shetty,37,Female,Maharashtra,Nashik,13-05-2025,28-07-2026,Home & Kitchen,5,2236.16,447.23,0,No,0,0,19,95,9,5,0.158,Credit Card,Tablet,Organic Search,Silver,Standard,0,3.8,Medium,No
CUST103413,Pavani Divan,23,Female,West Bengal,Howrah,25-05-2025,14-09-2025,Sports & Fitness,6,4759.93,793.32,364.73,Yes,1,0.17,28,168,23,13,0.286,UPI,Android,YouTube,Silver,Standard,2,4.2,Medium,Yes
CUST103414,Bhanumati Shankar,28,Female,Telangana,Warangal,20-11-2025,15-08-2026,Beauty & Personal Care,6,8957.46,1492.91,2926.14,Yes,0,0,21,84,10,6,0.143,UPI,MacBook,Organic Search,None,Same Day,0,5,Medium,No
CUST103415,Lopa Apte,18,Male,Madhya Pradesh,Indore,20-11-2024,18-07-2025,Electronics,4,11240.82,2810.2,2959.79,Yes,0,0,25,150,20,8,0.16,UPI,Windows Laptop,Organic Search,Gold,Standard,0,5,Medium,No
CUST103416,Bahadurjit Saxena,34,Female,Uttar Pradesh,Noida,18-11-2025,15-08-2026,Beauty & Personal Care,8,48253.37,6031.67,14748.86,Yes,0,0,27,162,26,16,0.296,Net Banking,Android,Organic Search,Platinum,Standard,0,4.8,High,No
CUST103417,Isha Dewan,26,Female,Tamil Nadu,Madurai,11-04-2025,14-08-2026,Fashion,4,6351.6,1587.9,1620.72,Yes,0,0,22,88,8,3,0.091,Credit Card,Android,Direct,None,Standard,0,2.9,Medium,No
CUST103418,Tara Malhotra,40,Female,Bihar,Patna,11-02-2026,15-08-2026,Home & Kitchen,4,1970.82,492.7,630.94,Yes,1,0.25,25,100,11,5,0.08,Debit Card,Windows Laptop,YouTube,Silver,Standard,0,3.8,Medium,No
CUST103419,Nathan Parmar,34,Male,Delhi,Delhi,18-08-2025,25-06-2026,Home & Kitchen,7,37444.93,5349.28,15458.15,Yes,0,0,20,120,11,7,0.2,UPI,MacBook,Organic Search,None,Express,1,5,Medium,Yes
CUST103420,Ikshita Vohra,40,Male,West Bengal,Howrah,18-05-2024,25-02-2026,Books,8,4583.19,572.9,0,No,1,0.12,33,165,28,20,0.485,UPI,Android,Organic Search,None,Same Day,0,4.1,Medium,Yes
CUST103421,Yochana Bhatnagar,22,Male,Madhya Pradesh,Bhopal,29-08-2024,28-09-2024,Home & Kitchen,8,19143.47,2392.93,7821.38,Yes,1,0.12,24,120,10,6,0.167,Credit Card,Windows Laptop,Organic Search,Gold,Standard,0,3.6,High,Yes
CUST103422,Max Pandey,39,Female,Bihar,Muzaffarpur,11-11-2024,08-12-2025,Fashion,5,6346.28,1269.26,2302.84,Yes,0,0,21,126,21,13,0.429,Credit Card,iPhone,Email,None,Standard,0,4.2,Medium,Yes
CUST103423,Tripti Dey,48,Male,Madhya Pradesh,Indore,28-10-2025,15-08-2026,Fashion,8,24187.09,3023.39,9577.35,Yes,0,0,20,80,17,11,0.4,UPI,MacBook,Referral,None,Standard,1,3.7,High,No
CUST103424,Chavvi Ramesh,37,Other,West Bengal,Kolkata,02-01-2026,15-08-2026,Books,3,2261.04,753.68,709.29,Yes,0,0,23,138,28,16,0.478,UPI,Windows Laptop,Instagram,None,Standard,1,4.2,Low,No
CUST103425,Veda Puri,37,Male,Punjab,Ludhiana,14-05-2024,17-06-2024,Electronics,7,15745.9,2249.41,0,No,1,0.14,21,63,7,2,0.048,Debit Card,Android,Email,None,Express,1,4.2,Medium,Yes
CUST103426,Pranit Tripathi,32,Male,Bihar,Patna,06-07-2024,03-10-2025,Home & Kitchen,6,17755.38,2959.23,0,No,1,0.17,22,66,7,4,0.091,Debit Card,Windows Laptop,Instagram,None,Express,0,3.7,Medium,Yes
CUST103427,Kai Naik,27,Male,Uttar Pradesh,Lucknow,20-11-2025,05-08-2026,Fashion,8,11426.7,1428.34,0,No,0,0,26,78,16,5,0.115,Credit Card,iPhone,Email,Gold,Same Day,0,4.2,Medium,No
CUST103428,Netra Bir,37,Male,Bihar,Gaya,01-08-2025,16-04-2026,Grocery,3,4196.43,1398.81,616.05,Yes,0,0,24,72,10,3,0.042,Net Banking,Android,Organic Search,None,Standard,0,3.8,Low,No
CUST103429,Ayushman Dutt,19,Female,Haryana,Faridabad,09-03-2024,19-04-2025,Home & Kitchen,3,7250.86,2416.95,0,No,1,0.33,16,64,8,5,0.125,Cash on Delivery,iPhone,Direct,Gold,Express,1,3.7,Medium,Yes
CUST103430,Gopal Cherian,28,Female,Uttar Pradesh,Noida,14-03-2025,15-12-2025,Fashion,8,26598.62,3324.83,0,No,1,0.12,22,66,6,3,0.045,UPI,Tablet,Direct,Silver,Express,0,4.3,High,Yes
CUST103431,Vamakshi Naik,18,Female,Uttar Pradesh,Lucknow,17-03-2024,06-11-2024,Fashion,6,6544.15,1090.69,1982.92,Yes,0,0,15,45,4,1,0.067,UPI,Windows Laptop,YouTube,Gold,Standard,1,4.5,Medium,Yes
CUST103432,Warjas Cheema,25,Female,Andhra Pradesh,Visakhapatnam,03-02-2025,25-02-2025,Sports & Fitness,5,4585.37,917.07,1443.17,Yes,1,0.2,12,48,8,3,0.167,Cash on Delivery,Windows Laptop,YouTube,Silver,Standard,2,4.1,Medium,Yes
CUST103433,Leena Salvi,36,Female,Kerala,Thiruvananthapuram,08-01-2025,13-04-2026,Beauty & Personal Care,6,6275.08,1045.85,0,No,0,0,22,44,4,2,0.045,Credit Card,Android,YouTube,Gold,Same Day,0,3.3,Medium,Yes
CUST103434,David Krishna,35,Other,Gujarat,Vadodara,12-01-2024,09-02-2024,Grocery,7,2582.23,368.89,804.34,Yes,0,0,18,90,9,6,0.167,Credit Card,Android,Instagram,None,Standard,1,3.4,Medium,Yes
CUST103435,Baljiwan Bora,31,Male,Odisha,Cuttack,01-05-2025,06-06-2026,Books,3,6847.04,2282.35,0,No,0,0,20,100,12,8,0.15,Credit Card,iPhone,Organic Search,Silver,Standard,1,5,Low,No
CUST103436,Kavya Balan,32,Female,Telangana,Hyderabad,05-03-2026,10-04-2026,Books,3,3389.78,1129.93,0,No,1,0.33,22,66,13,6,0.136,Debit Card,Android,Organic Search,None,Standard,3,3.9,Low,No
CUST103437,Ekani Chokshi,18,Female,Delhi,New Delhi,27-01-2026,15-08-2026,Fashion,3,3242.83,1080.94,1216.49,Yes,0,0,19,57,9,4,0.158,Debit Card,Windows Laptop,Referral,Silver,Express,1,3.6,Low,No
CUST103438,Krishna Deol,28,Female,Uttar Pradesh,Lucknow,18-01-2026,15-08-2026,Mobile Accessories,9,9616.01,1068.45,2251.15,Yes,0,0,18,54,10,4,0.111,UPI,Android,Instagram,None,Standard,2,5,Medium,No
CUST103439,Rohan Krishnan,26,Female,Jharkhand,Ranchi,02-02-2026,15-08-2026,Electronics,5,9212.47,1842.49,692.11,Yes,0,0,20,40,7,4,0.15,UPI,Android,Organic Search,None,Standard,0,5,Medium,No
CUST103440,Raksha Mangal,26,Other,Jharkhand,Jamshedpur,20-02-2025,18-07-2025,Fashion,5,4011.25,802.25,1226.76,Yes,0,0,18,108,23,15,0.556,UPI,Android,Organic Search,Gold,Standard,1,4.9,Medium,No
CUST103441,Saksham Edwin,36,Female,Tamil Nadu,Chennai,25-07-2024,02-02-2025,Books,7,17137.97,2448.28,2297.96,Yes,0,0,26,52,9,4,0.038,UPI,Android,Direct,None,Standard,0,4.1,Medium,No
CUST103442,Rehaan Chadha,24,Male,Uttar Pradesh,Noida,06-12-2024,29-06-2026,Fashion,5,6274.26,1254.85,0,No,0,0,14,56,5,2,0.071,Net Banking,Windows Laptop,Referral,None,Standard,1,3.9,Medium,No
CUST103443,Gopal Jani,26,Male,Karnataka,Mysuru,11-09-2025,15-08-2026,Fashion,6,3969.12,661.52,0,No,0,0,17,85,9,5,0.176,Wallet,Android,Organic Search,Silver,Standard,0,3.9,Medium,No
CUST103444,Logan Ahluwalia,18,Female,Andhra Pradesh,Vijayawada,21-12-2025,15-08-2026,Fashion,5,10313.88,2062.78,0,No,0,0,19,57,10,6,0.211,UPI,Android,Referral,None,Standard,0,3.9,Medium,No
CUST103445,Nikita Bora,29,Female,Andhra Pradesh,Vijayawada,06-11-2024,31-01-2026,Beauty & Personal Care,8,5925.59,740.7,975.17,Yes,0,0,16,80,8,4,0.125,UPI,Android,Organic Search,Silver,Standard,5,4.4,Medium,Yes
CUST103446,Qasim Wable,22,Male,Bihar,Patna,03-11-2024,07-01-2025,Home & Kitchen,6,7856.83,1309.47,2382.36,Yes,0,0,21,42,8,5,0.095,UPI,iPhone,YouTube,None,Standard,0,4.7,Medium,No
CUST103447,Ranveer Johal,32,Male,Madhya Pradesh,Bhopal,19-10-2024,19-01-2026,Grocery,2,4999.78,2499.89,1306.11,Yes,0,0,23,69,14,6,0.174,UPI,Windows Laptop,YouTube,None,Standard,1,2.3,Low,No
CUST103448,Xiti Pandey,23,Male,Kerala,Kochi,16-09-2025,15-08-2026,Books,6,7979.07,1329.84,1255.75,Yes,1,0.17,15,75,10,6,0.267,Debit Card,iPhone,Organic Search,None,Express,0,3.5,Medium,No
CUST103449,Lakshit Bhavsar,32,Female,Uttar Pradesh,Lucknow,10-01-2025,01-11-2025,Grocery,4,4753.98,1188.49,1782.22,Yes,0,0,17,102,13,6,0.118,UPI,Android,Referral,Silver,Standard,0,3.7,Medium,Yes
CUST103450,Prisha Puri,30,Male,West Bengal,Siliguri,10-06-2025,07-08-2025,Fashion,5,5379.66,1075.93,1452.42,Yes,1,0.2,23,92,8,5,0.13,UPI,Android,YouTube,Platinum,Standard,2,2.9,Medium,Yes
CUST103451,Farhan Datta,44,Female,Gujarat,Ahmedabad,05-12-2024,15-08-2026,Mobile Accessories,3,4994,1664.67,0,No,1,0.33,16,48,10,4,0.188,Cash on Delivery,Android,Email,Gold,Standard,1,4.2,Low,No
CUST103452,Harrison Dalal,35,Male,Odisha,Cuttack,23-03-2024,06-04-2025,Fashion,8,6582.51,822.81,,Yes,0,0,18,54,8,5,0.111,Credit Card,MacBook,Direct,None,Express,0,3.3,Medium,No
CUST103453,Vihaan Behl,18,Male,Odisha,Cuttack,30-07-2025,09-05-2026,Electronics,5,7493.13,1498.63,0,No,0,0,15,90,16,11,0.6,UPI,Android,Referral,None,Express,2,4.9,Medium,No
CUST103454,Arin Kapur,21,Female,Telangana,Hyderabad,27-03-2025,15-08-2026,Electronics,4,4988.73,1247.18,0,No,1,0.25,29,87,8,4,0.103,UPI,Android,Google Ads,Gold,Standard,0,4,Medium,No
CUST103455,Zayan Ramakrishnan,31,Male,Jharkhand,Jamshedpur,03-01-2024,05-11-2024,Beauty & Personal Care,3,3345.23,1115.08,419.05,Yes,0,0,22,110,17,11,0.273,Debit Card,Android,Google Ads,Gold,Same Day,1,4.2,Low,Yes
CUST103456,Ekansh Dugar,24,Male,Karnataka,Bengaluru,31-03-2025,25-10-2025,Electronics,4,2952.21,738.05,0,No,0,0,28,84,15,10,0.214,UPI,iPhone,Google Ads,None,Standard,0,4.7,Medium,No
CUST103457,Falan Warrior,18,Male,Rajasthan,Jaipur,22-05-2026,15-08-2026,Electronics,5,7637.48,1527.5,2501.99,Yes,0,0,20,60,9,4,0.15,UPI,Windows Laptop,Direct,None,Standard,3,,Medium,No
CUST103458,Zarna Tella,42,Male,Odisha,Cuttack,23-08-2024,12-03-2026,Fashion,1,855.78,855.78,0,No,0,0,17,102,13,5,0.176,Debit Card,iPhone,Instagram,Silver,Standard,0,4.2,Low,No
CUST103459,Mohini Bhandari,37,Female,Odisha,Cuttack,23-01-2025,25-04-2025,Fashion,6,4622.37,770.4,0,No,0,0,23,69,11,7,0.217,Net Banking,Tablet,Direct,None,Express,1,3.8,Medium,No
CUST103460,Urishilla Lall,35,Male,Bihar,Gaya,27-01-2025,18-08-2025,Beauty & Personal Care,5,5170.72,1034.14,878.67,Yes,0,0,15,45,9,3,0.133,Credit Card,Android,Referral,None,Standard,0,4,Medium,Yes
CUST103461,Bachittar Nigam,26,Female,Tamil Nadu,Chennai,02-10-2025,15-08-2026,Sports & Fitness,5,9774.73,1954.95,0,No,0,0,25,75,13,7,0.12,Credit Card,Android,YouTube,None,Standard,1,3.6,Medium,No
CUST103462,Advika Iyer,34,Male,Maharashtra,Pune,28-01-2026,15-08-2026,Grocery,6,10953.86,1825.64,1534.88,Yes,1,0.17,21,126,18,8,0.143,Cash on Delivery,Windows Laptop,Direct,None,Express,0,4.7,Medium,No
CUST103463,Daniel Dewan,25,Female,Bihar,Muzaffarpur,16-01-2026,24-02-2026,Fashion,7,2650.05,378.58,0,No,1,0.14,18,108,21,12,0.389,UPI,Android,YouTube,Gold,Standard,1,4.5,Medium,Yes
CUST103464,Forum Bhatia,33,Female,Uttar Pradesh,Kanpur,30-01-2024,20-10-2025,Fashion,4,3944.68,986.17,925.8,Yes,1,0.25,14,70,10,7,0.357,UPI,Tablet,Email,Gold,Standard,0,5,Medium,No
CUST103465,Wakeeta Bora,24,Other,Karnataka,Mysuru,05-08-2025,17-06-2026,Mobile Accessories,5,16832.06,3366.41,2634.77,Yes,0,0,19,114,16,5,0.158,Credit Card,Windows Laptop,Instagram,Platinum,Express,0,,Medium,No
CUST103466,Hiral Bobal,43,Female,Odisha,Bhubaneswar,27-05-2024,03-06-2025,Electronics,4,11800.61,2950.15,1299.59,Yes,0,0,21,126,19,12,0.429,UPI,Windows Laptop,YouTube,Gold,Standard,0,4.2,Medium,Yes
CUST103467,Faris Srinivas,18,Male,Gujarat,Vadodara,27-08-2025,13-12-2025,Books,6,3340.06,556.68,0,No,0,0,20,60,7,2,0.05,UPI,Windows Laptop,Google Ads,None,Express,1,4.3,Medium,Yes
CUST103468,Anika Barman,41,Male,Odisha,Cuttack,09-10-2024,27-04-2026,Fashion,8,15150.46,1893.81,3237.28,Yes,0,0,29,145,13,5,0.103,UPI,Windows Laptop,Direct,Silver,Standard,0,3.6,High,No
CUST103469,Balendra Taneja,31,Female,Punjab,Chandigarh,29-12-2025,15-08-2026,Mobile Accessories,5,2982.51,596.5,0,No,0,0,20,60,7,4,0.1,UPI,Windows Laptop,Google Ads,Silver,Standard,0,4.9,Medium,No
CUST103470,Inaya Sankar,27,Male,Karnataka,Bengaluru,25-08-2024,19-02-2025,Fashion,1,959.97,959.97,0,No,0,0,33,165,30,13,0.273,Debit Card,Android,Direct,None,Express,0,4,Low,Yes
CUST103471,Chavvi Kari,32,Male,West Bengal,Howrah,08-01-2026,15-08-2026,Home & Kitchen,6,4069.08,678.18,1117.28,Yes,1,0.17,20,80,11,6,0.15,Credit Card,iPhone,Google Ads,None,Standard,0,2.6,Medium,No
CUST103472,Christopher Bal,37,Male,Madhya Pradesh,Bhopal,31-12-2025,15-08-2026,Grocery,4,9209.3,2302.32,0,No,0,0,22,66,13,9,0.227,UPI,Android,Instagram,None,Express,0,3.1,Medium,Yes
CUST103473,Ladli Badami,42,Male,Uttar Pradesh,Varanasi,14-11-2024,08-02-2025,Beauty & Personal Care,5,5909.68,1181.94,895.41,Yes,1,0.2,15,75,7,4,0.2,UPI,Windows Laptop,Instagram,Gold,Standard,0,4,Medium,Yes
CUST103474,Charles Ram,34,Female,Odisha,Cuttack,02-12-2024,27-01-2025,Fashion,5,7548.12,1509.62,1671.45,Yes,1,0.2,16,64,7,4,0.125,UPI,Android,Google Ads,None,Express,1,3,Medium,Yes
CUST103475,Jeremiah Sani,24,Male,Punjab,Chandigarh,31-01-2024,31-03-2025,Beauty & Personal Care,5,2638.66,527.73,1041.6,Yes,0,0,15,60,10,4,0.133,UPI,Android,YouTube,None,Express,1,,Medium,No
CUST103476,Lakshit D’Alia,31,Male,Madhya Pradesh,Indore,17-09-2025,22-10-2025,Grocery,6,11566.59,1927.76,5043.5,Yes,1,0.17,16,32,6,2,0.062,Credit Card,Android,YouTube,None,Standard,1,4.7,Medium,No
CUST103477,Jacob Pillai,46,Female,Andhra Pradesh,Visakhapatnam,05-09-2025,20-09-2025,Electronics,3,9828.88,3276.29,1974.55,Yes,0,0,19,38,6,3,0.053,Credit Card,Tablet,Organic Search,Silver,Standard,0,,Medium,No
CUST103478,Rishi Oza,42,Male,Uttar Pradesh,Kanpur,27-08-2025,15-08-2026,Electronics,4,5777.81,1444.45,771.87,Yes,0,0,16,32,4,2,0.062,Debit Card,Windows Laptop,Email,None,Standard,0,4.5,Medium,No
CUST103479,Dalbir Khanna,38,Female,Rajasthan,Jodhpur,25-07-2024,23-10-2024,Home & Kitchen,4,14059.98,3515,5846.25,Yes,0,0,27,108,21,9,0.148,UPI,iPhone,Referral,None,Standard,1,4.6,Medium,Yes
CUST103480,George Anne,37,Male,Gujarat,Vadodara,16-08-2024,25-04-2026,Electronics,8,18263.86,2282.98,1968.38,Yes,2,0.25,20,100,17,8,0.15,Cash on Delivery,Android,Referral,Silver,Standard,0,4.6,High,Yes
CUST103481,Nitara Yadav,37,Female,Maharashtra,Mumbai,05-08-2025,15-08-2026,Grocery,7,29790.53,4255.79,5033.23,Yes,0,0,18,90,17,10,0.333,Credit Card,Android,Direct,Gold,Standard,0,4.6,Medium,No
CUST103482,Alexander Krish,40,Male,Uttar Pradesh,Kanpur,07-12-2024,19-03-2025,Fashion,7,8801.6,1257.37,0,No,0,0,31,186,38,21,0.484,UPI,Windows Laptop,Email,None,Standard,0,4.4,Medium,No
CUST103483,Faraj Bhandari,27,Male,Tamil Nadu,Coimbatore,04-04-2025,15-08-2026,Home & Kitchen,5,7627.63,1525.53,2107.76,Yes,1,0.2,21,63,9,4,0.095,Credit Card,iPhone,YouTube,None,Standard,3,,Medium,No
CUST103484,Reva Gole,20,Male,Assam,Guwahati,15-05-2024,15-06-2024,Fashion,9,9004.42,1000.49,0,No,0,0,22,88,14,5,0.182,Cash on Delivery,Android,Google Ads,Silver,Standard,0,5,Medium,No
CUST103485,Caleb Murthy,32,Female,Uttar Pradesh,Noida,10-10-2024,18-09-2025,Beauty & Personal Care,2,1059.1,529.55,174.61,Yes,1,0.5,23,138,23,12,0.304,Credit Card,iPhone,YouTube,None,Express,1,3.9,Low,Yes
CUST103486,Yash Master,24,Female,Uttar Pradesh,Kanpur,29-04-2026,15-08-2026,Electronics,1,888.17,888.17,0,No,0,0,24,96,20,14,0.292,Debit Card,Android,Organic Search,None,Standard,0,5,Low,No
CUST103487,Mitali Srinivas,23,Female,Telangana,Warangal,16-12-2024,17-01-2026,Electronics,5,7807.37,1561.47,2464.37,Yes,0,0,20,40,7,3,0.1,Credit Card,Android,YouTube,None,Standard,1,3.8,Medium,No
CUST103488,Faraj Bose,25,Male,West Bengal,Durgapur,17-01-2024,18-08-2025,Electronics,6,3846.99,641.16,0,No,1,0.17,15,60,5,3,0.067,Credit Card,Android,Instagram,Gold,Express,3,3.8,Medium,Yes
CUST103489,Samesh Talwar,51,Male,West Bengal,Siliguri,02-08-2024,09-01-2025,Mobile Accessories,4,6243.84,1560.96,1091.39,Yes,0,0,23,46,6,3,0.087,Cash on Delivery,MacBook,Referral,None,Standard,0,4.3,Medium,Yes
CUST103490,Thomas Sawhney,32,Male,Gujarat,Vadodara,29-01-2025,11-05-2026,Electronics,7,2464.07,352.01,956.34,Yes,0,0,21,42,8,5,0.143,Credit Card,Tablet,Google Ads,Silver,Standard,0,3.8,Medium,Yes
CUST103491,Jeevika Master,34,Male,Maharashtra,Nashik,02-02-2025,16-03-2026,Grocery,6,6832.96,1138.83,0,No,0,0,16,80,6,3,0.062,Credit Card,Android,YouTube,Gold,Express,0,2.6,Medium,No
CUST103492,Amara Nagar,21,Male,Uttar Pradesh,Noida,17-02-2025,07-01-2026,Electronics,5,8783.03,1756.61,470.9,Yes,0,0,20,40,6,4,0.05,Credit Card,Windows Laptop,Email,Gold,Express,0,3.5,Medium,No
CUST103493,Chatura Pal,18,Other,Haryana,Gurugram,31-08-2024,19-01-2026,Electronics,4,3271.25,817.81,361.01,Yes,0,0,17,102,21,12,0.353,UPI,MacBook,Organic Search,None,Standard,0,3.7,Medium,Yes
CUST103494,Vedika Mammen,24,Female,Haryana,Faridabad,04-04-2024,22-06-2025,Home & Kitchen,4,4160.07,1040.02,0,No,0,0,17,51,6,4,0.176,Wallet,Android,Referral,Gold,Standard,1,3.8,Medium,Yes
CUST103495,Samar Devan,43,Female,Bihar,Gaya,24-09-2025,09-10-2025,Home & Kitchen,5,7063.02,1412.6,2641.6,Yes,0,0,15,75,13,4,0.2,UPI,Android,Direct,Gold,Standard,1,2.9,Medium,No
CUST103496,Dalaja Kade,34,Female,Karnataka,Bengaluru,06-01-2024,01-03-2024,Mobile Accessories,7,8378.49,1196.93,611.34,Yes,4,0.57,18,90,11,5,0.111,UPI,Android,Direct,Gold,Same Day,2,3.6,Medium,Yes
CUST103497,Kashish Dhar,36,Female,Haryana,Gurugram,18-02-2026,15-08-2026,Mobile Accessories,8,11651.46,1456.43,4460.25,Yes,0,0,25,125,21,13,0.32,Debit Card,iPhone,Organic Search,Gold,Standard,0,3.7,Medium,No
CUST103498,Wahab Sarraf,37,Male,Haryana,Faridabad,27-03-2024,08-11-2024,Grocery,5,2529.73,505.95,851.08,Yes,1,0.2,22,66,13,7,0.136,Cash on Delivery,Android,Instagram,None,Standard,0,3.6,Medium,Yes
CUST103499,Ishaan Bail,26,Female,Karnataka,Mangaluru,07-07-2024,19-06-2025,Beauty & Personal Care,8,6109.82,763.73,0,No,0,0,18,72,9,6,0.167,UPI,Android,Organic Search,None,Standard,0,3.8,Medium,Yes
CUST103500,Bahadurjit Madan,42,Female,Kerala,Kozhikode,06-09-2025,15-08-2026,Home & Kitchen,8,5668.44,708.56,0,No,1,0.12,20,100,21,8,0.25,Debit Card,Android,Organic Search,None,Standard,0,4.7,Medium,No
CUST103501,Leena Mital,26,Male,Tamil Nadu,Madurai,07-09-2025,22-07-2026,Fashion,3,3819.9,1273.3,306.55,Yes,0,0,21,42,5,2,0.048,Net Banking,Tablet,Email,None,Express,2,4.7,Low,No
CUST103502,Darpan Mallick,42,Male,Madhya Pradesh,Bhopal,23-02-2025,15-08-2026,Mobile Accessories,3,9600.59,3200.2,0,No,1,0.33,17,68,9,6,0.118,Cash on Delivery,Windows Laptop,Email,None,Express,1,4.3,Medium,No
CUST103503,Warhi Bahl,35,Female,Andhra Pradesh,Vijayawada,13-03-2026,15-08-2026,Beauty & Personal Care,3,5391.33,1797.11,1479.44,Yes,0,0,24,120,22,14,0.458,UPI,Tablet,Referral,Gold,Express,1,4.8,Low,No
CUST103504,Leena Sawhney,18,Female,West Bengal,Siliguri,07-03-2024,27-11-2025,Beauty & Personal Care,3,1683.21,561.07,0,No,0,0,20,100,13,8,0.2,UPI,Tablet,Organic Search,None,Express,0,4.1,Low,No
CUST103505,Udarsh Jha,25,Male,Assam,Dibrugarh,09-09-2025,15-08-2026,Fashion,5,7462.07,1492.41,636.7,Yes,0,0,25,150,18,9,0.24,Credit Card,Windows Laptop,Organic Search,Gold,Express,2,4.9,Medium,Yes
CUST103506,Qarin Sankar,18,Female,Bihar,Gaya,04-09-2024,13-10-2024,Electronics,5,4121.84,824.37,854.01,Yes,1,0.2,13,78,8,3,0.077,UPI,iPhone,YouTube,None,Standard,0,4.4,Medium,Yes
CUST103507,Dalaja Balay,40,Male,Andhra Pradesh,Vijayawada,09-05-2026,17-06-2026,Mobile Accessories,10,10158.02,1015.8,3279.71,Yes,0,0,18,108,9,4,0.111,UPI,Windows Laptop,Direct,Silver,Standard,1,3.6,Medium,No
CUST103508,Atharv Nayar,31,Male,Gujarat,Ahmedabad,25-07-2024,27-03-2026,Fashion,8,6684.55,835.57,583.99,Yes,0,0,18,90,17,7,0.222,UPI,Tablet,Organic Search,None,Standard,2,3.7,Medium,No
CUST103509,Tarak Bala,18,Male,Punjab,Amritsar,23-07-2024,20-11-2024,Home & Kitchen,1,991.1,991.1,389.14,Yes,1,1,22,110,16,9,0.273,Wallet,iPhone,YouTube,Platinum,Express,2,4.5,Low,Yes
CUST103510,Radha Sane,34,Male,West Bengal,Howrah,14-11-2024,27-03-2025,Electronics,7,2910.61,415.8,0,No,0,0,29,174,29,19,0.448,UPI,Android,Instagram,Silver,Standard,0,,Medium,No
CUST103511,Ikbal Rama,27,Female,Tamil Nadu,Madurai,23-03-2024,23-07-2024,Sports & Fitness,4,4223.19,1055.8,1238.57,Yes,0,0,19,38,5,1,0.053,UPI,Android,Google Ads,Silver,Standard,1,3.4,Medium,No
CUST103512,Ubika Samra,19,Female,West Bengal,Kolkata,27-02-2025,06-02-2026,Electronics,8,14924.17,1865.52,1875.36,Yes,0,0,22,132,17,10,0.364,UPI,Windows Laptop,Instagram,Gold,Standard,2,5,Medium,Yes
CUST103513,Nicholas Raj,44,Female,Andhra Pradesh,Visakhapatnam,22-03-2024,02-10-2024,Sports & Fitness,4,3786.13,946.53,0,No,0,0,28,140,19,11,0.214,Debit Card,Android,Instagram,None,Standard,2,4.7,Medium,Yes
CUST103514,Wazir Deo,32,Male,Punjab,Amritsar,09-03-2026,01-08-2026,Electronics,5,5842.81,1168.56,1121.75,Yes,0,0,15,75,6,2,0.067,Credit Card,iPhone,Organic Search,None,Standard,1,3.8,Medium,No
CUST103515,Avni Mahal,29,Female,Punjab,Ludhiana,02-07-2025,15-08-2026,Books,5,3013.6,602.72,0,No,0,0,16,48,8,5,0.188,UPI,Tablet,Organic Search,Platinum,Standard,0,3.4,Medium,No
CUST103516,Zaid Merchant,28,Male,Jharkhand,Jamshedpur,25-12-2025,25-06-2026,Grocery,4,4429.11,1107.28,435.92,Yes,0,0,27,54,8,4,0.074,UPI,Android,Referral,Gold,Standard,0,3,Medium,No
CUST103517,Megha Barad,19,Male,Maharashtra,Pune,01-05-2025,24-12-2025,Electronics,5,6026.09,1205.22,0,No,0,0,22,88,7,4,0.091,UPI,Android,Organic Search,None,Express,1,5,Medium,No
CUST103518,Janaki Luthra,21,Female,Telangana,Warangal,12-05-2024,07-09-2025,Beauty & Personal Care,5,5046.11,1009.22,1072.01,Yes,1,0.2,28,56,9,3,0.036,Cash on Delivery,Tablet,Email,Silver,Express,1,4.7,Medium,No
CUST103519,Advik Dash,41,Male,West Bengal,Kolkata,24-04-2024,10-02-2025,Fashion,2,3821.94,1910.97,0,No,0,0,27,162,17,11,0.222,Cash on Delivery,iPhone,Email,Silver,Express,1,4.1,Low,Yes
CUST103520,Ekani Lalla,27,Male,Karnataka,Mangaluru,11-01-2025,03-08-2025,Electronics,9,21617.88,2401.99,0,No,0,0,21,126,12,4,0.095,UPI,Android,Organic Search,Gold,Standard,2,4.3,High,No
CUST103521,Sachi Shere,31,Male,Delhi,Delhi,29-07-2024,25-01-2026,Sports & Fitness,5,4112.05,822.41,779.69,Yes,2,0.4,18,36,7,2,0.056,UPI,Android,Direct,None,Standard,0,2.5,Medium,No
CUST103522,Ria Andra,18,Male,Rajasthan,Jodhpur,11-05-2024,02-11-2025,Home & Kitchen,11,12432.39,1130.22,0,No,0,0,31,93,8,3,0.065,UPI,MacBook,Direct,Gold,Same Day,1,2.5,Medium,No
CUST103523,Balhaar Parmer,20,Female,Delhi,Delhi,08-01-2025,15-08-2026,Home & Kitchen,1,627.04,627.04,166.39,Yes,0,0,22,66,12,7,0.136,UPI,Android,Organic Search,None,Express,0,4.4,Low,No
CUST103524,Tejas Rege,36,Other,Maharashtra,Mumbai,02-06-2024,23-12-2024,Electronics,6,5902.99,983.83,2284.41,Yes,0,0,23,92,16,11,0.304,Wallet,Windows Laptop,Organic Search,Silver,Express,0,4.3,Medium,Yes
CUST103525,Fariq Malhotra,34,Female,Karnataka,Bengaluru,26-02-2025,16-10-2025,Home & Kitchen,7,9623.43,1374.78,1824.08,Yes,1,0.14,31,186,28,18,0.323,Credit Card,Android,Direct,None,Express,1,4.2,Medium,No
CUST103526,Devansh Sastry,45,Female,Maharashtra,Pune,16-03-2026,15-08-2026,Books,4,7695.67,1923.92,645.74,Yes,1,0.25,17,85,7,3,0.059,UPI,iPhone,Organic Search,None,Standard,0,5,Medium,No
CUST103527,Aarna Majumdar,42,Female,Andhra Pradesh,Visakhapatnam,31-12-2024,21-11-2025,Fashion,8,10509.94,1313.74,,No,0,0,23,92,11,6,0.13,Wallet,Windows Laptop,Google Ads,Silver,Express,1,4.6,Medium,No
CUST103528,Warda Datta,29,Female,Kerala,Thiruvananthapuram,24-11-2025,01-08-2026,Mobile Accessories,3,4943.75,1647.92,0,No,1,0.33,29,58,5,2,0.034,Credit Card,Android,Instagram,None,Standard,1,3.8,Low,No
CUST103529,Owen Din,35,Male,Andhra Pradesh,Visakhapatnam,26-05-2024,24-11-2024,Mobile Accessories,8,4864.05,608.01,2052.47,Yes,0,0,23,69,15,6,0.174,Debit Card,Android,Organic Search,Platinum,Standard,1,3.8,Medium,No
CUST103530,Viraj Contractor,28,Female,Gujarat,Vadodara,03-01-2026,29-07-2026,Electronics,6,8893.77,1482.3,698.06,Yes,2,0.33,14,56,5,2,0.071,Wallet,Android,Instagram,Silver,Same Day,1,4.5,Medium,No
CUST103531,Qarin Toor,47,Male,Tamil Nadu,Chennai,04-03-2026,15-08-2026,Electronics,4,3276.83,819.21,1067.09,Yes,0,0,21,105,8,4,0.095,Net Banking,iPhone,Direct,Gold,Express,1,4.5,Medium,Yes
CUST103532,Edhitha Barman,40,Female,Madhya Pradesh,Indore,06-05-2024,29-10-2024,Sports & Fitness,1,3057.23,3057.23,841.66,Yes,0,0,26,78,8,4,0.077,Wallet,Android,Direct,None,Express,0,5,Low,Yes
CUST103533,Darsh Lad,32,Male,Tamil Nadu,Chennai,03-11-2024,22-10-2025,Home & Kitchen,6,24038.91,4006.48,7473.7,Yes,0,0,27,135,25,9,0.259,Cash on Delivery,Android,Organic Search,None,Standard,2,3.6,Medium,No
CUST103534,Amol Pandit,33,Female,Tamil Nadu,Chennai,15-12-2025,15-08-2026,Electronics,5,13723,2744.6,1869.3,Yes,1,0.2,23,115,22,8,0.217,Debit Card,iPhone,Direct,None,Standard,5,3.4,Medium,No
CUST103535,Wahab Palla,43,Female,Delhi,Delhi,27-04-2024,23-09-2024,Fashion,5,4590.4,918.08,358.98,Yes,2,0.4,26,78,13,7,0.115,UPI,Android,Referral,Gold,Standard,0,4.2,Medium,Yes
CUST103536,Faras Tripathi,36,Other,Maharashtra,Nashik,26-07-2025,18-02-2026,Beauty & Personal Care,4,7277.17,1819.29,0,No,0,0,24,120,16,7,0.125,UPI,Android,Direct,None,Standard,0,4.1,Medium,Yes
CUST103537,Isaiah Vaidya,43,Female,Delhi,Delhi,18-08-2024,08-10-2025,Sports & Fitness,6,2223.24,370.54,0,No,0,0,25,100,19,9,0.2,UPI,Android,Organic Search,None,Standard,0,4.9,Medium,No
CUST103538,Warjas Jani,18,Male,Telangana,Warangal,26-03-2025,06-05-2026,Electronics,5,13840.09,2768.02,1874.72,Yes,0,0,19,57,9,4,0.105,Net Banking,Windows Laptop,Organic Search,Gold,Standard,1,4.2,Medium,Yes
CUST103539,Kamya Sagar,35,Female,Odisha,Bhubaneswar,14-05-2025,15-08-2026,Electronics,7,10558.47,1508.35,0,No,0,0,21,63,13,8,0.238,UPI,Android,Instagram,Gold,Express,0,4.4,Medium,No
CUST103540,Pooja Mandal,27,Male,West Bengal,Howrah,23-10-2025,18-12-2025,Books,8,3895.57,486.95,607.21,Yes,0,0,26,78,11,4,0.077,UPI,Windows Laptop,Direct,Silver,Same Day,,2.9,Medium,No
CUST103541,Aryan Narain,45,Male,Karnataka,Bengaluru,24-05-2024,08-09-2024,Grocery,5,8571.98,1714.4,2259.48,Yes,0,0,16,96,10,7,0.25,Credit Card,Android,Instagram,None,Express,1,5,Medium,No
CUST103542,Gautami Reddy,43,Male,Madhya Pradesh,Indore,14-09-2025,01-05-2026,Beauty & Personal Care,5,5792.44,1158.49,2489.62,Yes,0,0,18,108,9,4,0.111,UPI,MacBook,YouTube,Gold,Standard,1,4.1,Medium,No
CUST103543,Upma Menon,31,Male,Maharashtra,Mumbai,09-11-2025,15-08-2026,Grocery,4,3947.15,986.79,1653.49,Yes,0,0,23,69,11,5,0.174,Credit Card,Android,Instagram,Silver,Standard,1,2.9,Medium,No
CUST103544,Naveen Pillay,43,Female,Tamil Nadu,Coimbatore,01-12-2025,15-08-2026,Home & Kitchen,8,15940.26,1992.53,2529.49,Yes,0,0,22,88,18,6,0.182,Debit Card,Android,Direct,Platinum,Standard,0,4.4,High,No
CUST103545,Bina Doctor,45,Female,Haryana,Gurugram,18-02-2024,01-02-2025,Grocery,3,7544.77,2514.92,577.05,Yes,0,0,19,95,18,8,0.211,UPI,Android,Direct,None,Standard,1,3.6,Medium,Yes
CUST103546,Hitesh Kakar,32,Female,Maharashtra,Pune,16-04-2024,03-06-2025,Fashion,3,5189.58,1729.86,2326.25,Yes,0,0,16,64,11,6,0.25,Credit Card,Android,Direct,None,Express,1,3.4,Low,Yes
CUST103547,Yasti Trivedi,51,Male,Maharashtra,Pune,02-04-2024,27-09-2024,Fashion,3,1116.3,372.1,268.54,Yes,0,0,28,168,25,16,0.464,Credit Card,Android,YouTube,None,Standard,0,4.3,Low,Yes
CUST103548,Tanveer Radhakrishnan,31,Male,Rajasthan,Jodhpur,27-09-2025,25-01-2026,Grocery,4,6375.38,1593.84,0,No,0,0,15,75,7,4,0.2,UPI,Windows Laptop,YouTube,None,Standard,0,3.4,Medium,No
CUST103549,Mason Raj,29,Male,Tamil Nadu,Coimbatore,08-04-2026,15-08-2026,Home & Kitchen,7,4574.3,653.47,1212.45,Yes,0,0,16,96,11,6,0.125,UPI,Tablet,Organic Search,Gold,Standard,1,4.5,Medium,No
CUST103550,Faras Kapur,38,Male,Uttar Pradesh,Kanpur,19-05-2024,12-12-2025,Mobile Accessories,4,7498.52,1874.63,0,No,0,0,21,105,12,6,0.143,UPI,Android,Google Ads,None,Standard,1,3.8,Medium,No
CUST103551,Jairaj Wable,28,Male,Madhya Pradesh,Indore,09-11-2024,10-05-2026,Fashion,7,11223.32,1603.33,0,No,0,0,15,45,7,3,0.067,Cash on Delivery,Android,Google Ads,Gold,Standard,1,4,Medium,No
CUST103552,Urmi Vohra,32,Male,Maharashtra,Pune,11-01-2024,20-07-2024,Books,2,2263.37,1131.68,676.32,Yes,0,0,17,51,10,7,0.294,Cash on Delivery,Windows Laptop,Instagram,Silver,Standard,0,4.4,Low,Yes
CUST103553,Edhitha Luthra,42,Female,Uttar Pradesh,Kanpur,23-03-2025,25-01-2026,Mobile Accessories,10,13987.61,1398.76,0,No,0,0,20,60,5,3,0.05,Credit Card,Android,Organic Search,Gold,Same Day,,3.2,Medium,No
CUST103554,Chaaya Kohli,31,Female,Rajasthan,Jodhpur,29-01-2025,04-11-2025,Fashion,5,2670.74,534.15,368.43,Yes,0,0,23,115,9,6,0.13,UPI,Android,Instagram,Silver,Standard,0,4.1,Medium,Yes
CUST103555,Xavier Pathak,18,Female,Maharashtra,Mumbai,19-05-2025,15-08-2026,Sports & Fitness,7,22405.92,3200.85,0,No,0,0,21,42,6,2,0.048,UPI,Android,Google Ads,None,Standard,2,5,Medium,No
CUST103556,Tamanna Murty,34,Male,Bihar,Muzaffarpur,12-01-2025,23-10-2025,Home & Kitchen,4,5879.31,1469.83,422.85,Yes,0,0,14,42,8,5,0.214,Wallet,Windows Laptop,Direct,Gold,Express,0,4.4,Medium,No
CUST103557,Wridesh Saxena,25,Female,Tamil Nadu,Madurai,26-12-2024,09-08-2025,Books,3,4381.36,1460.45,854.21,Yes,0,0,18,72,15,9,0.333,UPI,Android,Organic Search,None,Standard,1,4.6,Low,Yes
CUST103558,Janaki Buch,38,Female,Rajasthan,Jaipur,13-11-2025,09-05-2026,Home & Kitchen,4,5783.28,1445.82,2301.52,Yes,0,0,18,54,7,3,0.111,UPI,Android,Organic Search,Gold,Standard,0,4.5,Medium,No
CUST103559,Yashasvi Bose,37,Male,Maharashtra,Nagpur,01-07-2025,15-08-2026,Grocery,4,1675.38,418.84,0,No,1,0.25,14,84,9,5,0.143,UPI,Tablet,Instagram,Silver,Standard,1,3,Medium,No
CUST103560,Veda Karpe,43,Male,Gujarat,Ahmedabad,03-10-2025,09-12-2025,Home & Kitchen,5,11634.54,2326.91,943.07,Yes,0,0,16,48,8,4,0.188,Debit Card,Android,Direct,None,Standard,0,4.4,Medium,No
CUST103561,Omya Karpe,38,Male,Tamil Nadu,Madurai,04-05-2026,15-08-2026,Fashion,7,7713.25,1101.89,0,No,0,0,29,87,9,4,0.034,Debit Card,Windows Laptop,Organic Search,None,Express,2,4.1,Medium,No
CUST103562,Yash Reddy,40,Male,Punjab,Chandigarh,26-07-2025,15-08-2026,Fashion,4,6413.05,1603.26,601.9,Yes,0,0,17,34,6,3,0.118,Wallet,MacBook,Direct,Silver,Standard,1,3.8,Medium,No
CUST103563,Abha Mangat,26,Male,West Bengal,Kolkata,25-04-2026,15-08-2026,Home & Kitchen,5,4543.96,908.79,731.82,Yes,0,0,23,46,9,6,0.13,Cash on Delivery,Windows Laptop,Organic Search,None,Same Day,1,5,Medium,No
CUST103564,Dipta Dalal,37,Male,Gujarat,Ahmedabad,14-07-2025,10-09-2025,Grocery,5,3860.64,772.13,448.32,Yes,0,0,20,120,14,7,0.25,UPI,iPhone,Organic Search,None,Express,1,2.2,Medium,No
CUST103565,Nilima Sama,47,Male,Gujarat,Vadodara,30-01-2025,15-08-2026,Beauty & Personal Care,7,5914.62,844.95,0,No,0,0,19,76,8,3,0.105,Cash on Delivery,Tablet,Organic Search,Silver,Standard,1,5,Medium,No
CUST103566,Warda Hora,25,Male,Kerala,Kozhikode,04-07-2024,16-12-2025,Grocery,6,7325.09,1220.85,0,No,0,0,25,100,9,3,0.04,Wallet,Tablet,Organic Search,None,Express,0,4.7,Medium,No
CUST103567,Sudiksha Aurora,45,Female,Uttar Pradesh,Lucknow,08-08-2024,17-05-2026,Fashion,4,6003.98,1501,0,No,0,0,23,115,19,7,0.217,Credit Card,Windows Laptop,Referral,Gold,Standard,0,4.7,Medium,No
CUST103568,Jai Sahota,27,Male,Odisha,Cuttack,01-06-2025,15-08-2026,Home & Kitchen,6,6129.48,1021.58,1397.5,Yes,0,0,19,38,8,4,0.105,UPI,Windows Laptop,Instagram,Silver,Standard,0,3.1,Medium,No
CUST103569,Upma Chaudhuri,24,Female,Madhya Pradesh,Indore,26-10-2024,09-02-2025,Electronics,2,2377.81,1188.9,400.27,Yes,0,0,19,114,16,7,0.263,UPI,MacBook,Email,Gold,Express,0,3.9,Low,Yes
CUST103570,Bahadurjit Sankar,33,Male,Haryana,Gurugram,23-06-2024,18-09-2025,Sports & Fitness,5,5455.87,1091.17,0,No,1,0.2,17,51,5,2,0.059,Cash on Delivery,Android,Google Ads,Gold,Standard,0,2.5,Medium,Yes
CUST103571,Ojas Bora,37,Male,Tamil Nadu,Madurai,01-03-2026,15-08-2026,Mobile Accessories,5,3390.06,678.01,950.55,Yes,0,0,19,76,14,10,0.263,Wallet,iPhone,Instagram,None,Standard,1,3.6,Medium,No
CUST103572,Yutika Wagle,38,Female,Uttar Pradesh,Kanpur,05-01-2025,09-11-2025,Home & Kitchen,7,10204.47,1457.78,4178.48,Yes,1,0.14,21,105,18,13,0.381,Wallet,MacBook,Instagram,None,Same Day,1,3.8,Medium,No
CUST103573,Pahal Pandya,23,Female,Punjab,Ludhiana,15-05-2026,15-08-2026,Electronics,10,12376.1,1237.61,0,No,0,0,14,70,6,2,0.071,Credit Card,MacBook,Instagram,None,Standard,0,4.3,Medium,No
CUST103574,Neelima Khurana,34,Male,Andhra Pradesh,Visakhapatnam,23-05-2025,19-09-2025,Electronics,8,7676.64,959.58,1652.08,Yes,0,0,24,72,8,3,0.042,Debit Card,Tablet,Google Ads,None,Express,0,3.8,Medium,No
CUST103575,Jagat Nayar,26,Female,Haryana,Faridabad,25-05-2026,15-08-2026,Grocery,6,14827.76,2471.29,0,No,0,0,18,90,11,4,0.167,Debit Card,Windows Laptop,Google Ads,Silver,Express,0,3.9,Medium,No
CUST103576,Hritik Bath,19,Female,Telangana,Warangal,22-07-2024,28-09-2025,Beauty & Personal Care,9,10576.92,1175.21,2720.28,Yes,0,0,22,44,4,1,0.045,Credit Card,Android,Email,Silver,Standard,0,4.1,Medium,Yes
CUST103577,Isha Sen,24,Male,Karnataka,Bengaluru,30-08-2025,06-01-2026,Grocery,6,9503.57,1583.93,2277.49,Yes,1,0.17,28,168,34,18,0.464,Wallet,Windows Laptop,Google Ads,None,Standard,1,3.4,Medium,No
CUST103578,Shivani Sarin,25,Male,Rajasthan,Udaipur,08-10-2024,14-06-2025,Fashion,5,4704.43,940.89,351.49,Yes,0,0,25,50,5,2,0.04,Cash on Delivery,Tablet,Organic Search,Gold,Standard,1,3.8,Medium,Yes
CUST103579,Vansha Desai,35,Female,Kerala,Kochi,08-10-2025,23-07-2026,Grocery,2,1677.63,838.82,0,No,1,0.5,23,138,26,10,0.304,UPI,iPhone,Organic Search,None,Standard,0,3.5,Low,No
CUST103580,Yashodhara Chacko,40,Male,Rajasthan,Jodhpur,19-02-2025,21-10-2025,Grocery,5,5753.13,1150.63,1633.27,Yes,0,0,18,54,9,4,0.111,UPI,Android,Referral,None,Same Day,1,3.7,Medium,Yes
CUST103581,Abhimanyu Pingle,19,Male,Rajasthan,Jaipur,02-02-2024,21-03-2024,Fashion,5,3484.77,696.95,0,No,0,0,24,48,3,1,0.042,Credit Card,Android,Direct,Gold,Standard,1,3.9,Medium,Yes
CUST103582,Ladli Nagi,34,Male,Punjab,Chandigarh,22-03-2024,28-04-2025,Beauty & Personal Care,2,817.43,408.72,176.23,Yes,0,0,20,60,7,4,0.1,Credit Card,Android,Referral,None,Express,2,4.3,Low,Yes
CUST103583,Patrick Trivedi,22,Female,Telangana,Warangal,27-04-2025,15-08-2026,Electronics,5,15128.52,3025.7,0,No,0,0,18,72,10,4,0.167,UPI,Windows Laptop,Organic Search,Gold,Express,2,3.9,Medium,No
CUST103584,Gunbir Kata,36,Female,Haryana,Faridabad,27-05-2024,15-09-2025,Home & Kitchen,5,4558.91,911.78,0,No,0,0,15,75,8,4,0.133,Credit Card,Android,Instagram,None,Standard,1,3.8,Medium,No
CUST103585,Wakeeta Om,26,Female,Gujarat,Vadodara,29-08-2025,15-08-2026,Books,2,2390.93,1195.46,0,No,0,0,19,114,22,11,0.368,Wallet,Windows Laptop,YouTube,Silver,Standard,1,3.3,Low,No
CUST103586,Zarna Vohra,23,Female,Tamil Nadu,Madurai,09-05-2025,23-12-2025,Home & Kitchen,7,11174.88,1596.41,0,No,1,0.14,20,100,9,4,0.1,Credit Card,Windows Laptop,YouTube,Gold,Express,0,3.1,Medium,No
CUST103587,Bhavika Naidu,37,Other,Gujarat,Vadodara,18-06-2024,17-08-2024,Sports & Fitness,5,5583.95,1116.79,0,No,0,0,22,66,6,3,0.045,Debit Card,Android,Organic Search,None,Express,0,4,Medium,No
CUST103588,Eiravati Gokhale,26,Female,Madhya Pradesh,Indore,23-12-2025,15-08-2026,Beauty & Personal Care,6,3917.6,652.93,0,No,0,0,28,140,22,11,0.25,Debit Card,iPhone,Referral,Silver,Standard,0,3.8,Medium,No
CUST103589,Benjamin Kade,28,Female,Maharashtra,Nashik,15-06-2026,15-08-2026,Fashion,4,9363.56,2340.89,0,No,1,0.25,22,132,10,4,0.091,UPI,MacBook,Organic Search,Gold,Standard,1,4.4,Medium,No
CUST103590,Zilmil Mall,18,Other,Karnataka,Bengaluru,03-12-2025,14-08-2026,Beauty & Personal Care,2,1889.17,944.58,223.01,Yes,1,0.5,24,72,15,7,0.125,UPI,Windows Laptop,Referral,Platinum,Standard,0,2.9,Low,No
CUST103591,Hardik Palan,39,Male,Jharkhand,Ranchi,07-01-2024,01-10-2024,Home & Kitchen,8,14422.36,1802.8,2030.27,Yes,0,0,19,114,17,11,0.421,Wallet,iPhone,Google Ads,None,Standard,0,4.6,Medium,Yes
CUST103592,Noah Dani,38,Female,Karnataka,Mangaluru,14-01-2025,13-09-2025,Home & Kitchen,6,14979.97,2496.66,0,No,0,0,26,104,17,9,0.192,Credit Card,Windows Laptop,Direct,Silver,Standard,0,3.6,Medium,No
CUST103593,Anusha Sur,31,Female,Uttar Pradesh,Kanpur,05-04-2026,15-08-2026,Electronics,5,3685.22,737.04,659.1,Yes,0,0,24,144,16,11,0.333,Wallet,Android,Google Ads,None,Standard,0,3.8,Medium,No
CUST103594,Udarsh Gara,19,Female,Uttar Pradesh,Varanasi,03-05-2026,15-08-2026,Home & Kitchen,3,6105.61,2035.2,0,No,1,0.33,23,115,24,15,0.391,Net Banking,Android,Organic Search,None,Standard,0,,Low,No
CUST103595,Aashi Cherian,41,Female,Rajasthan,Jaipur,09-03-2025,15-08-2026,Electronics,5,6053.69,1210.74,2266.94,Yes,0,0,25,50,6,4,0.08,UPI,Android,Direct,None,Standard,3,3.6,Medium,No
CUST103596,Arya Dhaliwal,26,Female,Bihar,Gaya,03-02-2024,07-10-2025,Electronics,6,5416.58,902.76,1052.66,Yes,0,0,21,63,6,3,0.048,UPI,Android,YouTube,Gold,Standard,0,3.1,Medium,Yes
CUST103597,Samuel Trivedi,27,Female,Delhi,Delhi,16-07-2025,15-08-2026,Home & Kitchen,4,5638.5,1409.62,0,No,0,0,27,108,15,7,0.111,UPI,Android,YouTube,None,Standard,3,3.9,Medium,No
CUST103598,Ayaan Baral,49,Female,Uttar Pradesh,Lucknow,23-09-2025,15-08-2026,Fashion,6,8883.01,1480.5,3655.6,Yes,0,0,28,56,5,3,0.036,Credit Card,Windows Laptop,Google Ads,Platinum,Standard,0,3.2,Medium,Yes
CUST103599,Abeer Suresh,25,Male,Telangana,Warangal,17-05-2024,28-07-2025,Books,5,5173.28,1034.66,495.71,Yes,1,0.2,22,44,9,5,0.136,Net Banking,iPhone,Instagram,None,Standard,0,3,Medium,Yes
CUST103600,Kala Jani,37,Male,Bihar,Muzaffarpur,01-01-2025,02-03-2026,Fashion,5,17091.98,3418.4,856.39,Yes,0,0,30,60,9,3,0.067,Credit Card,Windows Laptop,Instagram,None,Standard,0,4.6,Medium,No
CUST103601,Pooja Saxena,35,Female,Maharashtra,Nagpur,15-04-2024,01-12-2025,Grocery,5,7224.07,1444.81,2929.1,Yes,1,0.2,21,63,10,3,0.095,Cash on Delivery,Android,Google Ads,Silver,Standard,0,4.1,Medium,Yes
CUST103602,Sudiksha Merchant,34,Male,Uttar Pradesh,Lucknow,04-03-2026,15-08-2026,Beauty & Personal Care,2,1273.92,636.96,0,No,1,0.5,20,60,8,4,0.15,Credit Card,Android,Google Ads,None,Express,0,4.3,Low,No
CUST103603,Jagdish Saxena,33,Male,Karnataka,Bengaluru,01-02-2024,24-03-2025,Grocery,3,5716.46,1905.49,636.67,Yes,1,0.33,21,42,4,2,0.048,UPI,Tablet,Direct,Gold,Standard,0,4.5,Low,Yes
CUST103604,Wakeeta Lall,34,Male,Tamil Nadu,Madurai,27-09-2025,16-01-2026,Fashion,6,7999.87,1333.31,0,No,2,0.33,19,114,11,5,0.211,Credit Card,Windows Laptop,Organic Search,Gold,Express,,,Medium,No
CUST103605,Laksh Mallick,33,Female,Karnataka,Bengaluru,12-11-2025,15-08-2026,Mobile Accessories,7,4724.58,674.94,0,No,0,0,24,144,30,18,0.542,Credit Card,Android,Instagram,Gold,Standard,1,3.6,Medium,No
CUST103606,Irya Brar,31,Male,Karnataka,Mangaluru,07-06-2025,24-12-2025,Beauty & Personal Care,5,5585.51,1117.1,0,No,0,0,32,64,7,2,0.031,Wallet,Android,Direct,None,Standard,2,4,Medium,No
CUST103607,Falan Narain,43,Female,Punjab,Chandigarh,16-06-2024,01-03-2025,Sports & Fitness,3,5279.85,1759.95,1604.04,Yes,0,0,17,102,8,5,0.118,Credit Card,Android,Referral,None,Standard,0,3.6,Low,Yes
CUST103608,Yashica Nayak,20,Female,Tamil Nadu,Coimbatore,04-05-2026,15-08-2026,Fashion,6,4788.7,798.12,559.9,Yes,1,0.17,25,50,7,3,0.04,UPI,Android,Direct,Platinum,Standard,1,4.3,Medium,No
CUST103609,Sudiksha Varghese,39,Male,Jharkhand,Jamshedpur,18-03-2024,17-08-2025,Electronics,4,2297.36,574.34,651.13,Yes,1,0.25,28,84,9,5,0.071,Credit Card,iPhone,Email,Silver,Express,0,3.2,Medium,Yes
CUST103610,Divya Barad,38,Male,Andhra Pradesh,Visakhapatnam,29-06-2025,27-04-2026,Grocery,4,2130.23,532.56,283.82,Yes,0,0,19,114,20,13,0.263,Credit Card,Android,Organic Search,Gold,Same Day,0,3.5,Medium,No
CUST103611,Harish Verma,37,Female,Uttar Pradesh,Varanasi,27-07-2024,14-08-2025,Electronics,4,2872.72,718.18,370.65,Yes,0,0,26,104,13,5,0.077,Credit Card,iPhone,Organic Search,None,Standard,2,4.1,Medium,Yes
CUST103612,Ranveer Banik,40,Female,Maharashtra,Nashik,17-04-2026,05-07-2026,Home & Kitchen,6,12385.01,2064.17,3569.1,Yes,0,0,24,72,15,8,0.167,UPI,Android,Direct,Silver,Standard,2,3.9,Medium,No
CUST103613,Yatan Devan,30,Male,Telangana,Hyderabad,14-02-2025,09-08-2025,Fashion,2,3022.52,1511.26,954.74,Yes,0,0,25,50,7,2,0.04,UPI,Windows Laptop,Direct,Silver,Standard,1,3.4,Low,No
CUST103614,Thomas Hayre,18,Male,Madhya Pradesh,Bhopal,08-01-2024,10-09-2025,Beauty & Personal Care,7,4798.68,685.53,904.46,Yes,0,0,17,68,11,4,0.059,UPI,Android,Instagram,None,Standard,1,2.1,Medium,No
CUST103615,Upma Doshi,30,Male,Telangana,Hyderabad,06-01-2026,15-08-2026,Mobile Accessories,4,4137.08,1034.27,1470.17,Yes,0,0,18,72,14,5,0.167,UPI,Android,Instagram,Gold,Standard,1,3.8,Medium,No
CUST103616,Rachit Taneja,23,Male,Maharashtra,Pune,14-08-2024,20-10-2025,Home & Kitchen,5,3178.32,635.66,0,No,2,0.4,18,54,10,7,0.167,UPI,Windows Laptop,YouTube,None,Standard,0,4.1,Medium,Yes
CUST103617,Karan Issac,25,Male,Uttar Pradesh,Varanasi,23-06-2024,31-10-2025,Sports & Fitness,4,3508.18,877.04,1461.29,Yes,1,0.25,20,80,12,4,0.1,Debit Card,Android,Direct,Gold,Standard,0,4.5,Medium,Yes
CUST103618,Zaitra Kala,21,Male,Punjab,Amritsar,21-03-2024,28-12-2025,Home & Kitchen,5,3966.89,793.38,1191.75,Yes,0,0,18,108,20,11,0.5,Credit Card,Tablet,Instagram,Gold,Standard,1,3.8,Medium,Yes
CUST103619,Radha Bhavsar,27,Female,Madhya Pradesh,Indore,04-03-2026,15-08-2026,Home & Kitchen,6,9392.73,1565.46,1296.29,Yes,0,0,14,56,6,2,0.071,UPI,Android,YouTube,Silver,Standard,2,4.7,Medium,No
CUST103620,Sathvik Gokhale,26,Female,Karnataka,Bengaluru,26-02-2024,29-09-2025,Mobile Accessories,7,16138.2,2305.46,5638.46,Yes,2,0.29,15,60,9,5,0.133,Cash on Delivery,Android,Organic Search,None,Express,2,4.7,Medium,Yes
CUST103621,Omya Lall,18,Female,Odisha,Cuttack,14-05-2024,04-12-2024,Books,5,3121.88,624.38,0,No,1,0.2,14,70,5,2,0.071,UPI,Windows Laptop,YouTube,Silver,Standard,1,3.9,Medium,No
CUST103622,Wahab Palla,37,Female,Delhi,New Delhi,25-08-2024,19-10-2025,Grocery,2,1809.05,904.52,221.58,Yes,0,0,19,76,9,3,0.053,Debit Card,Android,Organic Search,Gold,Standard,0,4.6,Low,Yes
CUST103623,Pranit Mital,49,Female,Karnataka,Mysuru,16-04-2025,15-08-2026,Fashion,4,6438.79,1609.7,2466.8,Yes,0,0,21,84,10,5,0.143,Cash on Delivery,Tablet,Organic Search,None,Standard,0,4.7,Medium,No
CUST103624,Brinda Sundaram,36,Female,Haryana,Faridabad,04-08-2024,26-06-2025,Beauty & Personal Care,4,2733.38,683.34,0,No,0,0,25,150,30,14,0.4,Credit Card,Android,YouTube,Gold,Standard,,3.7,Medium,Yes
CUST103625,Manya Parikh,29,Male,Delhi,Delhi,08-01-2026,15-08-2026,Fashion,5,3790.93,758.19,290.71,Yes,0,0,20,80,11,4,0.1,Cash on Delivery,Android,Referral,None,Standard,0,3.7,Medium,No
CUST103626,Chakrika Char,31,Male,Delhi,Delhi,26-01-2024,13-05-2024,Home & Kitchen,9,16909.53,1878.84,2956.61,Yes,0,0,18,72,13,8,0.333,Debit Card,iPhone,Organic Search,None,Express,1,4.2,High,Yes
CUST103627,Isaiah Mani,28,Female,West Bengal,Howrah,05-07-2024,13-08-2025,Home & Kitchen,9,22613.59,2512.62,6821.86,Yes,0,0,24,72,10,5,0.125,Cash on Delivery,iPhone,Organic Search,None,Standard,0,3.8,High,Yes
CUST103628,Sanya Nanda,32,Female,Haryana,Gurugram,31-05-2026,15-08-2026,Sports & Fitness,5,4450.85,890.17,1893.65,Yes,0,0,18,90,11,5,0.167,Debit Card,iPhone,Referral,Platinum,Standard,0,5,Medium,No
CUST103629,Pavani D’Alia,31,Male,Madhya Pradesh,Indore,21-09-2025,15-08-2026,Books,8,6217.94,777.24,1730.39,Yes,0,0,20,80,16,5,0.15,UPI,Android,YouTube,Silver,Standard,1,4.6,Medium,No
CUST103630,Ucchal Nagar,24,Male,Bihar,Patna,09-12-2025,23-07-2026,Home & Kitchen,7,12455.6,1779.37,4713.16,Yes,1,0.14,19,38,6,3,0.053,UPI,Windows Laptop,Email,Platinum,Standard,2,4.3,Medium,No
CUST103631,Idika Rao,44,Female,Kerala,Kochi,25-04-2024,13-05-2025,Electronics,6,11981.17,1996.86,5021.33,Yes,0,0,18,90,15,8,0.222,Credit Card,Android,Google Ads,None,Standard,1,3.7,Medium,Yes
CUST103632,Veda Suresh,19,Male,Maharashtra,Mumbai,25-03-2026,15-08-2026,Sports & Fitness,7,9389.2,1341.31,2418.82,Yes,0,0,19,114,16,10,0.368,UPI,iPhone,Referral,Platinum,Standard,0,5,Medium,No
CUST103633,Wahab Balakrishnan,37,Male,Gujarat,Vadodara,05-09-2025,03-10-2025,Electronics,1,1069.15,1069.15,370.12,Yes,1,1,23,92,9,4,0.13,UPI,iPhone,Organic Search,None,Standard,2,3.8,Low,Yes
CUST103634,Amrita Tripathi,30,Female,Telangana,Warangal,10-06-2026,15-08-2026,Beauty & Personal Care,7,13170.85,1881.55,4148.36,Yes,0,0,23,69,13,8,0.174,Credit Card,MacBook,Organic Search,None,Standard,1,4.4,Medium,No
CUST103635,Nilima Bhat,46,Female,Maharashtra,Mumbai,11-06-2024,10-01-2026,Electronics,4,5770.37,1442.59,1838.12,Yes,0,0,25,75,13,6,0.12,Credit Card,Android,Instagram,None,Same Day,1,4.9,Medium,No
CUST103636,Advika Nadkarni,34,Female,Rajasthan,Jodhpur,17-02-2025,26-09-2025,Home & Kitchen,4,5674.29,1418.57,1457.31,Yes,0,0,21,126,16,10,0.238,Net Banking,Android,Email,None,Standard,1,4.4,Medium,No
CUST103637,Mahika Sathe,28,Female,Assam,Dibrugarh,26-06-2024,22-08-2024,Mobile Accessories,3,11204.91,3734.97,0,No,1,0.33,15,90,19,8,0.2,UPI,Windows Laptop,Google Ads,Gold,Standard,0,3.6,Medium,Yes
CUST103638,Mohini Lad,29,Female,West Bengal,Siliguri,06-10-2024,05-01-2026,Electronics,3,4948.3,1649.43,1344.7,Yes,1,0.33,20,40,5,3,0.05,UPI,Android,Organic Search,Silver,Express,0,4.2,Low,No
CUST103639,Amrita Sunder,31,Male,Tamil Nadu,Madurai,08-03-2026,15-08-2026,Home & Kitchen,4,3191.8,797.95,973.81,Yes,0,0,16,96,8,3,0.125,UPI,Android,YouTube,None,Standard,1,4,Medium,No
CUST103640,Harinakshi Bath,22,Male,Karnataka,Bengaluru,30-07-2024,12-04-2026,Fashion,9,13999.15,1555.46,3528.89,Yes,0,0,23,138,16,10,0.261,Debit Card,iPhone,Google Ads,None,Express,0,3.7,Medium,Yes
CUST103641,Sara Rout,25,Male,Delhi,New Delhi,23-02-2024,07-04-2025,Books,6,6248.78,1041.46,868.57,Yes,0,0,19,95,12,8,0.316,UPI,Windows Laptop,Google Ads,None,Express,0,5,Medium,No
CUST103642,Ojas Wason,18,Female,Assam,Dibrugarh,07-03-2024,14-11-2024,Sports & Fitness,4,5507.16,1376.79,1803.31,Yes,0,0,25,100,19,7,0.12,UPI,Android,YouTube,Platinum,Standard,1,4.3,Medium,Yes
CUST103643,Imaran Narayan,24,Male,Gujarat,Ahmedabad,27-06-2025,15-08-2026,Fashion,6,12292.01,2048.67,2502.81,Yes,0,0,19,38,7,4,0.158,UPI,Windows Laptop,Organic Search,None,Standard,2,4.7,Medium,No
CUST103644,Anmol Bail,32,Male,Gujarat,Surat,01-02-2026,15-08-2026,Electronics,5,11320.95,2264.19,1144.51,Yes,1,0.2,23,46,6,2,0.043,Debit Card,Android,Google Ads,Silver,Standard,0,3.8,Medium,No
CUST103645,Gautam Nath,33,Male,Madhya Pradesh,Indore,03-06-2025,17-01-2026,Beauty & Personal Care,5,1263.62,252.72,0,No,0,0,23,46,8,4,0.087,UPI,Tablet,YouTube,None,Standard,1,3.9,Medium,Yes
CUST103646,Dev Bawa,18,Male,Maharashtra,Mumbai,13-05-2025,15-08-2026,Fashion,8,8161.11,1020.14,0,No,0,0,23,92,10,5,0.13,Debit Card,Android,Organic Search,Gold,Standard,2,4.1,Medium,No
CUST103647,Janaki Wason,30,Male,Rajasthan,Jaipur,06-03-2025,29-03-2026,Grocery,5,5089.4,1017.88,1355.22,Yes,0,0,28,168,34,19,0.357,UPI,Android,Instagram,Silver,Standard,1,4.4,Medium,Yes
CUST103648,Naksh Wason,36,Female,Gujarat,Vadodara,27-12-2025,22-05-2026,Electronics,7,8639.92,1234.27,0,No,2,0.29,22,132,11,7,0.136,Wallet,Android,Referral,Silver,Express,0,5,Medium,No
CUST103649,Veer Mannan,30,Male,Uttar Pradesh,Varanasi,15-02-2024,09-03-2024,Electronics,2,1524.64,762.32,0,No,0,0,16,80,10,6,0.25,Credit Card,MacBook,Instagram,None,Same Day,0,4.1,Low,No
CUST103650,Kashvi Narula,26,Male,Andhra Pradesh,Visakhapatnam,14-08-2025,28-01-2026,Grocery,3,3570,1190,408.21,Yes,0,0,26,130,25,11,0.308,UPI,Android,Instagram,Gold,Standard,1,3.3,Low,No
CUST103651,Tanveer Kothari,28,Male,Madhya Pradesh,Indore,04-02-2024,24-04-2025,Fashion,4,5892.85,1473.21,752.25,Yes,0,0,19,38,5,2,0.053,Credit Card,Android,Organic Search,None,Standard,1,4.5,Medium,Yes
CUST103652,Balendra Bahri,27,Female,Gujarat,Ahmedabad,07-07-2024,16-11-2025,Sports & Fitness,5,2345.36,469.07,0,No,0,0,15,60,11,4,0.133,UPI,Windows Laptop,Organic Search,Silver,Express,1,3.8,Medium,Yes
CUST103653,Yachana Rao,26,Male,Punjab,Chandigarh,29-03-2024,11-02-2025,Electronics,8,9255.95,1156.99,731.39,Yes,0,0,25,150,15,9,0.16,UPI,Tablet,Organic Search,None,Standard,1,4,Medium,Yes
CUST103654,Brijesh Dugar,32,Female,Karnataka,Mangaluru,30-11-2024,24-09-2025,Fashion,4,10029.51,2507.38,0,No,0,0,15,60,6,3,0.067,Credit Card,iPhone,Instagram,None,Standard,0,5,Medium,Yes
CUST103655,Charvi Bajwa,49,Female,West Bengal,Durgapur,15-05-2024,13-09-2025,Mobile Accessories,7,4055.34,579.33,1052.99,Yes,0,0,30,180,24,9,0.2,UPI,Tablet,Instagram,None,Standard,0,3.7,Medium,Yes
CUST103656,Yug Bandi,25,Female,Karnataka,Bengaluru,29-06-2025,19-01-2026,Home & Kitchen,6,10135.98,1689.33,1208.01,Yes,1,0.17,13,52,10,5,0.154,UPI,Windows Laptop,Email,None,Standard,0,3.7,Medium,No
CUST103657,Jatin Purohit,28,Male,Tamil Nadu,Coimbatore,03-03-2026,15-08-2026,Grocery,1,1478.46,1478.46,0,No,0,0,18,72,15,11,0.333,Credit Card,Android,Google Ads,None,Standard,2,3.6,Low,No
CUST103658,Karan Madan,31,Female,Rajasthan,Jodhpur,22-04-2024,30-09-2025,Fashion,3,1693.04,564.35,0,No,1,0.33,13,26,2,1,0.077,Debit Card,Windows Laptop,Direct,None,Standard,1,3.4,Low,Yes
CUST103659,Faraj Borah,26,Female,Bihar,Gaya,20-06-2024,12-06-2025,Beauty & Personal Care,4,4923.49,1230.87,0,No,0,0,26,130,27,18,0.385,UPI,Android,Google Ads,Silver,Standard,1,3.7,Medium,Yes
CUST103660,Anmol Aurora,40,Female,Assam,Dibrugarh,04-12-2024,21-02-2026,Grocery,5,6986.72,1397.34,2253.69,Yes,0,0,22,66,11,4,0.136,Debit Card,Android,YouTube,None,Standard,0,4.3,Medium,Yes
CUST103661,Girish Raman,18,Male,Rajasthan,Jaipur,08-07-2025,25-08-2025,Fashion,8,17653.77,2206.72,0,No,0,0,18,72,10,7,0.222,UPI,Windows Laptop,Referral,Platinum,Express,1,2.5,High,No
CUST103662,Devika Naik,27,Female,Rajasthan,Jodhpur,12-06-2026,15-08-2026,Sports & Fitness,3,3164.12,1054.71,752.94,Yes,0,0,14,42,4,2,0.071,Credit Card,Android,Referral,Gold,Standard,1,3.5,Low,No
CUST103663,Yauvani Bajaj,38,Female,West Bengal,Siliguri,08-06-2025,21-07-2026,Beauty & Personal Care,5,7327.87,1465.57,0,No,0,0,21,42,5,2,0.048,Credit Card,Android,Referral,None,Standard,0,3.9,Medium,Yes
CUST103664,Anusha Shanker,29,Male,West Bengal,Siliguri,22-06-2024,13-11-2025,Home & Kitchen,4,4106.59,1026.65,0,No,0,0,27,108,18,7,0.185,UPI,Tablet,Organic Search,Silver,Express,1,4.8,Medium,Yes
CUST103665,Harish Lalla,24,Male,Uttar Pradesh,Lucknow,28-09-2025,15-08-2026,Beauty & Personal Care,6,10070.75,1678.46,2872.93,Yes,0,0,16,32,4,2,0.062,Wallet,Android,Referral,Gold,Standard,0,5,Medium,No
CUST103666,Krisha Manne,35,Female,Gujarat,Surat,27-11-2024,29-10-2025,Beauty & Personal Care,2,3714.26,1857.13,1597.45,Yes,0,0,19,57,4,2,0.053,Cash on Delivery,Windows Laptop,Organic Search,None,Standard,0,3.4,Low,No
CUST103667,Girik Kapadia,38,Male,Punjab,Amritsar,25-07-2024,01-12-2024,Electronics,6,3061.59,510.27,0,No,0,0,23,138,29,11,0.391,Credit Card,Android,Google Ads,None,Standard,1,4.5,Medium,Yes
CUST103668,Arya Subramanian,33,Female,Karnataka,Bengaluru,08-12-2024,24-07-2025,Home & Kitchen,5,6103.36,1220.67,1278.51,Yes,0,0,17,68,11,5,0.235,UPI,Android,Instagram,None,Standard,0,4.5,Medium,Yes
CUST103669,Yashawini Konda,25,Male,West Bengal,Howrah,13-04-2024,19-09-2024,Fashion,7,13648.3,1949.76,0,No,1,0.14,23,46,8,5,0.174,Cash on Delivery,Android,Instagram,Silver,Express,1,4.1,Medium,Yes
CUST103670,Anay Taneja,35,Male,Gujarat,Vadodara,03-10-2025,15-08-2026,Home & Kitchen,5,6037.36,1207.47,1245.33,Yes,0,0,21,63,10,3,0.095,Debit Card,iPhone,Google Ads,None,Standard,1,5,Medium,Yes
CUST103671,Kashish Chokshi,28,Female,Delhi,Delhi,09-02-2024,19-08-2024,Grocery,6,8295.3,1382.55,3483.38,Yes,0,0,15,60,10,5,0.267,UPI,iPhone,Direct,Silver,Standard,0,4,Medium,Yes
CUST103672,Udarsh Bakshi,37,Male,West Bengal,Durgapur,23-01-2024,31-01-2025,Home & Kitchen,5,10213.83,2042.77,693.11,Yes,0,0,18,54,4,2,0.056,Credit Card,Windows Laptop,Direct,None,Standard,0,4.6,Medium,Yes
CUST103673,Vincent Sekhon,43,Female,Kerala,Thiruvananthapuram,08-09-2024,04-07-2025,Mobile Accessories,8,4224.59,528.07,0,No,0,0,13,78,10,7,0.231,UPI,Windows Laptop,Referral,Gold,Standard,0,4.9,Medium,No
CUST103674,Vansha Chopra,18,Female,Maharashtra,Mumbai,16-04-2026,15-08-2026,Fashion,5,7575.24,1515.05,2829.34,Yes,0,0,26,104,21,12,0.231,Debit Card,Android,Organic Search,Platinum,Standard,1,4,Medium,No
CUST103675,Gaurangi Dhawan,32,Female,Uttar Pradesh,Varanasi,16-10-2024,24-05-2025,Home & Kitchen,6,13664.51,2277.42,2678,Yes,1,0.17,22,44,9,3,0.091,Credit Card,iPhone,Organic Search,Gold,Same Day,1,3.3,Medium,No
CUST103676,Girish Gara,18,Female,Tamil Nadu,Madurai,20-07-2024,10-03-2026,Grocery,6,7350.02,1225,0,No,0,0,17,34,7,4,0.118,UPI,Android,Organic Search,None,Standard,1,3,Medium,No
CUST103677,Vrishti Krish,51,Female,Karnataka,Mangaluru,03-06-2024,25-05-2025,Beauty & Personal Care,5,4532.4,906.48,1705.39,Yes,0,0,21,42,9,5,0.19,Net Banking,Android,Google Ads,Silver,Express,0,4.4,Medium,Yes
CUST103678,Lohit Rau,27,Male,Telangana,Hyderabad,20-07-2025,29-07-2026,Beauty & Personal Care,4,3902.62,975.66,1066.88,Yes,0,0,25,50,4,2,0.04,Net Banking,Android,Email,Silver,Standard,0,4.1,Medium,No
CUST103679,Viraj Bhargava,37,Female,Madhya Pradesh,Indore,15-04-2024,10-09-2025,Electronics,6,9502.1,1583.68,2559.73,Yes,0,0,26,104,9,4,0.115,Cash on Delivery,Android,Organic Search,Gold,Standard,0,3.8,Medium,No
CUST103680,Zayyan Sabharwal,31,Male,Telangana,Warangal,16-09-2024,18-02-2025,Home & Kitchen,6,18645.95,3107.66,3123.46,Yes,0,0,22,132,27,14,0.318,UPI,Android,Google Ads,None,Standard,0,4.2,Medium,Yes
CUST103681,Geetika Dora,25,Male,Kerala,Thiruvananthapuram,18-07-2024,11-03-2025,Fashion,7,27171.39,3881.63,0,No,0,0,20,120,10,7,0.15,Cash on Delivery,Android,Direct,Platinum,Standard,0,4.8,Medium,No
CUST103682,Ekanta Ray,24,Female,Maharashtra,Pune,17-04-2026,15-08-2026,Mobile Accessories,7,19346.04,2763.72,7636.47,Yes,0,0,17,34,6,4,0.118,UPI,Android,Instagram,Gold,Express,1,4.6,Medium,Yes
CUST103683,Amrita Kadakia,44,Female,Madhya Pradesh,Indore,04-08-2024,14-07-2025,Fashion,4,3791.87,947.97,1327.47,Yes,0,0,25,50,10,4,0.04,UPI,Android,Direct,None,Standard,1,3.9,Medium,Yes
CUST103684,Xalak Munshi,39,Male,Delhi,Delhi,14-02-2025,28-03-2026,Books,3,2244.79,748.26,662.15,Yes,1,0.33,27,54,8,3,0.074,UPI,Android,Organic Search,Silver,Standard,1,4,Low,No
CUST103685,Ekanta Shenoy,47,Male,Odisha,Bhubaneswar,12-07-2025,19-07-2026,Grocery,8,4599.21,574.9,874.81,Yes,2,0.25,22,44,8,5,0.182,Debit Card,Android,Referral,Silver,Standard,0,4.9,Medium,Yes
CUST103686,Yoshita Bumb,31,Female,Uttar Pradesh,Kanpur,31-05-2026,15-08-2026,Fashion,3,4684.34,1561.45,1835.89,Yes,0,0,26,104,18,10,0.192,UPI,Android,Organic Search,Gold,Express,0,3.7,Low,Yes
CUST103687,Pavani Brahmbhatt,33,Male,Jharkhand,Ranchi,26-04-2024,18-12-2025,Beauty & Personal Care,3,19896.13,6632.04,0,No,0,0,15,90,9,5,0.2,Cash on Delivery,Android,Organic Search,None,Express,1,4,Medium,Yes
CUST103688,Joshua Arya,29,Female,Telangana,Warangal,04-06-2026,28-07-2026,Sports & Fitness,8,10047.68,1255.96,4077.69,Yes,0,0,24,120,23,16,0.542,Cash on Delivery,Android,Google Ads,None,Standard,0,4.7,Medium,No
CUST103689,Zinal Dara,29,Female,West Bengal,Howrah,27-02-2025,11-12-2025,Books,11,18752.52,1704.77,2844.22,Yes,0,0,17,85,11,7,0.235,Cash on Delivery,Android,Organic Search,None,Standard,1,4.8,High,No
CUST103690,Rudra Sarma,23,Male,West Bengal,Durgapur,30-07-2024,07-10-2025,Electronics,5,7489.08,1497.82,0,No,0,0,25,150,16,10,0.28,Wallet,iPhone,Organic Search,Silver,Standard,1,4,Medium,No
CUST103691,Balvan Samra,32,Male,Punjab,Amritsar,03-06-2024,26-08-2024,Fashion,5,7672.36,1534.47,3253.66,Yes,0,0,18,36,7,3,0.056,Debit Card,Windows Laptop,Organic Search,None,Standard,0,5,Medium,No
CUST103692,Onkar Vohra,25,Female,Uttar Pradesh,Kanpur,19-09-2024,18-06-2026,Fashion,5,4307.68,861.54,0,No,0,0,28,140,24,16,0.429,Cash on Delivery,Android,Direct,Platinum,Standard,0,4.2,Medium,Yes
CUST103693,Logan Sahota,35,Male,Madhya Pradesh,Indore,21-05-2025,15-08-2026,Electronics,5,7540.43,1508.09,3246.2,Yes,0,0,17,68,7,4,0.118,UPI,Windows Laptop,Organic Search,None,Standard,0,3.2,Medium,No
CUST103694,Aditya Minhas,32,Male,Delhi,Delhi,30-05-2024,02-02-2025,Beauty & Personal Care,5,5286.43,1057.29,0,No,0,0,13,26,5,1,0.077,Net Banking,Windows Laptop,Direct,Silver,Standard,1,4.9,Medium,Yes
CUST103695,Radhika Menon,33,Male,Telangana,Hyderabad,30-07-2024,26-02-2025,Sports & Fitness,5,7323.71,1464.74,1648.39,Yes,1,0.2,24,144,28,14,0.375,Wallet,Windows Laptop,Google Ads,None,Standard,0,3.7,Medium,No
CUST103696,Ekantika Prabhu,44,Male,West Bengal,Kolkata,10-07-2024,15-12-2025,Home & Kitchen,6,6906.46,1151.08,2573.2,Yes,0,0,32,192,18,8,0.125,UPI,Android,Instagram,None,Same Day,2,4.6,Medium,Yes
CUST103697,Lohit Mannan,31,Male,Andhra Pradesh,Vijayawada,30-05-2026,15-08-2026,Grocery,3,6189.13,2063.04,0,No,0,0,16,48,4,2,0.062,UPI,iPhone,Organic Search,Silver,Express,2,4.2,Low,No
CUST103698,Kamya Venkataraman,37,Female,Odisha,Cuttack,24-01-2026,04-07-2026,Beauty & Personal Care,6,5279.02,879.84,1754.48,Yes,0,0,21,84,9,3,0.048,UPI,Android,Organic Search,Silver,Express,2,5,Medium,No
CUST103699,Urmi Shere,47,Female,Jharkhand,Ranchi,07-04-2024,16-11-2025,Fashion,5,14320.88,2864.18,2425.32,Yes,0,0,27,108,22,13,0.222,Credit Card,MacBook,Organic Search,Platinum,Standard,0,3.8,Medium,No
CUST103700,Ganga Deshmukh,41,Female,Delhi,Delhi,24-06-2025,15-08-2026,Electronics,3,6765.6,2255.2,1945.16,Yes,1,0.33,24,72,13,7,0.125,Debit Card,Windows Laptop,Referral,Gold,Standard,0,,Low,No
CUST103701,Urvi Anne,40,Female,Uttar Pradesh,Lucknow,01-12-2025,20-02-2026,Grocery,2,2603.37,1301.68,938.21,Yes,0,0,16,48,9,6,0.188,Credit Card,Android,Referral,Silver,Express,1,4.1,Low,No
CUST103702,Omaja Gola,29,Male,Odisha,Bhubaneswar,20-06-2024,03-08-2024,Sports & Fitness,3,3308.38,1102.79,200.01,Yes,0,0,13,39,7,3,0.077,Credit Card,Android,YouTube,Silver,Express,2,3.9,Low,Yes
CUST103703,Upma Bhavsar,33,Male,Tamil Nadu,Coimbatore,05-01-2025,06-05-2025,Grocery,4,3059.1,764.78,261.22,Yes,1,0.25,20,80,12,4,0.1,UPI,Android,Instagram,Platinum,Standard,0,3.3,Medium,Yes
CUST103704,Devika Guha,20,Female,Punjab,Ludhiana,09-12-2025,15-08-2026,Electronics,1,593.39,593.39,0,No,0,0,21,63,5,3,0.048,Net Banking,Tablet,Organic Search,Gold,Standard,1,3.2,Low,No
CUST103705,Girindra Yogi,35,Female,Jharkhand,Ranchi,03-06-2024,28-07-2025,Fashion,4,4592.45,1148.11,0,No,0,0,23,92,16,9,0.261,UPI,Windows Laptop,Email,None,Standard,2,3.9,Medium,No
CUST103706,Ganga Chandra,33,Female,Haryana,Gurugram,19-05-2024,01-10-2024,Electronics,9,13541.14,1504.57,0,No,1,0.11,10,30,4,2,0.1,Debit Card,Android,YouTube,None,Standard,0,4.1,Medium,Yes
CUST103707,Upadhriti Dugar,31,Female,Kerala,Kozhikode,15-03-2026,09-04-2026,Beauty & Personal Care,5,7663.35,1532.67,1728.67,Yes,0,0,24,120,13,8,0.208,UPI,Android,Google Ads,None,Standard,1,3.8,Medium,No
CUST103708,Inaya Kara,39,Female,Tamil Nadu,Chennai,12-03-2026,15-08-2026,Grocery,6,21158.27,3526.38,7120.62,Yes,1,0.17,24,144,30,20,0.583,Credit Card,Android,Organic Search,Silver,Standard,1,3.8,Medium,No
CUST103709,Akshay Hans,21,Male,Tamil Nadu,Coimbatore,12-09-2024,08-09-2025,Electronics,5,5636.46,1127.29,0,No,1,0.2,21,84,14,9,0.333,UPI,Windows Laptop,Referral,Gold,Standard,2,4.6,Medium,Yes
CUST103710,Bhavani Sandhu,44,Female,Andhra Pradesh,Vijayawada,06-11-2025,31-07-2026,Sports & Fitness,5,5635.71,1127.14,,Yes,0,0,25,50,9,4,0.04,Cash on Delivery,Android,Organic Search,Platinum,Express,2,3.8,Medium,No
CUST103711,Jhalak Rau,38,Female,West Bengal,Durgapur,07-10-2025,17-02-2026,Beauty & Personal Care,3,4303.23,1434.41,0,No,0,0,15,30,5,3,0.133,Wallet,Android,Instagram,Platinum,Express,1,3.1,Low,No
CUST103712,Samaksh Brahmbhatt,30,Other,Kerala,Kochi,13-05-2026,15-08-2026,Grocery,4,3697.79,924.45,302.16,Yes,0,0,23,69,6,2,0.043,UPI,Android,Instagram,Gold,Standard,0,4.5,Medium,No
CUST103713,Harshil Kalita,30,Female,Odisha,Cuttack,19-02-2025,06-10-2025,Mobile Accessories,3,9337.28,3112.43,0,No,1,0.33,18,54,6,3,0.056,UPI,Windows Laptop,Organic Search,None,Standard,2,4.9,Medium,Yes
CUST103714,Pranav Lall,35,Female,Bihar,Muzaffarpur,24-11-2024,26-02-2025,Electronics,4,15468.06,3867.02,0,No,0,0,20,80,14,7,0.25,UPI,Android,Email,None,Standard,,4.5,Medium,No
CUST103715,Jonathan Vig,43,Female,Andhra Pradesh,Visakhapatnam,12-01-2025,21-03-2026,Books,5,10118.92,2023.78,2623.19,Yes,0,0,20,100,16,5,0.15,UPI,Android,Instagram,None,Express,1,3.8,Medium,No
CUST103716,Ganga Malhotra,32,Female,Tamil Nadu,Coimbatore,22-09-2024,13-05-2026,Electronics,4,8556.64,2139.16,818.27,Yes,1,0.25,30,60,5,1,0.033,Credit Card,Android,Organic Search,Silver,Standard,0,4,Medium,Yes
CUST103717,Shaurya Ganguly,32,Other,Tamil Nadu,Madurai,24-06-2025,23-04-2026,Home & Kitchen,7,9876.08,1410.87,0,No,0,0,21,84,11,4,0.095,UPI,iPhone,Instagram,Silver,Standard,0,3.8,Medium,No
CUST103718,Vincent Kalita,31,Female,Maharashtra,Pune,18-05-2024,21-01-2025,Sports & Fitness,5,11198.39,2239.68,902.72,Yes,0,0,21,42,4,2,0.048,UPI,Android,Organic Search,Gold,Express,2,4.4,Medium,No
CUST103719,Manan Dhar,45,Female,Gujarat,Ahmedabad,09-05-2026,15-08-2026,Books,4,11433.14,2858.28,2643.77,Yes,0,0,24,144,26,15,0.375,Credit Card,Android,Direct,None,Express,1,4.9,Medium,Yes
CUST103720,Vaishnavi Acharya,28,Male,Delhi,New Delhi,03-04-2026,09-05-2026,Home & Kitchen,7,8881.24,1268.75,0,No,0,0,18,54,5,1,0.056,Credit Card,Windows Laptop,YouTube,Silver,Express,0,4.4,Medium,No
CUST103721,Faras Ben,31,Female,Tamil Nadu,Chennai,19-08-2025,19-11-2025,Beauty & Personal Care,10,28194.92,2819.49,0,No,1,0.1,21,84,13,8,0.19,UPI,iPhone,Organic Search,Gold,Standard,0,4.1,High,No
CUST103722,Yasti Sarraf,43,Female,Punjab,Ludhiana,26-05-2025,23-06-2025,Grocery,8,10405.38,1300.67,4467.29,Yes,1,0.12,15,45,3,1,0.067,Wallet,Android,Instagram,None,Standard,0,4.1,Medium,No
CUST103723,Urmi Narain,32,Female,Jharkhand,Ranchi,05-09-2024,14-02-2025,Sports & Fitness,5,7133.93,1426.79,593.35,Yes,0,0,19,76,13,5,0.211,UPI,Android,Google Ads,None,Standard,0,4.4,Medium,Yes
CUST103724,Xiti Dalal,40,Male,Karnataka,Mangaluru,12-05-2026,25-06-2026,Electronics,4,3210.74,802.68,1219.93,Yes,0,0,18,54,4,2,0.056,UPI,iPhone,YouTube,None,Express,0,5,Medium,No
CUST103725,Maya Purohit,24,Female,Telangana,Warangal,05-04-2026,15-08-2026,Sports & Fitness,7,8902.65,1271.81,1709.05,Yes,1,0.14,12,36,3,1,0.083,Credit Card,Android,Referral,Gold,Standard,1,4.6,Medium,No
CUST103726,Urvi Pant,29,Male,Jharkhand,Jamshedpur,14-01-2026,15-08-2026,Home & Kitchen,8,18940.88,2367.61,2457.11,Yes,0,0,21,84,12,7,0.19,UPI,Android,Instagram,None,Express,2,3.4,High,No
CUST103727,Edhitha Wali,43,Female,West Bengal,Durgapur,03-11-2024,19-01-2025,Home & Kitchen,8,3002.09,375.26,477.4,Yes,0,0,24,144,11,8,0.167,Cash on Delivery,Android,YouTube,Platinum,Express,0,3.4,Medium,Yes
CUST103728,Tanish Ganesan,26,Male,Maharashtra,Mumbai,26-07-2025,15-08-2026,Home & Kitchen,11,15705.12,1427.74,6451,Yes,0,0,21,42,9,5,0.19,UPI,Android,Google Ads,Gold,Standard,1,5,High,Yes
CUST103729,Luke Sarkar,30,Female,Karnataka,Mysuru,23-02-2026,22-07-2026,Home & Kitchen,4,7597.98,1899.5,2886.92,Yes,0,0,26,104,12,6,0.115,Debit Card,Android,Organic Search,None,Express,0,4.6,Medium,No
CUST103730,Vrishti Krishna,33,Male,Uttar Pradesh,Lucknow,06-08-2024,24-01-2025,Mobile Accessories,6,10001.39,1666.9,563.11,Yes,1,0.17,15,90,7,4,0.133,UPI,Windows Laptop,Organic Search,Gold,Express,0,3.4,Medium,Yes
CUST103731,Radhika Pall,23,Male,Maharashtra,Pune,08-03-2026,15-08-2026,Beauty & Personal Care,4,2066.07,516.52,0,No,1,0.25,21,105,21,13,0.286,UPI,Windows Laptop,Direct,None,Standard,0,3.5,Medium,No
CUST103732,Aryan Pau,28,Female,Andhra Pradesh,Visakhapatnam,30-01-2026,15-08-2026,Mobile Accessories,4,2507.52,626.88,0,No,1,0.25,20,60,5,2,0.05,Debit Card,MacBook,Google Ads,Silver,Standard,0,4.1,Medium,No
CUST103733,Hiral Samra,32,Male,Gujarat,Surat,06-08-2025,23-02-2026,Fashion,2,2779.05,1389.52,0,No,0,0,21,63,12,4,0.095,UPI,Android,Direct,Silver,Same Day,1,4.9,Low,No
CUST103734,Rayaan Raja,31,Female,Rajasthan,Udaipur,19-10-2024,16-11-2025,Grocery,4,1881.8,470.45,0,No,0,0,24,48,9,5,0.125,Net Banking,iPhone,Instagram,Platinum,Standard,2,3.5,Medium,No
CUST103735,Praneel Anne,41,Female,Delhi,New Delhi,13-02-2025,20-01-2026,Sports & Fitness,4,25797.78,6449.44,9405.89,Yes,0,0,26,52,5,3,0.038,UPI,Windows Laptop,Email,Silver,Standard,0,4.4,Medium,Yes
CUST103736,Riya Patel,43,Female,Rajasthan,Jodhpur,16-07-2024,14-02-2025,Grocery,6,16393.19,2732.2,6557.53,Yes,1,0.17,20,60,5,2,0.05,UPI,iPhone,Organic Search,Gold,Express,0,5,Medium,Yes
CUST103737,Abdul Mukherjee,24,Male,Bihar,Patna,20-03-2024,21-09-2024,Beauty & Personal Care,7,5771.55,824.51,0,No,1,0.14,21,63,11,4,0.095,UPI,Android,Direct,Silver,Standard,1,3.6,Medium,Yes
CUST103738,Girindra Pillay,32,Female,Kerala,Thiruvananthapuram,19-01-2025,14-12-2025,Beauty & Personal Care,4,9182.24,2295.56,0,No,0,0,20,80,15,9,0.2,Net Banking,Android,Direct,Platinum,Express,0,3.9,Medium,Yes
CUST103739,Yadavi Arya,36,Male,Kerala,Kozhikode,16-05-2024,05-06-2024,Sports & Fitness,3,5291.41,1763.8,0,No,0,0,24,48,6,3,0.042,Debit Card,Android,Direct,Silver,Express,1,5,Low,Yes
CUST103740,Bahadurjit Maharaj,43,Female,Uttar Pradesh,Noida,31-07-2024,27-04-2025,Sports & Fitness,3,3717.61,1239.2,786.93,Yes,2,0.67,31,124,25,16,0.419,UPI,Tablet,Google Ads,Platinum,Standard,1,4,Low,Yes
CUST103741,Mitali Bassi,37,Female,Assam,Dibrugarh,18-04-2026,15-08-2026,Electronics,6,14269.42,2378.24,3086.29,Yes,0,0,22,88,9,5,0.136,Net Banking,Android,Referral,None,Standard,1,4,Medium,No
CUST103742,Anusha Bhandari,33,Male,Punjab,Chandigarh,10-09-2025,30-05-2026,Sports & Fitness,1,472.35,472.35,0,No,0,0,23,69,11,5,0.087,Wallet,Windows Laptop,Organic Search,None,Express,2,4.2,Low,Yes
CUST103743,Urishilla Sha,36,Male,Kerala,Kozhikode,25-07-2024,12-08-2024,Home & Kitchen,7,6685.86,955.12,0,No,0,0,28,56,7,3,0.071,Credit Card,MacBook,Google Ads,None,Standard,0,4,Medium,Yes
CUST103744,Oscar Solanki,36,Male,West Bengal,Durgapur,25-10-2025,15-08-2026,Fashion,5,5274.03,1054.81,2110.02,Yes,0,0,21,126,15,5,0.095,UPI,MacBook,Google Ads,None,Standard,1,4.6,Medium,No
CUST103745,Balvan Pingle,24,Female,West Bengal,Siliguri,12-05-2024,14-10-2025,Sports & Fitness,5,16781.48,3356.3,7276.95,Yes,0,0,17,34,5,2,0.059,UPI,MacBook,Referral,Silver,Standard,0,4.3,Medium,No
CUST103746,Michael Goel,33,Male,Karnataka,Bengaluru,14-06-2024,29-07-2024,Home & Kitchen,3,2698.39,899.46,493.83,Yes,0,0,19,76,9,5,0.105,UPI,Windows Laptop,Google Ads,Silver,Same Day,0,3.7,Low,Yes
CUST103747,Fitan Saini,43,Female,Bihar,Gaya,17-05-2025,15-08-2026,Sports & Fitness,4,9146.1,2286.52,1218.47,Yes,0,0,21,84,9,5,0.19,Net Banking,Android,Organic Search,None,Standard,0,3.7,Medium,No
CUST103748,Daksh Sawhney,29,Female,Gujarat,Surat,05-03-2025,19-12-2025,Fashion,2,1554.09,777.04,124.52,Yes,1,0.5,25,75,11,7,0.12,UPI,iPhone,Instagram,None,Express,1,,Low,Yes
CUST103749,Dipta Chatterjee,32,Female,Gujarat,Ahmedabad,28-06-2024,02-06-2025,Electronics,2,5235.24,2617.62,710.66,Yes,0,0,17,85,13,4,0.176,UPI,Android,Google Ads,Silver,Standard,0,3.3,Low,Yes
CUST103750,Rishi Badal,29,Female,Haryana,Gurugram,30-04-2024,07-11-2024,Home & Kitchen,6,5475.3,912.55,579.17,Yes,1,0.17,22,44,8,3,0.045,UPI,Windows Laptop,Email,None,Express,1,4.7,Medium,Yes
CUST103751,Edhitha Gara,18,Male,Haryana,Faridabad,22-06-2024,19-04-2025,Electronics,5,3906.67,781.33,240.84,Yes,0,0,19,114,19,11,0.421,UPI,Android,Instagram,Silver,Standard,1,5,Medium,Yes
CUST103752,Zaitra Atwal,31,Female,Assam,Dibrugarh,26-11-2024,27-02-2025,Grocery,7,8039.13,1148.45,0,No,0,0,22,44,5,2,0.045,Debit Card,Windows Laptop,Google Ads,Silver,Express,2,4.2,Medium,No
CUST103753,Omaja Bhat,33,Female,Tamil Nadu,Chennai,08-03-2024,20-11-2024,Fashion,5,9557.74,1911.55,2425.23,Yes,0,0,19,38,6,3,0.053,UPI,Android,Organic Search,None,Standard,1,3.1,Medium,Yes
CUST103754,Reyansh Thaker,27,Female,Odisha,Bhubaneswar,29-11-2025,15-08-2026,Home & Kitchen,4,6555.17,1638.79,0,No,1,0.25,19,76,7,3,0.105,UPI,Windows Laptop,Organic Search,Platinum,Standard,0,4,Medium,No
CUST103755,Amara Chacko,22,Male,Tamil Nadu,Madurai,17-05-2024,22-12-2024,Electronics,5,3213.35,642.67,1424.49,Yes,0,0,23,69,7,3,0.087,UPI,Tablet,Organic Search,Silver,Standard,0,3.8,Medium,Yes
CUST103756,Sachi Basu,24,Male,Karnataka,Mysuru,15-05-2026,15-08-2026,Fashion,7,3630.67,518.67,,No,1,0.14,26,156,25,15,0.385,Credit Card,Windows Laptop,Google Ads,Platinum,Standard,0,4.2,Medium,No
CUST103757,Rushil Tiwari,37,Male,Karnataka,Mangaluru,18-06-2026,15-08-2026,Grocery,8,7843.46,980.43,0,No,0,0,23,138,21,10,0.348,Wallet,Windows Laptop,Organic Search,None,Express,0,4.1,Medium,No
CUST103758,Oscar Aggarwal,47,Male,Tamil Nadu,Madurai,03-11-2024,16-10-2025,Electronics,3,2417.11,805.7,0,No,1,0.33,23,46,7,3,0.087,Credit Card,Windows Laptop,Organic Search,Gold,Standard,0,5,Low,No
CUST103759,Anusha Panchal,42,Male,Gujarat,Ahmedabad,25-11-2024,04-08-2026,Beauty & Personal Care,6,4758.43,793.07,0,No,0,0,24,48,8,3,0.042,UPI,Windows Laptop,Direct,None,Standard,0,3.8,Medium,Yes
CUST103760,Harita Shukla,20,Male,Punjab,Ludhiana,25-08-2024,21-02-2025,Books,4,4249.67,1062.42,1439.52,Yes,0,0,18,108,10,4,0.167,UPI,Android,Direct,Silver,Same Day,0,4.1,Medium,Yes
CUST103761,Ubika Chakrabarti,38,Female,Maharashtra,Nashik,13-06-2025,05-12-2025,Grocery,3,4837.47,1612.49,0,No,0,0,23,138,26,9,0.217,UPI,Tablet,Referral,None,Same Day,,3.5,Low,No
CUST103762,Gautam Gopal,26,Male,Kerala,Kozhikode,16-03-2024,05-04-2024,Sports & Fitness,6,7900.73,1316.79,1378.81,Yes,0,0,19,95,19,11,0.474,Debit Card,Windows Laptop,Referral,None,Standard,1,4.3,Medium,No
CUST103763,Quincy Nadkarni,26,Female,Uttar Pradesh,Lucknow,30-05-2024,04-01-2025,Electronics,6,3776.48,629.41,0,No,1,0.17,18,90,13,8,0.278,Net Banking,Windows Laptop,Organic Search,None,Standard,1,4.7,Medium,Yes
CUST103764,Omkaar Anne,27,Male,Tamil Nadu,Madurai,11-09-2025,15-08-2026,Fashion,3,2780.3,926.77,341.86,Yes,0,0,21,126,22,14,0.476,Wallet,Android,Organic Search,Gold,Standard,0,5,Low,No
CUST103765,Kavya Sharma,37,Female,Rajasthan,Jodhpur,26-10-2025,17-02-2026,Books,11,19083.07,1734.82,4607.58,Yes,0,0,23,69,13,5,0.13,UPI,Android,Google Ads,Gold,Standard,0,4.4,High,No
CUST103766,Yatin Morar,39,Female,Tamil Nadu,Chennai,11-11-2024,09-01-2025,Grocery,3,3965.94,1321.98,0,No,0,0,21,105,17,12,0.381,Cash on Delivery,Android,Instagram,None,Standard,1,4.3,Low,Yes
CUST103767,Kevin Mukherjee,30,Female,Uttar Pradesh,Varanasi,06-02-2024,22-05-2025,Beauty & Personal Care,2,1665.76,832.88,0,No,0,0,29,116,16,7,0.103,UPI,Android,Email,None,Standard,1,3.6,Low,Yes
CUST103768,Ladli Mangat,30,Female,Gujarat,Vadodara,24-04-2026,15-08-2026,Grocery,5,8598.18,1719.64,819.1,Yes,0,0,21,84,14,9,0.333,Credit Card,MacBook,Direct,Platinum,Standard,0,2.6,Medium,Yes
CUST103769,Arya Dey,35,Male,Karnataka,Mangaluru,19-10-2025,15-08-2026,Home & Kitchen,3,6291.7,2097.23,0,No,0,0,25,100,21,9,0.28,UPI,iPhone,Email,Silver,Same Day,1,3.7,Low,No
CUST103770,Odika Kara,36,Female,Maharashtra,Mumbai,05-05-2024,10-07-2024,Electronics,4,7538.22,1884.56,1447.97,Yes,0,0,22,44,5,1,0.045,UPI,MacBook,Organic Search,None,Standard,1,3.9,Medium,Yes
CUST103771,Anjali Iyengar,40,Male,Uttar Pradesh,Lucknow,07-03-2026,14-08-2026,Grocery,5,6208.7,1241.74,1844.11,Yes,0,0,14,70,13,7,0.214,UPI,iPhone,Direct,None,Standard,1,4,Medium,No
CUST103772,Chakrika Lad,21,Male,Assam,Dibrugarh,11-09-2025,03-07-2026,Grocery,11,8858.43,805.31,0,No,0,0,30,60,13,7,0.133,UPI,MacBook,Referral,None,Standard,1,3,Medium,No
CUST103773,Aishani Chanda,31,Male,Telangana,Warangal,12-10-2024,26-02-2025,Home & Kitchen,6,6565.33,1094.22,2937.22,Yes,0,0,23,69,12,8,0.174,Debit Card,MacBook,Organic Search,None,Standard,0,3.9,Medium,Yes
CUST103774,Isha Patla,22,Female,Kerala,Thiruvananthapuram,27-08-2024,25-12-2025,Books,6,5071.12,845.19,810.06,Yes,0,0,18,108,13,8,0.167,Wallet,Windows Laptop,Google Ads,Silver,Standard,0,2.6,Medium,Yes
CUST103775,Shivani Garde,31,Male,Bihar,Muzaffarpur,05-06-2026,15-08-2026,Fashion,10,3712.05,371.21,0,No,0,0,29,174,16,10,0.276,UPI,iPhone,Email,None,Standard,0,3.2,Medium,No
CUST103776,Lekha Dugal,29,Female,Jharkhand,Jamshedpur,05-09-2025,15-08-2026,Fashion,4,4891.9,1222.97,299.45,Yes,0,0,29,87,13,8,0.207,Cash on Delivery,Android,Direct,Silver,Same Day,0,4.9,Medium,No
CUST103777,Radha Palan,31,Male,Punjab,Amritsar,07-08-2024,15-01-2026,Books,4,1854.07,463.52,587.05,Yes,0,0,18,90,8,4,0.167,Credit Card,MacBook,Referral,None,Standard,0,5,Medium,Yes
CUST103778,Sarthak Oommen,25,Female,Uttar Pradesh,Noida,07-01-2024,06-06-2025,Sports & Fitness,9,6817.45,757.49,2167.6,Yes,0,0,18,54,7,4,0.111,UPI,Windows Laptop,Instagram,Silver,Express,0,4,Medium,No
CUST103779,Gautam Varghese,19,Female,Bihar,Patna,03-08-2024,07-03-2025,Home & Kitchen,6,4824.42,804.07,0,No,0,0,27,162,20,12,0.222,UPI,Android,Direct,Gold,Standard,0,4.3,Medium,Yes
CUST103780,Aarna Kamdar,18,Male,Assam,Dibrugarh,11-11-2025,15-08-2026,Electronics,4,12715.48,3178.87,0,No,0,0,19,114,16,6,0.158,Credit Card,Windows Laptop,Organic Search,None,Standard,0,4.4,Medium,No
CUST103781,Advika Balay,30,Male,Gujarat,Surat,08-08-2025,15-08-2026,Fashion,5,3929.93,785.99,0,No,0,0,26,78,9,4,0.115,Debit Card,iPhone,Organic Search,Silver,Standard,1,,Medium,Yes
CUST103782,Zansi Grewal,28,Female,Tamil Nadu,Chennai,19-10-2024,08-06-2026,Grocery,8,12768.55,1596.07,0,No,1,0.12,20,40,7,2,0.05,UPI,Android,Instagram,Gold,Express,1,3.5,Medium,No
CUST103783,Logan Sibal,26,Male,West Bengal,Kolkata,22-06-2025,15-08-2026,Home & Kitchen,5,5916.59,1183.32,2183.64,Yes,0,0,11,33,4,2,0.091,Debit Card,MacBook,Referral,Silver,Standard,1,4.2,Medium,No
CUST103784,Kashish Purohit,42,Female,Punjab,Amritsar,27-02-2026,15-08-2026,Sports & Fitness,4,6054.18,1513.54,868.05,Yes,2,0.5,23,46,4,1,0.043,UPI,Android,Organic Search,None,Standard,0,4.3,Medium,No
CUST103785,Ekantika Cheema,24,Female,Madhya Pradesh,Bhopal,28-04-2025,24-07-2025,Mobile Accessories,4,4396.03,1099.01,1784.73,Yes,0,0,21,105,17,12,0.238,Cash on Delivery,Windows Laptop,Instagram,None,Standard,1,4.3,Medium,No
CUST103786,Abhiram Dutt,42,Male,Maharashtra,Nagpur,12-02-2024,05-02-2025,Sports & Fitness,7,4008.37,572.62,1292,Yes,1,0.14,23,138,26,18,0.478,UPI,iPhone,Google Ads,Platinum,Express,2,3.6,Medium,Yes
CUST103787,Vaishnavi Natt,44,Male,Uttar Pradesh,Noida,02-11-2024,13-12-2024,Fashion,5,6135.13,1227.03,955.4,Yes,0,0,18,72,10,6,0.222,Cash on Delivery,Windows Laptop,YouTube,None,Standard,0,3.3,Medium,No
CUST103788,Harish Grover,18,Male,Gujarat,Vadodara,02-04-2024,02-10-2024,Grocery,8,10566.19,1320.77,0,No,0,0,27,108,17,11,0.296,UPI,iPhone,Google Ads,Gold,Standard,0,4,Medium,Yes
CUST103789,Damini Gaba,32,Male,Maharashtra,Pune,05-08-2025,15-08-2026,Fashion,2,2532.46,1266.23,630.53,Yes,1,0.5,24,144,20,13,0.333,Credit Card,Android,Referral,None,Standard,2,3.1,Low,No
CUST103790,Quincy Bains,28,Male,Andhra Pradesh,Vijayawada,25-09-2024,06-05-2025,Electronics,6,6665.86,1110.98,2234.6,Yes,0,0,16,48,5,2,0.062,Cash on Delivery,iPhone,Organic Search,Silver,Express,0,3.5,Medium,No
CUST103791,Tanmayi Saran,18,Male,Karnataka,Mysuru,12-09-2025,15-08-2026,Electronics,7,8362.03,1194.58,1316.67,Yes,0,0,21,126,20,7,0.19,UPI,MacBook,Referral,Platinum,Standard,1,4.4,Medium,Yes
CUST103792,Urvashi Kohli,19,Male,West Bengal,Siliguri,23-11-2025,15-08-2026,Home & Kitchen,7,13773.69,1967.67,0,No,0,0,21,63,11,6,0.143,UPI,Android,Instagram,Silver,Express,1,4.9,Medium,No
CUST103793,Kashvi Nazareth,37,Male,Uttar Pradesh,Kanpur,02-08-2024,12-02-2026,Books,5,9316.34,1863.27,746.36,Yes,0,0,26,78,8,3,0.038,Wallet,Android,Referral,Platinum,Standard,0,4.7,Medium,No
CUST103794,Nandini Mital,47,Female,Kerala,Kozhikode,23-04-2024,08-01-2026,Fashion,5,4359.51,871.9,0,No,0,0,20,120,21,12,0.4,UPI,Android,Instagram,Silver,Standard,0,3.6,Medium,No
CUST103795,Vivaan Tripathi,38,Female,West Bengal,Howrah,03-07-2024,23-05-2025,Fashion,5,6217.6,1243.52,0,No,1,0.2,20,80,16,9,0.2,Net Banking,Windows Laptop,Google Ads,Gold,Same Day,1,3.8,Medium,Yes
CUST103796,Oviya Sandhu,34,Female,Bihar,Gaya,04-05-2024,14-11-2024,Mobile Accessories,11,7576.66,688.79,2225.73,Yes,0,0,19,114,23,15,0.579,Credit Card,Windows Laptop,Organic Search,None,Standard,0,3.8,Medium,No
CUST103797,Nandini Balakrishnan,31,Male,Uttar Pradesh,Noida,14-04-2024,10-07-2025,Electronics,6,11136.94,1856.16,3956.92,Yes,0,0,15,45,4,1,0.067,UPI,Tablet,Direct,None,Standard,2,4.2,Medium,No
CUST103798,Yauvani Ganesan,44,Male,Maharashtra,Nagpur,24-08-2024,28-12-2025,Grocery,5,7286.96,1457.39,2639.28,Yes,0,0,21,105,10,7,0.238,Credit Card,MacBook,Instagram,Silver,Standard,1,3.5,Medium,No
CUST103799,Rushil Dewan,48,Female,Karnataka,Bengaluru,14-10-2025,15-08-2026,Fashion,5,14568.84,2913.77,4537.9,Yes,0,0,17,68,13,6,0.118,Credit Card,Android,Instagram,Silver,Standard,1,4.1,Medium,No
CUST103800,Gauri Bhagat,26,Female,Uttar Pradesh,Lucknow,15-03-2026,15-08-2026,Electronics,5,11915.88,2383.18,3707.25,Yes,2,0.4,26,78,13,9,0.154,UPI,Windows Laptop,Instagram,Gold,Same Day,0,4,Medium,No
CUST103801,Dayamai Dhaliwal,18,Male,Tamil Nadu,Chennai,06-06-2024,04-02-2026,Books,5,8155.6,1631.12,0,No,0,0,15,60,5,2,0.067,Cash on Delivery,Windows Laptop,Instagram,None,Standard,0,4.5,Medium,Yes
CUST103802,Tara Randhawa,18,Male,Jharkhand,Ranchi,18-04-2025,28-06-2025,Electronics,6,30906.74,5151.12,6696.96,Yes,0,0,23,46,6,2,0.043,UPI,Android,YouTube,Gold,Standard,1,3.3,Medium,No
CUST103803,Triveni Acharya,42,Female,Punjab,Chandigarh,19-05-2025,23-11-2025,Beauty & Personal Care,8,13909.88,1738.74,0,No,1,0.12,24,144,26,15,0.375,UPI,Windows Laptop,Organic Search,Silver,Standard,1,3.4,Medium,No
CUST103804,Sai Gera,31,Female,Andhra Pradesh,Visakhapatnam,30-09-2024,05-09-2025,Fashion,7,12042.95,1720.42,0,No,1,0.14,21,126,13,9,0.333,Credit Card,Android,Email,None,Express,0,4.3,Medium,No
CUST103805,Damyanti Buch,32,Male,Delhi,New Delhi,08-06-2026,15-08-2026,Electronics,9,3990.45,443.38,312.9,Yes,0,0,20,80,16,8,0.2,Cash on Delivery,Android,Google Ads,Gold,Express,1,4.2,Medium,No
CUST103806,Warinder Jani,18,Female,Andhra Pradesh,Vijayawada,02-05-2026,15-08-2026,Electronics,5,11590.42,2318.08,2750.16,Yes,1,0.2,21,42,8,3,0.048,Debit Card,Android,Organic Search,Platinum,Standard,1,3.3,Medium,No
CUST103807,Gautam Konda,25,Female,Gujarat,Vadodara,26-04-2024,31-12-2024,Electronics,5,22834.2,4566.84,7817.52,Yes,1,0.2,23,115,18,12,0.348,UPI,Android,Organic Search,Silver,Standard,1,2.8,Medium,Yes
CUST103808,Kavya Ahluwalia,29,Female,Telangana,Hyderabad,04-06-2026,15-08-2026,Electronics,9,16060.25,1784.47,3648.01,Yes,1,0.11,24,120,22,12,0.25,Credit Card,Android,Google Ads,Silver,Standard,1,4.5,High,No
CUST103809,Nathaniel Padmanabhan,33,Female,West Bengal,Kolkata,27-07-2025,12-02-2026,Grocery,2,3976.5,1988.25,0,No,1,0.5,26,130,13,7,0.192,Debit Card,Windows Laptop,Google Ads,Silver,Standard,1,4.2,Low,Yes
CUST103810,Urishilla Ramesh,28,Male,West Bengal,Kolkata,19-06-2025,26-03-2026,Home & Kitchen,2,5429.13,2714.56,2100.43,Yes,0,0,13,52,5,2,0.077,UPI,Windows Laptop,Email,Silver,Standard,0,3.9,Low,No
CUST103811,Urmi Puri,23,Female,Odisha,Cuttack,29-02-2024,06-02-2025,Fashion,16,53162.29,3322.64,16407.63,Yes,0,0,21,63,11,4,0.095,Debit Card,Android,Direct,Silver,Standard,1,4.5,High,Yes
CUST103812,Xavier Char,25,Female,Gujarat,Vadodara,04-02-2025,18-02-2026,Home & Kitchen,6,11947.6,1991.27,1207.17,Yes,0,0,24,144,20,11,0.25,UPI,Android,Referral,Silver,Standard,1,3.5,Medium,No
CUST103813,Kabir Nadkarni,41,Female,Delhi,Delhi,23-05-2026,30-06-2026,Books,5,2534.43,506.89,677.14,Yes,0,0,27,54,5,2,0.037,Wallet,Android,Email,Gold,Standard,1,4.4,Medium,No
CUST103814,Mugdha Narain,33,Female,Uttar Pradesh,Noida,07-04-2026,15-08-2026,Books,7,8873.29,1267.61,0,No,0,0,23,46,5,2,0.043,Credit Card,Android,Organic Search,None,Express,1,4.8,Medium,No
CUST103815,Panini Ramesh,36,Female,Delhi,Delhi,15-02-2026,15-08-2026,Grocery,9,20738.06,2304.23,2752.63,Yes,0,0,16,80,13,9,0.375,Cash on Delivery,Tablet,Organic Search,None,Standard,1,4.4,High,No
CUST103816,Idika Suresh,24,Male,Uttar Pradesh,Lucknow,28-06-2024,24-01-2025,Books,6,13412.54,2235.42,4146.99,Yes,0,0,21,105,9,3,0.095,UPI,Windows Laptop,Email,Silver,Standard,0,3.2,Medium,No
CUST103817,Tristan Gokhale,18,Male,Telangana,Hyderabad,19-08-2024,06-05-2026,Fashion,5,7057.68,1411.54,1444.01,Yes,1,0.2,14,28,2,1,0.071,Debit Card,Android,Instagram,Gold,Express,1,4.7,Medium,No
CUST103818,Jyoti Pathak,27,Female,Punjab,Chandigarh,20-04-2025,15-08-2026,Home & Kitchen,4,3675.06,918.76,0,No,0,0,23,138,14,10,0.304,UPI,Android,Direct,None,Express,3,3.3,Medium,Yes
CUST103819,Yachana Agarwal,24,Male,Punjab,Amritsar,16-10-2025,15-08-2026,Beauty & Personal Care,3,3631.81,1210.6,0,No,0,0,16,32,6,2,0.062,UPI,Windows Laptop,Email,None,Express,1,3.9,Low,No
CUST103820,Faras Karpe,34,Male,Rajasthan,Jodhpur,24-04-2026,15-08-2026,Beauty & Personal Care,2,2788.09,1394.04,0,No,0,0,19,95,19,6,0.158,UPI,iPhone,Google Ads,None,Standard,0,,Low,No
CUST103821,Xalak Guha,57,Male,Telangana,Hyderabad,01-09-2024,09-06-2026,Home & Kitchen,3,4057.85,1352.62,771.56,Yes,0,0,24,120,13,6,0.125,Debit Card,Windows Laptop,Google Ads,None,Standard,1,4.6,Low,No
CUST103822,Siddharth Mittal,37,Female,Telangana,Hyderabad,15-08-2025,16-07-2026,Home & Kitchen,5,8998.72,1799.74,1421.23,Yes,2,0.4,21,84,13,5,0.143,Credit Card,MacBook,Direct,None,Standard,0,4.1,Medium,Yes
CUST103823,Girik Nori,53,Male,Madhya Pradesh,Indore,29-09-2025,15-08-2026,Mobile Accessories,8,12840.21,1605.03,1412.28,Yes,0,0,26,130,16,10,0.154,UPI,MacBook,Instagram,Gold,Same Day,4,5,Medium,No
CUST103824,Pranit Sandal,36,Female,Tamil Nadu,Madurai,10-10-2025,15-08-2026,Sports & Fitness,5,5208.07,1041.61,1927.44,Yes,0,0,16,64,5,2,0.062,UPI,Android,Instagram,Silver,Express,,3.3,Medium,No
CUST103825,Bhavani Mukhopadhyay,26,Male,Karnataka,Bengaluru,21-07-2025,23-02-2026,Home & Kitchen,7,5527.86,789.69,0,No,0,0,28,168,17,11,0.214,Debit Card,iPhone,Instagram,Silver,Standard,0,5,Medium,No
CUST103826,Vasana Banerjee,34,Male,Maharashtra,Nashik,31-07-2024,12-11-2024,Grocery,6,9678.62,1613.1,2858.13,Yes,1,0.17,10,50,4,2,0.1,Debit Card,Windows Laptop,Referral,Gold,Standard,0,2.9,Medium,Yes
CUST103827,Oviya Gola,45,Male,Gujarat,Vadodara,28-08-2025,07-03-2026,Fashion,2,2138.75,1069.38,0,No,1,0.5,19,95,20,13,0.474,UPI,Android,Google Ads,None,Standard,0,4.1,Low,No
CUST103828,Mitali Varughese,46,Male,Rajasthan,Jaipur,13-06-2026,15-08-2026,Electronics,2,5666.13,2833.06,1514,Yes,0,0,18,36,6,3,0.056,Debit Card,Android,Instagram,Gold,Express,1,3,Low,Yes
CUST103829,Udyati Butala,26,Female,Punjab,Amritsar,03-04-2025,19-05-2025,Fashion,7,16588.75,2369.82,0,No,0,0,31,155,15,9,0.161,Net Banking,MacBook,Instagram,None,Standard,0,4.3,Medium,Yes
CUST103830,Harrison Ravel,33,Female,Delhi,Delhi,14-03-2026,15-08-2026,Home & Kitchen,4,5538.59,1384.65,2028.64,Yes,0,0,25,150,27,14,0.44,UPI,MacBook,Email,None,Express,1,,Medium,No
CUST103831,Naveen Nagar,20,Female,Telangana,Warangal,07-05-2024,30-07-2024,Electronics,8,6001.73,750.22,1346.2,Yes,1,0.12,20,60,9,4,0.1,Debit Card,Windows Laptop,Instagram,Gold,Standard,0,4.4,Medium,No
CUST103832,Yashica Rajagopalan,38,Male,Madhya Pradesh,Indore,04-08-2024,28-10-2024,Sports & Fitness,4,2736.08,684.02,753.88,Yes,2,0.5,26,52,5,2,0.038,Cash on Delivery,MacBook,Email,Gold,Standard,0,3.7,Medium,No
CUST103833,Advay Sunder,43,Female,Punjab,Amritsar,11-12-2025,15-08-2026,Fashion,7,10124.24,1446.32,0,No,2,0.29,28,168,25,16,0.464,Credit Card,Windows Laptop,YouTube,None,Express,1,2.9,Medium,No
CUST103834,Pahal Bhagat,31,Male,Telangana,Hyderabad,20-01-2024,10-07-2024,Beauty & Personal Care,3,3913.43,1304.48,961.57,Yes,1,0.33,27,108,17,8,0.185,UPI,Android,YouTube,Silver,Express,0,5,Low,Yes
CUST103835,Pavani Kuruvilla,26,Male,Gujarat,Vadodara,20-07-2025,15-08-2026,Electronics,4,2419.45,604.86,444.88,Yes,0,0,25,50,6,2,0.04,UPI,iPhone,YouTube,Silver,Standard,1,4.6,Medium,Yes
CUST103836,Shravya Thakkar,34,Female,Tamil Nadu,Coimbatore,27-01-2026,15-08-2026,Electronics,4,7732.57,1933.14,2636.48,Yes,0,0,16,80,17,11,0.375,Debit Card,Windows Laptop,Google Ads,None,Standard,0,4.5,Medium,No
CUST103837,Urvashi Nayak,34,Female,Jharkhand,Ranchi,01-02-2026,22-03-2026,Books,5,7401.23,1480.25,765.29,Yes,0,0,20,40,3,1,0.05,Credit Card,MacBook,YouTube,None,Standard,0,5,Medium,No
CUST103838,Isaac Gola,32,Male,Maharashtra,Pune,29-02-2024,07-07-2025,Beauty & Personal Care,2,678.35,339.18,281.85,Yes,1,0.5,23,92,8,4,0.043,UPI,Windows Laptop,Organic Search,None,Standard,0,3.8,Low,Yes
CUST103839,Leela Buch,32,Male,Jharkhand,Jamshedpur,05-11-2025,15-08-2026,Mobile Accessories,8,6531.15,816.39,2718.39,Yes,0,0,18,54,10,3,0.056,UPI,iPhone,Google Ads,Silver,Standard,0,4.9,Medium,No
CUST103840,Abhimanyu Nazareth,30,Female,Odisha,Bhubaneswar,14-12-2025,15-08-2026,Mobile Accessories,4,3442.04,860.51,969.84,Yes,0,0,24,120,13,6,0.125,Credit Card,MacBook,Direct,Silver,Same Day,0,3.4,Medium,No
CUST103841,Rudra Varma,39,Male,Uttar Pradesh,Lucknow,08-01-2026,15-08-2026,Fashion,7,5474.25,782.04,611.57,Yes,0,0,18,108,10,6,0.222,Credit Card,Windows Laptop,Google Ads,Silver,Standard,0,4.1,Medium,No
CUST103842,Radhika Bava,37,Female,West Bengal,Howrah,08-05-2024,15-07-2025,Fashion,5,6926.19,1385.24,1598.82,Yes,0,0,20,60,8,4,0.1,Wallet,MacBook,Google Ads,None,Standard,0,3,Medium,No
CUST103843,Baghyawati Baral,23,Other,Rajasthan,Jodhpur,10-07-2025,15-08-2026,Sports & Fitness,4,16010.94,4002.74,3511.55,Yes,1,0.25,30,120,12,4,0.067,UPI,MacBook,Direct,None,Express,2,5,Medium,No
CUST103844,Vrishti Sharma,23,Female,Gujarat,Surat,15-07-2024,01-08-2025,Mobile Accessories,6,10255.08,1709.18,1736.45,Yes,0,0,14,42,6,3,0.071,UPI,Android,Google Ads,None,Standard,1,3.9,Medium,Yes
CUST103845,Chandresh Pingle,29,Male,Karnataka,Mysuru,06-05-2025,13-12-2025,Beauty & Personal Care,8,15092.77,1886.6,1811.74,Yes,1,0.12,19,114,20,14,0.421,Wallet,Android,YouTube,Silver,Express,0,3.6,High,No
CUST103846,Pavani Nazareth,37,Female,Bihar,Gaya,08-11-2025,15-08-2026,Sports & Fitness,4,3303.11,825.78,0,No,1,0.25,18,108,20,8,0.333,UPI,Windows Laptop,Direct,None,Standard,2,5,Medium,No
CUST103847,Arjun Loke,32,Male,Andhra Pradesh,Vijayawada,18-05-2025,11-08-2026,Grocery,7,12989.74,1855.68,0,No,0,0,22,44,5,3,0.045,Cash on Delivery,MacBook,Direct,Platinum,Standard,1,4.6,Medium,No
CUST103848,Chaaya Parikh,26,Male,Uttar Pradesh,Lucknow,03-09-2024,18-04-2026,Fashion,5,6488.45,1297.69,2104.09,Yes,1,0.2,22,66,11,6,0.182,Cash on Delivery,MacBook,Instagram,None,Standard,0,3.6,Medium,Yes
CUST103849,Anay Sekhon,33,Female,Kerala,Kozhikode,07-01-2026,15-08-2026,Beauty & Personal Care,5,5928.21,1185.64,0,No,1,0.2,21,42,9,4,0.095,UPI,MacBook,YouTube,None,Express,2,3.7,Medium,No
CUST103850,Chameli Banik,28,Male,West Bengal,Durgapur,02-03-2026,15-08-2026,Sports & Fitness,3,2974.59,991.53,0,No,0,0,19,95,7,5,0.105,UPI,MacBook,Instagram,None,Express,2,4.2,Low,No
CUST103851,Ishanvi Bansal,38,Male,Gujarat,Ahmedabad,16-09-2024,14-01-2025,Grocery,3,1678.64,559.55,220.92,Yes,0,0,22,88,15,9,0.182,Net Banking,Android,Referral,Silver,Standard,0,5,Low,No
CUST103852,Yuvraj Gill,34,Female,Maharashtra,Nashik,12-12-2024,13-01-2025,Electronics,5,12329.29,2465.86,1193.64,Yes,1,0.2,20,100,14,6,0.15,Debit Card,MacBook,Referral,Silver,Express,0,3.5,Medium,No
CUST103853,Girindra Date,28,Female,Uttar Pradesh,Kanpur,15-07-2024,06-12-2025,Fashion,8,11994.55,1499.32,5104.85,Yes,1,0.12,14,84,11,4,0.071,Cash on Delivery,Windows Laptop,Google Ads,None,Standard,0,4.6,Medium,Yes
CUST103854,Wakeeta Sankar,33,Male,Jharkhand,Ranchi,16-04-2024,15-01-2025,Electronics,2,2319.97,1159.98,470.35,Yes,1,0.5,18,108,11,7,0.222,Cash on Delivery,Windows Laptop,Organic Search,Silver,Standard,0,,Low,Yes
CUST103855,Hemani Shanker,42,Male,Bihar,Muzaffarpur,19-02-2026,15-08-2026,Fashion,7,26060.29,3722.9,0,No,0,0,22,132,12,7,0.227,Credit Card,Android,YouTube,Silver,Standard,2,,Medium,No
CUST103856,Tara Baria,26,Male,Maharashtra,Pune,13-01-2026,15-08-2026,Books,4,3111.19,777.8,1262.44,Yes,0,0,16,96,20,7,0.312,UPI,iPhone,Organic Search,Gold,Standard,0,3.9,Medium,No
CUST103857,Eta Pradhan,34,Male,Telangana,Warangal,04-09-2025,15-08-2026,Electronics,8,17764.63,2220.58,0,No,1,0.12,21,63,5,2,0.048,Credit Card,Android,YouTube,Gold,Standard,1,4,High,No
CUST103858,Manan Chaudhuri,30,Female,Uttar Pradesh,Varanasi,08-06-2024,02-10-2024,Fashion,4,15571.73,3892.93,2521.19,Yes,0,0,21,63,9,4,0.143,UPI,Android,Email,None,Standard,1,3,Medium,Yes
CUST103859,Yauvani Brar,34,Female,Gujarat,Surat,25-02-2025,15-08-2026,Fashion,3,4249.91,1416.64,0,No,0,0,18,108,11,7,0.278,UPI,Windows Laptop,YouTube,Gold,Standard,2,4,Low,No
CUST103860,Chasmum Sami,26,Female,Punjab,Ludhiana,29-08-2025,11-03-2026,Beauty & Personal Care,6,4528.98,754.83,728.89,Yes,1,0.17,11,55,5,2,0.091,UPI,Tablet,Google Ads,None,Standard,1,5,Medium,No
CUST103861,Anthony Gour,32,Male,Punjab,Ludhiana,25-07-2024,31-12-2025,Beauty & Personal Care,5,11993.47,2398.69,2640.17,Yes,0,0,19,76,9,4,0.105,Credit Card,iPhone,Instagram,Silver,Express,3,3.3,Medium,Yes
CUST103862,Fariq Sant,40,Male,Uttar Pradesh,Kanpur,08-11-2024,14-03-2026,Fashion,7,8033.91,1147.7,0,No,0,0,19,76,9,3,0.053,UPI,iPhone,Google Ads,None,Standard,,3.9,Medium,No
CUST103863,Rehaan Lal,24,Male,Telangana,Warangal,07-03-2025,25-04-2026,Electronics,5,4151.47,830.29,0,No,0,0,25,125,18,7,0.16,Credit Card,Tablet,Organic Search,None,Standard,0,4.1,Medium,No
CUST103864,Yoshita Zacharia,20,Male,Delhi,New Delhi,22-08-2024,21-08-2025,Fashion,8,6627.73,828.47,0,No,0,0,19,95,14,9,0.263,UPI,Windows Laptop,Google Ads,Silver,Standard,0,4.8,Medium,No
CUST103865,Chandran Prasad,21,Male,Maharashtra,Nagpur,22-11-2024,09-07-2025,Home & Kitchen,8,23122.21,2890.28,3919.18,Yes,0,0,17,85,12,6,0.235,UPI,Android,Instagram,Silver,Express,1,4.1,High,No
CUST103866,Tanveer Sarkar,22,Male,Telangana,Hyderabad,23-04-2025,25-05-2026,Fashion,7,7442.41,1063.2,2154.15,Yes,0,0,17,68,6,3,0.118,UPI,Android,Google Ads,Platinum,Standard,3,,Medium,Yes
CUST103867,Quincy Malhotra,36,Male,Gujarat,Vadodara,03-03-2025,19-07-2025,Mobile Accessories,2,1803.27,901.64,219.47,Yes,0,0,25,100,10,4,0.08,UPI,Tablet,Organic Search,None,Express,0,3.5,Low,Yes
CUST103868,Mohini Golla,20,Female,Odisha,Cuttack,27-10-2025,15-08-2026,Home & Kitchen,4,12099.57,3024.89,0,No,0,0,25,150,18,13,0.32,Wallet,iPhone,Organic Search,Silver,Standard,0,4.1,Medium,Yes
CUST103869,Anjali Ahluwalia,29,Female,Bihar,Muzaffarpur,09-04-2024,17-03-2025,Electronics,3,1894.62,631.54,284.94,Yes,0,0,24,144,13,6,0.125,UPI,Windows Laptop,Organic Search,Silver,Standard,1,4.1,Low,Yes
CUST103870,Sarthak Bahl,36,Female,West Bengal,Howrah,25-08-2024,27-03-2026,Grocery,9,12801.7,1422.41,1653.93,Yes,1,0.11,20,100,19,10,0.25,Debit Card,iPhone,Instagram,Silver,Standard,0,3.7,Medium,No
CUST103871,Kai Maharaj,34,Male,Telangana,Warangal,16-04-2024,06-08-2024,Fashion,6,5841.12,973.52,0,No,0,0,21,63,5,3,0.095,UPI,Windows Laptop,Organic Search,None,Standard,2,4.1,Medium,Yes
CUST103872,Turvi Nadkarni,28,Female,Karnataka,Bengaluru,07-05-2026,15-08-2026,Grocery,6,11515.48,1919.25,3832.92,Yes,1,0.17,20,60,6,3,0.1,Cash on Delivery,MacBook,Instagram,Gold,Standard,2,3.6,Medium,No
CUST103873,Timothy Kar,33,Female,Karnataka,Mysuru,29-12-2024,11-02-2025,Fashion,3,3279.38,1093.13,,Yes,0,0,23,46,7,3,0.043,Debit Card,Tablet,Organic Search,Platinum,Standard,0,4.6,Low,Yes
CUST103874,Ekta Kant,32,Male,Punjab,Amritsar,03-10-2025,30-12-2025,Beauty & Personal Care,5,3536.46,707.29,0,No,1,0.2,20,80,16,9,0.3,Cash on Delivery,Android,Direct,Gold,Standard,1,,Medium,Yes
CUST103875,Bhavna Sharma,29,Female,West Bengal,Howrah,21-03-2026,15-08-2026,Grocery,5,6541.08,1308.22,0,No,0,0,25,75,7,3,0.08,UPI,iPhone,Direct,Silver,Same Day,1,3,Medium,No
CUST103876,Falguni Ramachandran,29,Female,Gujarat,Surat,07-05-2025,13-08-2025,Books,9,9230.69,1025.63,657.85,Yes,1,0.11,19,38,5,2,0.053,UPI,MacBook,Google Ads,Silver,Standard,0,3.4,Medium,No
CUST103877,Advik Oza,49,Female,Karnataka,Bengaluru,12-02-2024,03-10-2025,Fashion,5,11150.26,2230.05,0,No,0,0,21,84,10,6,0.19,UPI,Android,Email,Gold,Express,0,4.1,Medium,No
CUST103878,Ekaja Pal,37,Male,Haryana,Gurugram,28-07-2025,28-05-2026,Fashion,7,10741.36,1534.48,2099.14,Yes,2,0.29,24,120,17,12,0.375,Debit Card,Android,Direct,Silver,Standard,0,4.4,Medium,No
CUST103879,Max Shere,51,Male,Uttar Pradesh,Varanasi,13-03-2024,20-06-2024,Home & Kitchen,5,23985.3,4797.06,3187.66,Yes,0,0,20,100,14,8,0.3,Debit Card,Tablet,Email,None,Standard,1,3.6,Medium,Yes
CUST103880,Shivansh Walia,27,Female,Delhi,Delhi,28-11-2025,15-08-2026,Books,2,1714,857,164.27,Yes,0,0,20,120,19,11,0.3,Wallet,Windows Laptop,YouTube,Gold,Standard,0,4.5,Low,No
CUST103881,Madhavi Kumer,30,Male,Rajasthan,Jaipur,20-09-2025,15-08-2026,Books,5,11576.84,2315.37,0,No,1,0.2,18,36,3,1,0.056,Net Banking,iPhone,Instagram,Silver,Standard,0,2.2,Medium,No
CUST103882,Bachittar Brar,20,Female,Kerala,Kochi,30-10-2024,08-02-2026,Electronics,3,3835.24,1278.41,0,No,0,0,23,46,9,4,0.087,Wallet,Windows Laptop,Google Ads,None,Express,3,3.8,Low,Yes
CUST103883,Hemani Chacko,25,Female,Jharkhand,Ranchi,05-01-2024,21-11-2024,Electronics,6,7189.45,1198.24,2968.92,Yes,0,0,26,52,4,1,0.038,Credit Card,Android,Organic Search,Silver,Standard,1,3.7,Medium,Yes
CUST103884,Kala Modi,46,Male,Delhi,New Delhi,10-08-2025,24-02-2026,Home & Kitchen,8,13439.58,1679.95,0,No,0,0,16,32,5,1,0.062,UPI,iPhone,Direct,None,Express,0,4.3,Medium,No
CUST103885,Divya Seth,27,Female,Haryana,Faridabad,13-03-2026,15-08-2026,Electronics,6,4303.99,717.33,634.88,Yes,0,0,22,132,25,17,0.409,Wallet,Windows Laptop,Organic Search,None,Standard,1,4.8,Medium,No
CUST103886,Ayushman Dugal,46,Female,Jharkhand,Jamshedpur,14-12-2024,04-12-2025,Fashion,5,15172.3,3034.46,0,No,0,0,21,126,12,8,0.19,Net Banking,Windows Laptop,Organic Search,None,Standard,,5,Medium,No
CUST103887,Indira Sankar,21,Male,Assam,Guwahati,03-02-2025,02-10-2025,Electronics,7,12883.55,1840.51,3594.15,Yes,1,0.14,23,115,20,13,0.435,Credit Card,Android,Instagram,None,Same Day,0,4,Medium,Yes
CUST103888,Arin Mander,23,Male,Bihar,Muzaffarpur,17-08-2025,22-05-2026,Beauty & Personal Care,7,15200.84,2171.55,0,No,1,0.14,16,80,8,3,0.125,Credit Card,Tablet,Organic Search,None,Express,0,,Medium,No
CUST103889,Wahab Prashad,28,Female,Bihar,Muzaffarpur,08-03-2025,15-06-2026,Mobile Accessories,11,26872.57,2442.96,7249.79,Yes,1,0.09,24,72,7,4,0.083,UPI,Windows Laptop,Referral,None,Express,0,4.2,High,No
CUST103890,Kritika Dasgupta,30,Female,Gujarat,Vadodara,25-07-2025,16-04-2026,Mobile Accessories,6,11722.9,1953.82,0,No,0,0,20,40,3,1,0.05,UPI,Windows Laptop,Organic Search,None,Standard,0,3.9,Medium,No
CUST103891,Meghana Kamdar,38,Male,Kerala,Thiruvananthapuram,16-04-2024,12-06-2025,Fashion,4,7504.36,1876.09,2587.33,Yes,0,0,20,40,5,2,0.05,Cash on Delivery,iPhone,Direct,None,Standard,1,4.4,Medium,Yes
CUST103892,Indrajit Mann,35,Male,Uttar Pradesh,Lucknow,26-04-2024,27-10-2024,Beauty & Personal Care,9,24433.6,2714.84,1981.96,Yes,1,0.11,21,42,8,5,0.095,Wallet,Android,Direct,Gold,Standard,1,4.4,High,No
CUST103893,Nathan Rattan,28,Female,Odisha,Bhubaneswar,29-03-2026,15-08-2026,Sports & Fitness,6,9113.85,1518.98,0,No,0,0,21,126,22,8,0.19,Credit Card,iPhone,Referral,Platinum,Standard,1,3.7,Medium,No
CUST103894,Indira Kalla,30,Female,Gujarat,Ahmedabad,17-01-2025,12-06-2025,Electronics,7,9067.39,1295.34,0,No,0,0,16,32,5,2,0.062,UPI,Android,YouTube,Silver,Express,1,3.2,Medium,Yes
CUST103895,Arya Nagarajan,28,Male,Kerala,Thiruvananthapuram,08-05-2026,15-08-2026,Grocery,3,4378.25,1459.42,0,No,1,0.33,16,32,6,2,0.062,Cash on Delivery,Android,YouTube,Silver,Standard,1,4.5,Low,No
CUST103896,Hitesh Nadkarni,24,Female,Punjab,Amritsar,22-03-2024,21-05-2024,Home & Kitchen,6,7644.63,1274.1,2536.98,Yes,0,0,17,85,16,8,0.294,Cash on Delivery,MacBook,Organic Search,Platinum,Standard,0,4.9,Medium,Yes
CUST103897,Umang Raval,24,Male,Maharashtra,Nashik,06-04-2026,15-08-2026,Fashion,5,10423.02,2084.6,1264.32,Yes,0,0,19,57,9,5,0.158,Debit Card,iPhone,Google Ads,Gold,Express,2,4.5,Medium,No
CUST103898,Ucchal Mangat,39,Male,Punjab,Chandigarh,11-04-2026,02-08-2026,Home & Kitchen,8,28668.3,3583.54,,No,0,0,26,156,19,8,0.192,Credit Card,Android,YouTube,Silver,Standard,1,4.5,High,No
CUST103899,Naksh Goel,18,Female,Uttar Pradesh,Kanpur,22-05-2026,12-07-2026,Electronics,5,4123.31,824.66,589.97,Yes,0,0,21,126,25,9,0.238,Net Banking,Android,Organic Search,None,Express,1,4.2,Medium,No
CUST103900,Bhavya Aggarwal,44,Male,Punjab,Ludhiana,14-10-2025,15-08-2026,Grocery,2,2712.9,1356.45,0,No,0,0,18,72,9,4,0.167,Debit Card,Android,Organic Search,Gold,Standard,2,4.8,Low,Yes
CUST103901,Ucchal Gera,28,Female,Gujarat,Surat,03-01-2026,02-04-2026,Fashion,4,3360.98,840.24,868,Yes,0,0,11,22,2,1,0.091,UPI,Android,Instagram,None,Express,2,3.3,Medium,Yes
CUST103902,Leela Sahota,25,Male,Telangana,Warangal,13-02-2025,26-04-2025,Fashion,7,8337.68,1191.1,0,No,0,0,23,46,7,3,0.087,Wallet,Android,Google Ads,Gold,Same Day,1,4.4,Medium,No
CUST103903,Nirja Gulati,37,Female,Assam,Guwahati,10-03-2024,12-04-2024,Electronics,3,3735.02,1245.01,654.96,Yes,0,0,18,36,3,1,0.056,Debit Card,Android,Organic Search,None,Express,,3.5,Low,Yes
CUST103904,Udarsh Devi,43,Male,Delhi,New Delhi,21-01-2025,13-03-2026,Sports & Fitness,3,3182.95,1060.98,1387.07,Yes,0,0,24,72,7,3,0.083,Credit Card,Android,Email,Silver,Standard,1,3.1,Low,No
CUST103905,Nilima Bajaj,40,Male,Punjab,Chandigarh,07-06-2025,26-12-2025,Home & Kitchen,6,12413.32,2068.89,0,No,0,0,20,40,7,2,0.05,UPI,Android,Referral,None,Standard,0,4.9,Medium,No
CUST103906,Zaid Ganesan,35,Female,Rajasthan,Udaipur,23-10-2024,25-03-2025,Beauty & Personal Care,7,12442.69,1777.53,0,No,1,0.14,18,108,14,7,0.222,UPI,MacBook,YouTube,Gold,Standard,0,3.6,Medium,Yes
CUST103907,Gavin Prabhakar,40,Male,Rajasthan,Udaipur,08-09-2025,12-02-2026,Beauty & Personal Care,2,1752.41,876.2,0,No,0,0,21,105,15,6,0.143,Wallet,Windows Laptop,Direct,Platinum,Standard,0,4.4,Low,Yes
CUST103908,Lopa Vaidya,18,Female,Tamil Nadu,Chennai,19-12-2025,20-04-2026,Home & Kitchen,4,9497.19,2374.3,1254.62,Yes,0,0,17,85,13,4,0.176,Cash on Delivery,MacBook,Referral,Silver,Standard,0,4.7,Medium,Yes
CUST103909,Neel Shankar,27,Male,Uttar Pradesh,Lucknow,05-03-2024,26-10-2024,Fashion,4,5125.87,1281.47,0,No,0,0,23,92,13,6,0.087,UPI,Android,Referral,Silver,Standard,1,4.2,Medium,Yes
CUST103910,Wriddhish Gill,24,Female,Tamil Nadu,Madurai,28-07-2025,03-01-2026,Grocery,5,4316.07,863.21,0,No,0,0,22,66,7,4,0.091,Cash on Delivery,Windows Laptop,Google Ads,None,Standard,0,3.5,Medium,No
CUST103911,Ryan Naidu,41,Female,West Bengal,Durgapur,26-06-2024,02-12-2025,Electronics,12,7646.93,637.24,0,No,1,0.08,21,63,13,8,0.19,UPI,MacBook,Referral,Silver,Standard,0,5,Medium,No
CUST103912,Chaaya Bhattacharyya,28,Female,Tamil Nadu,Coimbatore,08-01-2024,01-02-2025,Electronics,7,3718.95,531.28,0,No,0,0,19,38,6,4,0.158,UPI,Tablet,Instagram,Gold,Standard,0,3,Medium,Yes
CUST103913,Samuel Shenoy,38,Female,West Bengal,Siliguri,07-06-2024,26-06-2024,Grocery,5,5718.1,1143.62,2188.95,Yes,0,0,28,112,19,9,0.25,Credit Card,Android,YouTube,Gold,Standard,0,4.2,Medium,No
CUST103914,Yash Sawhney,35,Female,Andhra Pradesh,Visakhapatnam,11-01-2024,16-02-2025,Fashion,6,8017.4,1336.23,0,No,0,0,25,125,24,16,0.4,Net Banking,Android,Organic Search,Platinum,Standard,0,5,Medium,Yes
CUST103915,Peter Shenoy,24,Female,Andhra Pradesh,Vijayawada,23-02-2026,15-08-2026,Fashion,8,19963.34,2495.42,0,No,0,0,19,38,6,4,0.105,UPI,Android,Referral,Gold,Express,1,5,High,No
CUST103916,Garima Dutta,26,Male,Telangana,Hyderabad,14-02-2025,15-08-2026,Home & Kitchen,4,1755.7,438.92,461.16,Yes,0,0,25,75,7,5,0.08,UPI,Android,Referral,Silver,Standard,1,3.6,Medium,No
CUST103917,Turvi Boase,41,Female,Kerala,Thiruvananthapuram,10-06-2026,15-08-2026,Home & Kitchen,7,21911.5,3130.21,0,No,2,0.29,16,32,4,1,0.062,Cash on Delivery,Android,Organic Search,Gold,Express,0,5,Medium,Yes
CUST103918,Bachittar Ray,25,Male,Telangana,Hyderabad,29-08-2025,15-08-2026,Grocery,1,994.37,994.37,403.59,Yes,0,0,17,85,11,7,0.294,Wallet,Android,Organic Search,None,Standard,1,3.4,Low,No
CUST103919,Lekha Bobal,32,Male,Odisha,Cuttack,03-06-2024,08-08-2025,Beauty & Personal Care,6,7581.66,1263.61,863.3,Yes,0,0,17,68,11,5,0.118,Cash on Delivery,Windows Laptop,Direct,Gold,Standard,0,3.6,Medium,No
CUST103920,Abha Yogi,25,Male,Madhya Pradesh,Bhopal,24-07-2024,29-12-2025,Beauty & Personal Care,4,3772.68,943.17,890.23,Yes,1,0.25,24,144,25,13,0.292,Cash on Delivery,Windows Laptop,YouTube,Gold,Standard,0,4.5,Medium,No
CUST103921,Arjun Sarna,28,Female,Jharkhand,Jamshedpur,24-04-2024,10-01-2026,Grocery,4,3415.05,853.76,0,No,1,0.25,19,38,6,3,0.053,Credit Card,iPhone,Organic Search,None,Standard,0,3.4,Medium,No
CUST103922,Darpan Master,31,Female,Gujarat,Ahmedabad,13-01-2025,17-02-2025,Fashion,5,6151.83,1230.37,1360.08,Yes,1,0.2,19,57,7,4,0.105,UPI,Windows Laptop,Organic Search,Gold,Standard,1,3.6,Medium,Yes
CUST103923,Balveer Patla,25,Female,Madhya Pradesh,Indore,21-08-2025,15-08-2026,Fashion,7,9772.82,1396.12,1204.2,Yes,0,0,18,72,14,9,0.222,UPI,Windows Laptop,Instagram,Gold,Standard,1,3.9,Medium,No
CUST103924,Yasti Sarraf,23,Male,Delhi,New Delhi,03-04-2026,15-08-2026,Home & Kitchen,4,5639.35,1409.84,772.44,Yes,0,0,23,46,7,5,0.13,UPI,Windows Laptop,Direct,Gold,Express,0,4.3,Medium,No
CUST103925,Jeet Chawla,33,Male,Andhra Pradesh,Vijayawada,09-12-2025,08-07-2026,Fashion,8,22098.52,2762.32,7909.93,Yes,0,0,26,78,15,9,0.231,Credit Card,Tablet,Instagram,Gold,Standard,0,4,High,No
CUST103926,Adweta Choudhury,24,Female,West Bengal,Kolkata,15-12-2024,09-12-2025,Mobile Accessories,5,4679.77,935.95,1129.46,Yes,1,0.2,24,72,15,6,0.167,Wallet,iPhone,Organic Search,None,Standard,2,3.9,Medium,No
CUST103927,Jeevika Sachar,25,Male,Uttar Pradesh,Kanpur,07-04-2024,17-03-2025,Sports & Fitness,3,11764.68,3921.56,3007.74,Yes,2,0.67,18,72,10,5,0.167,Debit Card,Windows Laptop,Email,Silver,Express,0,3.4,Medium,No
CUST103928,Lucky Kibe,23,Male,Bihar,Muzaffarpur,19-01-2024,14-02-2025,Electronics,7,13355.34,1907.91,0,No,2,0.29,26,78,9,4,0.077,Net Banking,Windows Laptop,Instagram,Gold,Standard,1,2.7,Medium,Yes
CUST103929,Shivansh Lalla,30,Male,Odisha,Bhubaneswar,08-11-2024,21-06-2025,Electronics,5,2944.14,588.83,429.82,Yes,1,0.2,24,72,9,6,0.167,UPI,MacBook,Referral,Gold,Standard,0,3.3,Medium,Yes
CUST103930,Forum Borah,39,Female,Maharashtra,Nagpur,11-06-2025,02-12-2025,Electronics,5,3953.52,790.7,718.39,Yes,0,0,17,85,7,3,0.118,UPI,iPhone,Organic Search,Gold,Standard,3,5,Medium,Yes
CUST103931,Vyanjana Konda,43,Male,Jharkhand,Ranchi,10-07-2025,15-08-2026,Fashion,8,6791.57,848.95,1177.97,Yes,0,0,21,126,16,11,0.381,Debit Card,MacBook,Referral,None,Standard,0,4.3,Medium,No
CUST103932,Hema Merchant,25,Male,Karnataka,Mysuru,28-10-2025,15-08-2026,Electronics,5,7216.03,1443.21,0,No,1,0.2,20,80,12,8,0.2,UPI,iPhone,Direct,Gold,Standard,0,4.3,Medium,No
CUST103933,Ganga Seshadri,48,Female,Bihar,Muzaffarpur,20-03-2025,29-11-2025,Beauty & Personal Care,8,22925.43,2865.68,6304.04,Yes,0,0,16,80,8,3,0.062,UPI,Windows Laptop,Email,None,Standard,0,4.8,High,No
CUST103934,Anvi Banik,23,Male,Delhi,Delhi,18-08-2024,19-11-2024,Sports & Fitness,9,18992.81,2110.31,4532.02,Yes,0,0,21,126,13,4,0.143,Credit Card,Android,Organic Search,Silver,Express,1,3.9,High,No
CUST103935,Manbir Vig,40,Female,Tamil Nadu,Coimbatore,30-10-2025,14-04-2026,Grocery,8,5547.76,693.47,0,No,0,0,20,40,4,1,0.05,Debit Card,Tablet,YouTube,None,Standard,1,4.6,Medium,No
CUST103936,Atharv Kant,25,Male,Uttar Pradesh,Lucknow,16-09-2025,15-08-2026,Fashion,7,18732.11,2676.02,4562.53,Yes,0,0,15,75,7,4,0.2,Credit Card,Android,YouTube,Silver,Express,2,4.6,Medium,No
CUST103937,Janani Manne,24,Male,Gujarat,Vadodara,07-06-2026,15-08-2026,Home & Kitchen,7,4612.05,658.86,1735.9,Yes,0,0,22,132,19,12,0.409,Net Banking,Android,Email,None,Standard,0,3.6,Medium,No
CUST103938,Nathan Mody,25,Female,Karnataka,Bengaluru,24-12-2024,25-12-2025,Home & Kitchen,3,2098.21,699.4,449.22,Yes,0,0,20,60,10,6,0.15,Credit Card,Android,Direct,Silver,Standard,2,4.6,Low,No
CUST103939,Ria Menon,31,Female,Karnataka,Mysuru,17-01-2025,20-08-2025,Sports & Fitness,6,15864.56,2644.09,6444.87,Yes,0,0,18,72,11,7,0.278,Debit Card,Android,Direct,Silver,Standard,0,4.3,Medium,No
CUST103940,Kabir Din,36,Female,Gujarat,Surat,26-05-2025,20-10-2025,Sports & Fitness,9,22741.19,2526.8,2225.27,Yes,0,0,19,95,11,7,0.158,UPI,Windows Laptop,Organic Search,None,Express,1,3.5,High,Yes
CUST103941,Leena Kurian,36,Female,Kerala,Kochi,13-02-2024,22-11-2025,Books,8,17815.79,2226.97,1560.29,Yes,2,0.25,25,50,10,4,0.08,UPI,Tablet,Referral,None,Standard,1,5,High,Yes
CUST103942,Ayaan Kakar,23,Male,Assam,Dibrugarh,30-12-2024,01-07-2025,Home & Kitchen,6,9452.12,1575.35,2951.71,Yes,0,0,23,115,10,3,0.043,UPI,iPhone,Direct,None,Standard,2,4.7,Medium,Yes
CUST103943,Manbir Arora,23,Male,Maharashtra,Nagpur,26-05-2026,15-08-2026,Grocery,3,3719.67,1239.89,0,No,1,0.33,19,57,4,1,0.053,UPI,iPhone,Google Ads,None,Express,1,3.4,Low,No
CUST103944,Januja Trivedi,24,Male,Telangana,Hyderabad,13-09-2025,15-08-2026,Electronics,4,2733.65,683.41,634.99,Yes,1,0.25,35,140,13,8,0.114,Wallet,iPhone,Direct,Silver,Standard,0,4.1,Medium,No
CUST103945,Vansha Garde,30,Female,Maharashtra,Mumbai,20-04-2024,10-08-2024,Beauty & Personal Care,7,9094.38,1299.2,2986.66,Yes,1,0.14,18,90,16,10,0.389,Credit Card,MacBook,Direct,None,Express,0,3.6,Medium,Yes
CUST103946,Nachiket Thaker,29,Female,West Bengal,Kolkata,10-08-2024,05-09-2025,Fashion,9,8284.36,920.48,1125.15,Yes,1,0.11,31,155,29,10,0.194,UPI,Android,YouTube,Silver,Standard,1,5,Medium,Yes
CUST103947,Kavya Radhakrishnan,23,Female,Bihar,Patna,20-01-2025,09-01-2026,Home & Kitchen,4,4918.15,1229.54,332.33,Yes,0,0,19,57,10,4,0.105,UPI,Android,Direct,None,Standard,2,3.6,Medium,Yes
CUST103948,Omkaar Vohra,33,Male,Uttar Pradesh,Varanasi,21-09-2024,20-03-2026,Beauty & Personal Care,8,41978.82,5247.35,9468.56,Yes,0,0,24,96,12,8,0.208,Debit Card,Android,Referral,Platinum,Standard,1,4.5,High,No
CUST103949,Parth Sule,49,Female,Karnataka,Mangaluru,27-09-2024,20-02-2025,Fashion,6,8693.62,1448.94,3546.04,Yes,0,0,21,63,12,6,0.143,Cash on Delivery,MacBook,YouTube,Platinum,Express,0,3.5,Medium,Yes
CUST103950,Akshay Bhattacharyya,27,Female,Delhi,New Delhi,30-07-2024,13-04-2026,Electronics,8,5730.38,716.3,0,No,2,0.25,7,21,4,2,0.143,UPI,Android,Google Ads,Gold,Express,,5,Medium,No
CUST103951,Umang More,28,Female,West Bengal,Durgapur,10-05-2025,20-12-2025,Electronics,5,13398.72,2679.74,0,No,0,0,18,108,21,8,0.222,Credit Card,iPhone,YouTube,Gold,Express,1,4.5,Medium,Yes
CUST103952,Udarsh Doctor,35,Female,Punjab,Ludhiana,09-11-2024,28-11-2024,Electronics,5,12444.15,2488.83,0,No,1,0.2,24,144,26,15,0.25,UPI,Android,Referral,Silver,Standard,0,4.5,Medium,Yes
CUST103953,Jagdish Hegde,27,Female,Andhra Pradesh,Visakhapatnam,08-02-2026,15-08-2026,Electronics,8,25500.44,3187.56,6008.66,Yes,1,0.12,19,114,22,15,0.421,Credit Card,Android,Instagram,Silver,Same Day,0,4.3,High,No
CUST103954,Wishi Sharaf,36,Male,Maharashtra,Pune,21-01-2025,30-03-2025,Electronics,4,3491.07,872.77,845.75,Yes,0,0,22,132,22,15,0.409,Debit Card,iPhone,Instagram,None,Standard,1,4.1,Medium,Yes
CUST103955,Vedant Jain,25,Male,Delhi,New Delhi,03-09-2024,28-01-2026,Fashion,2,2618.18,1309.09,377.17,Yes,1,0.5,22,110,23,12,0.273,Cash on Delivery,Windows Laptop,Direct,Gold,Standard,0,2.5,Low,Yes
CUST103956,Bachittar Rastogi,46,Male,Haryana,Gurugram,20-07-2025,17-02-2026,Fashion,5,3010.84,602.17,0,No,0,0,18,90,15,8,0.333,UPI,Android,Direct,Gold,Standard,1,4.5,Medium,Yes
CUST103957,Forum Tripathi,34,Male,Assam,Dibrugarh,31-03-2026,15-08-2026,Mobile Accessories,7,18336.52,2619.5,0,No,1,0.14,27,81,8,5,0.074,UPI,Android,Referral,Silver,Standard,1,4.2,Medium,No
CUST103958,Anika Warrior,26,Male,Gujarat,Ahmedabad,15-12-2024,27-06-2025,Fashion,8,10796.17,1349.52,707.65,Yes,0,0,18,72,7,3,0.111,Wallet,Windows Laptop,Google Ads,None,Express,1,3.2,Medium,Yes
CUST103959,Daksh Sekhon,26,Male,West Bengal,Siliguri,12-03-2024,22-11-2024,Electronics,4,2476.54,619.14,288.72,Yes,0,0,24,144,20,9,0.25,UPI,Windows Laptop,Direct,Gold,Standard,2,4.2,Medium,Yes
CUST103960,Yash Kunda,27,Male,West Bengal,Siliguri,22-10-2024,21-09-2025,Beauty & Personal Care,8,29881.77,3735.22,10235.74,Yes,0,0,28,84,15,5,0.107,Debit Card,iPhone,Email,Gold,Express,1,3.3,High,No
CUST103961,Yash Kari,42,Female,Uttar Pradesh,Varanasi,31-07-2024,28-12-2025,Sports & Fitness,3,2696.02,898.67,0,No,0,0,20,80,7,2,0.05,Debit Card,Android,Referral,Silver,Standard,0,5,Low,No
CUST103962,Peter Baria,21,Female,Telangana,Warangal,21-10-2024,27-11-2024,Grocery,5,6245.7,1249.14,1093.7,Yes,0,0,21,63,6,4,0.095,Cash on Delivery,Android,Google Ads,None,Standard,0,4.1,Medium,Yes
CUST103963,Arunima Chand,26,Female,West Bengal,Kolkata,19-06-2024,27-03-2026,Fashion,6,5116.78,852.8,1383.91,Yes,0,0,21,126,11,7,0.238,Debit Card,Android,YouTube,Platinum,Standard,2,4.1,Medium,No
CUST103964,Devansh Deo,27,Male,Uttar Pradesh,Lucknow,02-09-2024,05-06-2026,Beauty & Personal Care,7,4327.38,618.2,1651.99,Yes,1,0.14,18,108,11,5,0.111,Credit Card,MacBook,Google Ads,None,Express,0,4.5,Medium,No
CUST103965,Darsh Johal,31,Male,West Bengal,Siliguri,20-05-2024,18-01-2026,Grocery,5,7326.49,1465.3,2825.52,Yes,0,0,28,140,15,10,0.214,UPI,iPhone,Organic Search,Gold,Standard,4,3.8,Medium,No
CUST103966,Yagnesh Sood,29,Male,Madhya Pradesh,Bhopal,07-09-2025,20-03-2026,Grocery,5,4177.4,835.48,0,No,0,0,15,30,4,2,0.067,Credit Card,Android,Email,Platinum,Standard,1,4,Medium,No
CUST103967,Guneet Yadav,19,Female,Tamil Nadu,Chennai,08-09-2025,16-03-2026,Grocery,4,2216.25,554.06,220.79,Yes,0,0,23,46,6,4,0.13,Credit Card,Android,Referral,None,Express,1,3.8,Medium,No
CUST103968,Eiravati Bora,28,Female,West Bengal,Siliguri,27-08-2024,27-03-2025,Books,4,9593.02,2398.26,1104.73,Yes,1,0.25,16,96,8,2,0.062,Debit Card,Windows Laptop,Google Ads,None,Express,1,3.5,Medium,Yes
CUST103969,Vanya Dada,30,Male,Uttar Pradesh,Varanasi,06-11-2024,12-05-2026,Books,5,7697.29,1539.46,1282.9,Yes,0,0,23,69,7,4,0.043,Net Banking,Windows Laptop,Instagram,Gold,Express,1,3.6,Medium,No
CUST103970,Fiyaz Soni,26,Female,Gujarat,Surat,19-02-2025,02-06-2026,Beauty & Personal Care,3,10951.7,3650.57,3485.77,Yes,2,0.67,27,135,20,12,0.222,Credit Card,Windows Laptop,YouTube,None,Standard,0,,Medium,No
CUST103971,Harish Kale,36,Male,Andhra Pradesh,Visakhapatnam,01-02-2025,25-05-2025,Home & Kitchen,4,4527.07,1131.77,0,No,0,0,23,92,9,6,0.174,Wallet,Android,Email,Silver,Express,1,3.9,Medium,No
CUST103972,Charita Andra,38,Female,Uttar Pradesh,Varanasi,12-04-2026,15-08-2026,Beauty & Personal Care,5,7300,1460,1721.14,Yes,0,0,25,75,13,8,0.12,UPI,Windows Laptop,Organic Search,Gold,Express,1,4.3,Medium,No
CUST103973,Isaac Savant,30,Male,Tamil Nadu,Chennai,02-03-2026,15-08-2026,Sports & Fitness,4,6175.79,1543.95,2348.1,Yes,0,0,23,69,6,2,0.043,UPI,Android,Direct,Silver,Standard,1,3.2,Medium,No
CUST103974,Tanmayi Acharya,33,Male,Kerala,Kochi,01-06-2026,15-08-2026,Electronics,3,4884.99,1628.33,0,No,0,0,22,44,4,2,0.045,UPI,Windows Laptop,Google Ads,Silver,Standard,2,3.5,Low,No
CUST103975,Niharika Madan,18,Male,Tamil Nadu,Madurai,30-05-2026,15-08-2026,Mobile Accessories,4,6515.91,1628.98,2511.35,Yes,0,0,14,70,14,9,0.5,UPI,Android,Instagram,None,Standard,1,4.2,Medium,No
CUST103976,Patrick Narasimhan,28,Female,Assam,Dibrugarh,22-01-2024,18-06-2025,Fashion,6,7827.14,1304.52,0,No,1,0.17,23,138,21,11,0.217,Credit Card,Android,Instagram,None,Standard,0,4.6,Medium,Yes
CUST103977,Yoshita Mander,39,Female,Telangana,Warangal,18-03-2024,08-12-2025,Home & Kitchen,10,5372.35,537.24,2225.77,Yes,0,0,23,138,30,16,0.522,Debit Card,Windows Laptop,Email,None,Standard,1,3.9,Medium,Yes
CUST103978,Aishani Wali,28,Female,Uttar Pradesh,Lucknow,23-03-2026,15-08-2026,Books,5,7726.64,1545.33,2500.77,Yes,0,0,21,126,12,6,0.143,UPI,Windows Laptop,Referral,Silver,Standard,0,3.9,Medium,No
CUST103979,Harita Maharaj,25,Male,West Bengal,Durgapur,19-04-2025,21-09-2025,Fashion,3,4976.02,1658.67,1480.44,Yes,2,0.67,31,93,8,3,0.032,Credit Card,Android,Referral,Silver,Standard,2,4.1,Low,Yes
CUST103980,Ria Choudhury,49,Male,Gujarat,Vadodara,07-12-2025,14-06-2026,Home & Kitchen,8,7394.07,924.26,1101.85,Yes,0,0,27,108,9,6,0.148,Credit Card,Android,Direct,None,Standard,,4.2,Medium,No
CUST103981,Vinaya Ahuja,46,Female,Punjab,Ludhiana,11-04-2026,15-08-2026,Electronics,8,36140.55,4517.57,15225.69,Yes,2,0.25,24,72,15,8,0.208,UPI,Android,Email,None,Express,2,5,High,No
CUST103982,Yashodhara Singhal,35,Female,Madhya Pradesh,Indore,18-12-2024,11-03-2026,Home & Kitchen,7,6456.67,922.38,367.67,Yes,0,0,24,144,24,9,0.208,UPI,Windows Laptop,Referral,None,Express,1,4.5,Medium,No
CUST103983,Nihal Gola,40,Female,Delhi,Delhi,05-01-2025,04-04-2026,Electronics,6,5156.13,859.36,0,No,0,0,23,92,11,7,0.217,UPI,iPhone,Organic Search,Silver,Express,1,,Medium,Yes
CUST103984,Rachana Modi,18,Male,Delhi,New Delhi,21-01-2024,19-07-2025,Fashion,6,11240.08,1873.35,1252.93,Yes,0,0,23,46,6,4,0.087,Debit Card,Android,Google Ads,None,Standard,1,4.3,Medium,Yes
CUST103985,Saanvi Oommen,25,Female,Punjab,Amritsar,21-05-2025,15-08-2026,Fashion,9,13259.37,1473.26,0,No,0,0,19,38,6,3,0.105,Net Banking,Android,YouTube,None,Express,0,4.2,Medium,No
CUST103986,Rishi Chopra,27,Male,Jharkhand,Jamshedpur,08-06-2024,18-06-2025,Mobile Accessories,2,1064.3,532.15,0,No,0,0,25,100,16,10,0.2,UPI,Android,Google Ads,Silver,Standard,0,3,Low,Yes
CUST103987,Tanay Mohanty,29,Female,Maharashtra,Mumbai,13-01-2026,15-08-2026,Mobile Accessories,7,12286.32,1755.19,5256.96,Yes,0,0,16,80,10,4,0.125,UPI,Android,Referral,Silver,Standard,0,2.4,Medium,No
CUST103988,Ekaja Wali,27,Female,Gujarat,Vadodara,26-12-2024,19-07-2026,Electronics,3,3194.86,1064.95,605.72,Yes,0,0,23,46,8,5,0.174,Debit Card,Android,Google Ads,Silver,Standard,4,4.6,Low,No
CUST103989,Harshil Mital,18,Male,Tamil Nadu,Coimbatore,23-03-2026,15-08-2026,Grocery,4,11105.06,2776.26,2099.37,Yes,0,0,18,54,6,2,0.056,Wallet,Windows Laptop,Google Ads,Gold,Standard,0,3.4,Medium,No
CUST103990,Mohammed Naik,34,Male,Haryana,Faridabad,09-07-2025,15-08-2026,Electronics,6,11464.71,1910.78,3643.64,Yes,0,0,22,132,18,12,0.318,UPI,Android,Organic Search,None,Standard,1,4.9,Medium,No
CUST103991,Rehaan Randhawa,35,Male,Maharashtra,Pune,23-10-2024,04-01-2025,Electronics,2,2375.01,1187.51,284.2,Yes,1,0.5,18,36,7,5,0.111,UPI,Windows Laptop,Organic Search,None,Standard,1,4.4,Low,Yes
CUST103992,Nakul Dugar,44,Male,Karnataka,Mangaluru,17-12-2024,16-06-2025,Electronics,2,4478.93,2239.46,1055.31,Yes,0,0,21,84,8,3,0.048,UPI,Windows Laptop,Instagram,None,Standard,2,4,Low,Yes
CUST103993,Zaitra Som,25,Female,Kerala,Thiruvananthapuram,28-06-2024,05-03-2026,Mobile Accessories,2,1684.05,842.02,94.6,Yes,0,0,17,34,4,2,0.059,UPI,Android,YouTube,Silver,Standard,3,4,Low,No
CUST103994,Amruta Karnik,24,Male,West Bengal,Howrah,16-04-2025,18-01-2026,Mobile Accessories,4,2377.03,594.26,0,No,2,0.5,30,120,11,7,0.1,Credit Card,MacBook,Instagram,Silver,Standard,0,3.8,Medium,Yes
CUST103995,Urmi Mitter,18,Female,Rajasthan,Udaipur,29-01-2025,19-04-2026,Fashion,7,3885.62,555.09,0,No,0,0,21,84,7,5,0.095,Credit Card,Android,Google Ads,Silver,Standard,1,3.2,Medium,No
CUST103996,Maanav Mohan,29,Female,Gujarat,Ahmedabad,04-09-2025,15-08-2026,Electronics,7,11851.43,1693.06,1558.48,Yes,0,0,23,115,24,15,0.478,UPI,Windows Laptop,YouTube,None,Standard,1,,Medium,No
CUST103997,Irya Murty,38,Female,Tamil Nadu,Coimbatore,18-09-2025,16-04-2026,Fashion,11,34709.85,3155.44,6000.23,Yes,0,0,22,44,6,3,0.091,UPI,Windows Laptop,Organic Search,None,Standard,0,3.1,High,No
CUST103998,Darika Sandal,26,Female,Telangana,Warangal,31-07-2024,03-08-2025,Home & Kitchen,4,4382.97,1095.74,450.29,Yes,0,0,18,108,23,9,0.278,UPI,MacBook,Google Ads,Gold,Express,0,4.7,Medium,No
CUST103999,Omisha Ahluwalia,48,Female,Uttar Pradesh,Kanpur,13-06-2025,15-08-2026,Beauty & Personal Care,4,8694.21,2173.55,2575.83,Yes,0,0,20,40,8,4,0.1,Debit Card,Android,Google Ads,None,Standard,2,4.4,Medium,No
CUST104000,Christopher Rege,29,Female,Karnataka,Mangaluru,29-01-2025,31-03-2025,Fashion,5,7260.13,1452.03,2000.95,Yes,0,0,14,56,12,6,0.214,Debit Card,Android,Instagram,None,Standard,1,4,Medium,Yes
CUST104001,Logan Shan,32,Male,Uttar Pradesh,Kanpur,27-01-2024,15-12-2024,Grocery,2,2514.66,1257.33,0,No,2,1,14,28,5,1,0.071,UPI,Android,Email,Silver,Standard,0,4.3,Low,Yes
CUST104002,Anirudh Jain,20,Female,Madhya Pradesh,Indore,19-05-2026,15-08-2026,Fashion,6,3680.53,613.42,1612.58,Yes,1,0.17,17,102,20,9,0.412,Cash on Delivery,MacBook,Referral,Silver,Express,2,4.8,Medium,No
CUST104003,Aahana Menon,33,Female,Kerala,Thiruvananthapuram,24-03-2025,23-05-2026,Books,4,6438.59,1609.65,0,No,0,0,25,125,22,14,0.44,Net Banking,Android,Instagram,Silver,Standard,0,2.6,Medium,No
CUST104004,Arjun Nagy,18,Male,Maharashtra,Mumbai,13-03-2025,06-02-2026,Grocery,5,9913.03,1982.61,920.59,Yes,0,0,19,95,17,8,0.263,Credit Card,Android,Instagram,None,Express,0,4,Medium,No
CUST104005,Lavanya Nanda,37,Female,Maharashtra,Nashik,11-10-2024,10-01-2025,Home & Kitchen,2,2914.7,1457.35,790.63,Yes,0,0,22,110,23,8,0.136,Net Banking,Android,Referral,Gold,Express,1,3.9,Low,Yes
CUST104006,Tanveer Thakur,37,Female,Delhi,Delhi,22-10-2025,06-01-2026,Grocery,4,4216.02,1054.01,1542.48,Yes,0,0,19,76,16,10,0.316,Debit Card,Windows Laptop,Instagram,None,Standard,0,4.1,Medium,Yes
CUST104007,Anusha Chhabra,42,Female,Telangana,Hyderabad,07-03-2026,15-08-2026,Sports & Fitness,6,5787.21,964.54,1814.83,Yes,1,0.17,21,63,13,8,0.19,UPI,Windows Laptop,Organic Search,None,Standard,1,3.7,Medium,No
CUST104008,Xavier Dyal,23,Male,Gujarat,Ahmedabad,10-10-2025,19-06-2026,Fashion,3,2474.7,824.9,,No,0,0,24,96,14,5,0.125,UPI,Windows Laptop,Instagram,None,Standard,3,4.5,Low,No
CUST104009,Varsha Singhal,32,Female,Odisha,Bhubaneswar,07-07-2024,09-02-2026,Fashion,8,6490.66,811.33,1471.35,Yes,1,0.12,22,132,26,17,0.318,Debit Card,iPhone,YouTube,Gold,Express,1,4.7,Medium,Yes
CUST104010,Madhavi Sur,36,Male,West Bengal,Durgapur,02-12-2025,04-03-2026,Mobile Accessories,5,7337.96,1467.59,1620.51,Yes,0,0,18,90,13,8,0.333,UPI,MacBook,YouTube,Gold,Same Day,0,4,Medium,No
CUST104011,Ati Prashad,35,Female,West Bengal,Siliguri,17-07-2024,10-02-2026,Electronics,8,8953.87,1119.23,541.22,Yes,1,0.12,20,80,12,7,0.25,UPI,Android,Organic Search,Gold,Standard,0,4.8,Medium,No
CUST104012,Harrison Bhalla,24,Male,Telangana,Warangal,11-04-2024,15-06-2025,Electronics,7,13280.65,1897.24,0,No,1,0.14,24,96,18,6,0.125,UPI,iPhone,Direct,Silver,Standard,0,4.4,Medium,Yes
CUST104013,Anya Yogi,18,Female,Odisha,Cuttack,23-04-2025,31-05-2025,Home & Kitchen,5,4027.69,805.54,0,No,0,0,30,150,29,21,0.567,UPI,iPhone,Google Ads,Silver,Same Day,1,3.9,Medium,No
CUST104014,Raksha Mane,34,Male,Karnataka,Mangaluru,25-08-2025,07-10-2025,Sports & Fitness,5,7614.56,1522.91,0,No,0,0,18,36,7,2,0.056,Net Banking,MacBook,Direct,Gold,Standard,0,4.2,Medium,Yes
CUST104015,Urmi Desai,30,Male,Bihar,Gaya,11-08-2024,29-12-2025,Grocery,2,2931.85,1465.92,920.87,Yes,0,0,24,144,28,17,0.542,Debit Card,MacBook,Email,None,Express,1,3.9,Low,No
CUST104016,Ekta Sachdev,26,Male,Delhi,New Delhi,31-05-2025,27-10-2025,Books,5,4462.81,892.56,648.4,Yes,0,0,23,69,9,5,0.13,UPI,Tablet,Organic Search,None,Standard,0,4.5,Medium,No
CUST104017,Matthew Mistry,37,Male,Haryana,Faridabad,14-05-2026,15-08-2026,Beauty & Personal Care,3,4986.31,1662.1,1970.77,Yes,0,0,19,57,8,5,0.158,UPI,Android,Direct,Platinum,Standard,1,4.8,Low,No
CUST104018,Gaurang Sarma,31,Female,Haryana,Gurugram,10-06-2025,09-06-2026,Electronics,3,2615.6,871.87,0,No,1,0.33,25,150,17,12,0.4,UPI,Android,Organic Search,Gold,Standard,1,4.7,Low,No
CUST104019,Falak Lad,20,Female,Tamil Nadu,Madurai,16-03-2025,05-01-2026,Beauty & Personal Care,4,11761.69,2940.42,0,No,0,0,16,64,9,4,0.125,Cash on Delivery,Android,Organic Search,None,Express,3,4.3,Medium,No
CUST104020,Anthony Dey,18,Male,Delhi,Delhi,31-05-2025,15-08-2026,Grocery,5,8955.43,1791.09,1442.9,Yes,1,0.2,21,105,22,9,0.333,Cash on Delivery,Windows Laptop,Instagram,Gold,Express,0,5,Medium,No
CUST104021,Dipta Patel,22,Male,Gujarat,Ahmedabad,17-08-2024,19-06-2025,Electronics,5,7929.04,1585.81,1082.02,Yes,0,0,21,105,20,10,0.238,Debit Card,Windows Laptop,Organic Search,Silver,Express,0,4,Medium,Yes
CUST104022,Tanish Gour,50,Male,Delhi,New Delhi,18-05-2026,15-08-2026,Electronics,5,5924.56,1184.91,1778.55,Yes,0,0,17,102,13,9,0.235,UPI,Windows Laptop,Organic Search,None,Same Day,2,4.6,Medium,No
CUST104023,Upadhriti Kari,37,Female,Odisha,Bhubaneswar,28-04-2026,15-08-2026,Electronics,3,3547.58,1182.53,1512.37,Yes,0,0,21,126,21,13,0.286,Wallet,Tablet,Google Ads,None,Express,0,3.4,Low,No
CUST104024,Janaki Nath,33,Male,Punjab,Chandigarh,23-04-2024,30-06-2025,Beauty & Personal Care,5,5210.68,1042.14,1465.48,Yes,3,0.6,18,90,10,7,0.278,Cash on Delivery,iPhone,Google Ads,Silver,Express,1,4.5,Medium,Yes
CUST104025,Aashi Kumer,30,Male,Odisha,Bhubaneswar,30-05-2025,15-08-2026,Books,5,4871.95,974.39,0,No,0,0,24,120,13,5,0.125,Debit Card,Android,Direct,Silver,Standard,0,4.5,Medium,Yes
CUST104026,Logan Dar,29,Male,Punjab,Amritsar,02-07-2024,07-02-2025,Grocery,7,3869.16,552.74,1068.52,Yes,0,0,29,174,24,9,0.241,Debit Card,iPhone,Instagram,Gold,Standard,0,3.9,Medium,No
CUST104027,Prisha Randhawa,40,Male,Gujarat,Ahmedabad,25-12-2025,15-08-2026,Mobile Accessories,4,6359.43,1589.86,0,No,0,0,22,88,9,3,0.091,UPI,Android,Direct,Silver,Standard,1,4.4,Medium,No
CUST104028,Chanakya Wadhwa,27,Male,Karnataka,Mysuru,28-01-2026,15-08-2026,Electronics,3,5971.99,1990.66,1654.9,Yes,0,0,23,69,10,3,0.043,Credit Card,Android,Organic Search,Silver,Standard,1,4.1,Low,No
CUST104029,Yauvani Prakash,36,Male,Kerala,Thiruvananthapuram,03-02-2024,19-08-2024,Books,7,4764.27,680.61,0,No,1,0.14,18,54,7,4,0.056,UPI,Windows Laptop,Instagram,Platinum,Standard,2,5,Medium,Yes
CUST104030,Rajeshri Balay,28,Female,Telangana,Hyderabad,22-10-2024,26-02-2026,Sports & Fitness,8,21155.38,2644.42,0,No,0,0,20,40,3,2,0.05,Debit Card,Android,Referral,None,Standard,1,4.3,High,No
CUST104031,Vyanjana Mandal,47,Female,Odisha,Cuttack,28-03-2025,15-08-2026,Fashion,9,5444.1,604.9,0,No,0,0,18,108,19,13,0.556,UPI,iPhone,Google Ads,None,Standard,1,2.2,Medium,Yes
CUST104032,Ekalinga Borra,37,Male,Delhi,Delhi,08-12-2025,29-04-2026,Mobile Accessories,9,20135.04,2237.23,8287.56,Yes,1,0.11,16,32,5,2,0.062,Wallet,Android,Organic Search,Gold,Express,0,3.2,High,No
CUST104033,Isaiah Wali,41,Female,Maharashtra,Nagpur,19-05-2025,15-08-2026,Fashion,3,2429.07,809.69,,No,2,0.67,15,30,6,3,0.067,Wallet,MacBook,YouTube,None,Standard,3,4.1,Low,No
CUST104034,Yochana Chahal,26,Male,Andhra Pradesh,Vijayawada,09-02-2025,11-10-2025,Books,8,21400.4,2675.05,0,No,1,0.12,20,60,10,4,0.15,UPI,Android,YouTube,None,Standard,0,3,High,Yes
CUST104035,Rayaan Bora,39,Female,Maharashtra,Mumbai,06-05-2024,30-06-2024,Books,5,9823.4,1964.68,3412.36,Yes,0,0,18,90,9,4,0.056,Cash on Delivery,MacBook,Google Ads,None,Standard,0,4,Medium,Yes
CUST104036,Aradhana Shroff,28,Male,Andhra Pradesh,Visakhapatnam,21-05-2024,01-07-2025,Grocery,1,5973.87,5973.87,1286.15,Yes,1,1,18,90,15,6,0.167,UPI,Tablet,Google Ads,Gold,Standard,0,4.7,Low,Yes
CUST104037,Max Narayanan,32,Female,Andhra Pradesh,Visakhapatnam,09-10-2025,15-08-2026,Beauty & Personal Care,6,5526.4,921.07,0,No,0,0,20,100,21,12,0.35,UPI,Android,Direct,Gold,Standard,0,4.7,Medium,Yes
CUST104038,Qabil Nori,44,Female,Madhya Pradesh,Bhopal,07-05-2024,11-06-2024,Electronics,2,680.23,340.12,0,No,0,0,26,156,31,11,0.192,UPI,Android,Direct,None,Standard,0,4.6,Low,Yes
CUST104039,Rachana Bail,23,Male,Bihar,Gaya,14-04-2026,15-08-2026,Beauty & Personal Care,7,2932.75,418.96,1079.43,Yes,1,0.14,27,81,11,5,0.111,Debit Card,Android,Referral,None,Standard,2,2.8,Medium,Yes
CUST104040,Chaaya Ahuja,33,Female,Uttar Pradesh,Varanasi,16-11-2025,10-12-2025,Fashion,5,6366.67,1273.33,657.1,Yes,1,0.2,17,102,18,13,0.529,Net Banking,Android,Instagram,Platinum,Express,2,4.7,Medium,No
CUST104041,Anirudh Anand,35,Male,Haryana,Gurugram,30-12-2025,10-04-2026,Sports & Fitness,3,4929.84,1643.28,1797.66,Yes,1,0.33,15,90,7,5,0.2,UPI,MacBook,Organic Search,None,Standard,2,4.3,Low,No
CUST104042,Ekantika Sane,35,Female,Tamil Nadu,Coimbatore,17-09-2025,15-08-2026,Grocery,3,2698.46,899.49,636.37,Yes,0,0,26,104,11,7,0.115,Credit Card,Windows Laptop,Organic Search,Gold,Standard,0,5,Low,Yes
CUST104043,Aashi Kapoor,27,Male,Gujarat,Ahmedabad,05-06-2026,15-08-2026,Books,7,10820.46,1545.78,0,No,0,0,21,105,14,6,0.095,UPI,Android,Instagram,None,Standard,0,3.7,Medium,No
CUST104044,Tanvi Iyer,48,Male,Bihar,Gaya,15-12-2024,02-01-2025,Electronics,5,10384.01,2076.8,4636.09,Yes,0,0,25,100,13,5,0.12,UPI,Tablet,Direct,Platinum,Express,0,4.6,Medium,No
CUST104045,Michael Gulati,21,Female,Gujarat,Surat,07-06-2025,14-07-2025,Sports & Fitness,6,11561,1926.83,2239.85,Yes,0,0,27,108,21,7,0.148,Credit Card,Windows Laptop,Email,None,Express,1,3.7,Medium,Yes
CUST104046,Samuel Morar,43,Male,Gujarat,Vadodara,07-04-2025,04-11-2025,Mobile Accessories,6,7833.16,1305.53,1483.69,Yes,0,0,23,69,15,7,0.174,Debit Card,MacBook,Referral,Silver,Standard,1,3.6,Medium,No
CUST104047,Harrison Bal,41,Male,Tamil Nadu,Coimbatore,31-08-2024,25-01-2026,Grocery,3,2086.21,695.4,0,No,1,0.33,20,100,14,7,0.25,UPI,Windows Laptop,Google Ads,Gold,Standard,0,4.6,Low,Yes
CUST104048,Joshua Zachariah,46,Male,Uttar Pradesh,Varanasi,17-07-2025,30-04-2026,Electronics,2,4683.96,2341.98,0,No,0,0,22,44,5,1,0.045,Cash on Delivery,Android,Organic Search,None,Standard,3,3,Low,Yes
CUST104049,Ekapad Narang,18,Female,Punjab,Amritsar,04-07-2024,12-10-2025,Electronics,5,12575.01,2515,1474.66,Yes,0,0,19,76,7,4,0.105,Credit Card,Android,Direct,None,Express,0,3.4,Medium,No
CUST104050,Victor Joshi,24,Male,Karnataka,Mysuru,20-08-2024,19-12-2024,Electronics,2,2061.9,1030.95,527.24,Yes,0,0,25,100,11,6,0.12,UPI,Android,Organic Search,None,Standard,0,4.2,Low,Yes
CUST104051,Chavvi Gade,43,Male,Jharkhand,Ranchi,28-05-2025,24-06-2026,Beauty & Personal Care,10,6691.36,669.14,0,No,0,0,23,46,4,2,0.043,UPI,iPhone,Organic Search,None,Same Day,1,3.7,Medium,No
CUST104052,Anika Kaul,18,Female,Odisha,Cuttack,01-01-2024,02-08-2024,Beauty & Personal Care,5,13094.78,2618.96,4896.92,Yes,0,0,15,30,3,2,0.067,Wallet,iPhone,Referral,None,Standard,1,4.3,Medium,Yes
CUST104053,Isha Bala,18,Male,Punjab,Ludhiana,26-08-2024,11-09-2024,Mobile Accessories,3,5451.15,1817.05,670.47,Yes,0,0,17,51,9,4,0.118,Debit Card,iPhone,Email,Gold,Express,1,4.2,Low,Yes
CUST104054,Ria Dasgupta,27,Male,Uttar Pradesh,Varanasi,24-02-2024,08-07-2024,Home & Kitchen,6,8371.48,1395.25,2299.45,Yes,0,0,21,84,6,4,0.143,Credit Card,Tablet,Referral,Silver,Standard,0,3.9,Medium,No
CUST104055,Atharv Sawhney,33,Male,Madhya Pradesh,Indore,09-05-2025,15-08-2026,Fashion,5,19112.4,3822.48,7430.33,Yes,0,0,17,68,13,7,0.235,UPI,MacBook,Organic Search,Silver,Express,1,2.7,Medium,No
CUST104056,Lajita Bawa,44,Male,West Bengal,Kolkata,01-01-2026,13-06-2026,Beauty & Personal Care,5,2098.87,419.77,557.87,Yes,1,0.2,23,69,12,7,0.174,Credit Card,Android,Organic Search,Silver,Standard,2,4.2,Medium,No
CUST104057,Reva Rastogi,30,Male,Punjab,Ludhiana,07-09-2025,20-02-2026,Sports & Fitness,10,13837.01,1383.7,0,No,1,0.1,15,30,3,1,0.067,UPI,Android,Email,Silver,Standard,0,4.7,Medium,No
CUST104058,Samesh Rai,26,Female,West Bengal,Durgapur,16-05-2026,15-08-2026,Mobile Accessories,5,7415.88,1483.18,0,No,0,0,30,120,18,8,0.1,Credit Card,Android,Google Ads,None,Standard,0,4.4,Medium,No
CUST104059,Girik Gill,33,Male,Haryana,Gurugram,21-02-2025,07-01-2026,Sports & Fitness,12,54267.74,4522.31,10272.75,Yes,0,0,19,38,3,1,0.053,Net Banking,Tablet,YouTube,Silver,Standard,1,2.8,High,No
CUST104060,Nicholas Kadakia,35,Male,Andhra Pradesh,Vijayawada,23-03-2025,25-07-2026,Home & Kitchen,6,6655.43,1109.24,2659.32,Yes,0,0,20,120,22,11,0.25,Credit Card,MacBook,Email,None,Same Day,0,3.7,Medium,No
CUST104061,Vrinda Parmar,35,Male,Tamil Nadu,Chennai,15-04-2026,15-08-2026,Beauty & Personal Care,6,5822.31,970.39,1653.81,Yes,0,0,19,76,14,5,0.105,Cash on Delivery,MacBook,Google Ads,None,Standard,3,4.7,Medium,No
CUST104062,Ojasvi Halder,30,Male,Karnataka,Mysuru,03-12-2024,26-02-2025,Sports & Fitness,9,14346.1,1594.01,3470.87,Yes,0,0,21,126,16,6,0.095,UPI,Android,Organic Search,Silver,Same Day,1,5,Medium,Yes
CUST104063,Gautam Tripathi,18,Female,Madhya Pradesh,Indore,28-03-2026,14-05-2026,Home & Kitchen,4,8533.57,2133.39,3069.58,Yes,0,0,20,80,9,5,0.15,UPI,Android,Google Ads,None,Express,1,4.1,Medium,No
CUST104064,Vanya Kumer,24,Male,Delhi,New Delhi,03-10-2024,23-03-2025,Fashion,4,11148.98,2787.24,4078.82,Yes,0,0,22,44,7,4,0.091,Debit Card,Android,Instagram,None,Express,2,2.9,Medium,Yes
CUST104065,Tanmayi Babu,42,Male,Haryana,Faridabad,10-01-2024,19-12-2024,Electronics,3,8606.02,2868.67,2755.38,Yes,0,0,13,78,9,5,0.154,Cash on Delivery,Android,Instagram,Gold,Express,0,3.6,Medium,Yes
CUST104066,Lajita Salvi,32,Male,Maharashtra,Mumbai,06-12-2024,11-01-2026,Electronics,6,2997.54,499.59,1122.15,Yes,0,0,23,69,12,7,0.13,Debit Card,Android,Google Ads,None,Express,1,3.5,Medium,Yes
CUST104067,Harish Pant,28,Female,Maharashtra,Mumbai,13-04-2024,08-01-2026,Grocery,4,3449.77,862.44,1485.37,Yes,1,0.25,19,95,17,12,0.316,Net Banking,Windows Laptop,Google Ads,None,Standard,0,4.2,Medium,No
CUST104068,Dayita Bhattacharyya,40,Male,Andhra Pradesh,Visakhapatnam,10-12-2024,01-06-2025,Electronics,7,15555.34,2222.19,6210.24,Yes,0,0,24,72,15,11,0.208,Credit Card,Android,Referral,None,Express,1,4.1,Medium,No
CUST104069,Charita Karnik,22,Male,Odisha,Bhubaneswar,04-01-2025,11-07-2026,Fashion,5,7923.18,1584.64,631.49,Yes,0,0,21,63,8,4,0.095,Debit Card,Android,YouTube,None,Standard,0,3.8,Medium,Yes
CUST104070,Madhavi Sinha,29,Female,Punjab,Amritsar,01-06-2026,15-08-2026,Fashion,6,9062.01,1510.34,3534.29,Yes,0,0,29,174,15,9,0.138,UPI,iPhone,Google Ads,None,Express,1,2.7,Medium,No
CUST104071,Anvi Naik,32,Male,Tamil Nadu,Chennai,16-07-2024,08-04-2025,Beauty & Personal Care,2,2153.08,1076.54,780.73,Yes,0,0,27,162,33,21,0.37,Debit Card,MacBook,Instagram,None,Express,1,3.3,Low,Yes
CUST104072,Lohit Kothari,27,Female,Odisha,Bhubaneswar,14-01-2024,29-01-2025,Home & Kitchen,4,6978.97,1744.74,2936.03,Yes,2,0.5,19,57,4,1,0.053,Cash on Delivery,Windows Laptop,Referral,None,Express,1,4.3,Medium,Yes
CUST104073,Aditya Dave,32,Female,Uttar Pradesh,Varanasi,10-11-2025,13-08-2026,Grocery,4,4246.6,1061.65,1468.59,Yes,0,0,17,102,14,9,0.294,Debit Card,Windows Laptop,Google Ads,Silver,Standard,2,3.9,Medium,No
CUST104074,Logan Singhal,29,Male,Uttar Pradesh,Varanasi,21-05-2026,15-08-2026,Electronics,5,8499.8,1699.96,3409.62,Yes,0,0,27,81,9,6,0.148,Cash on Delivery,Android,Organic Search,Silver,Standard,0,3.9,Medium,No
CUST104075,Darsh Kadakia,20,Male,Odisha,Bhubaneswar,03-12-2024,29-01-2025,Electronics,6,10578.85,1763.14,572.18,Yes,0,0,28,112,15,5,0.107,Credit Card,Windows Laptop,YouTube,Gold,Express,1,3.2,Medium,No
CUST104076,Kamya Sachdeva,32,Female,Uttar Pradesh,Kanpur,25-06-2025,15-08-2026,Home & Kitchen,3,4926.92,1642.31,2173.37,Yes,1,0.33,22,110,11,6,0.182,UPI,Android,Instagram,Gold,Standard,0,5,Low,No
CUST104077,Oni Gera,20,Female,Gujarat,Ahmedabad,01-04-2025,01-05-2025,Fashion,5,6501.79,1300.36,821.58,Yes,0,0,18,72,12,5,0.167,UPI,Windows Laptop,YouTube,Platinum,Standard,3,2.4,Medium,Yes
CUST104078,Zilmil Doshi,32,Female,Tamil Nadu,Chennai,09-06-2025,06-10-2025,Fashion,3,4033,1344.33,0,No,0,0,24,144,22,15,0.292,Cash on Delivery,Android,Organic Search,None,Express,2,5,Low,No
CUST104079,Janya Choudhary,42,Male,Madhya Pradesh,Bhopal,19-01-2026,15-08-2026,Electronics,8,29257.1,3657.14,0,No,0,0,20,60,8,3,0.05,Cash on Delivery,Android,Organic Search,Silver,Express,0,4.4,High,No
CUST104080,Ayushman Tank,29,Male,Delhi,Delhi,11-03-2025,23-05-2025,Books,5,10879.86,2175.97,553.67,Yes,1,0.2,19,76,13,7,0.158,UPI,Windows Laptop,Organic Search,None,Standard,0,3.7,Medium,Yes
CUST104081,Damini Raval,22,Female,Odisha,Cuttack,31-12-2024,03-03-2025,Grocery,4,6362.08,1590.52,2643.26,Yes,0,0,24,72,6,3,0.042,UPI,iPhone,Email,Silver,Standard,0,3.9,Medium,No
CUST104082,Alka Nagi,30,Male,Delhi,New Delhi,04-02-2025,22-11-2025,Electronics,5,12197.11,2439.42,4655.45,Yes,2,0.4,25,100,20,7,0.12,Net Banking,Android,Google Ads,None,Express,0,3.9,Medium,Yes
CUST104083,Atharv Narula,24,Female,Bihar,Patna,27-07-2025,15-08-2026,Electronics,11,45988.29,4180.75,19267.49,Yes,0,0,16,32,4,2,0.062,UPI,Android,Direct,None,Express,0,4.5,High,Yes
CUST104084,Upma Banerjee,36,Male,Kerala,Kochi,26-04-2025,04-11-2025,Mobile Accessories,3,2264.38,754.79,273.43,Yes,0,0,21,42,6,2,0.048,UPI,iPhone,Direct,Gold,Standard,0,4,Low,No
CUST104085,Nikita Batra,30,Female,Karnataka,Bengaluru,19-04-2024,25-08-2024,Grocery,4,3291.06,822.76,1187.99,Yes,0,0,21,42,4,2,0.048,Debit Card,Windows Laptop,Organic Search,None,Standard,0,5,Medium,No
CUST104086,Omkaar Dugar,45,Male,West Bengal,Howrah,09-02-2025,16-12-2025,Home & Kitchen,4,5639.37,1409.84,1381.61,Yes,0,0,19,95,20,8,0.158,UPI,iPhone,Instagram,Silver,Standard,0,3.2,Medium,No
CUST104087,Alexander Palla,40,Male,Maharashtra,Pune,04-11-2024,30-01-2026,Grocery,7,11256.68,1608.1,0,No,1,0.14,19,76,10,5,0.158,Debit Card,iPhone,Instagram,None,Standard,0,4.6,Medium,No
CUST104088,George Saini,30,Female,Uttar Pradesh,Noida,08-06-2024,15-03-2025,Grocery,7,7429.2,1061.31,2618.56,Yes,0,0,19,114,12,5,0.105,UPI,Android,YouTube,Silver,Standard,1,4.7,Medium,Yes
CUST104089,Isaiah Soni,37,Male,Punjab,Chandigarh,23-04-2026,15-08-2026,Grocery,5,11031.48,2206.3,2639.85,Yes,0,0,31,124,12,7,0.161,Wallet,Android,Organic Search,Gold,Express,0,3.4,Medium,No
CUST104090,Ojasvi Yadav,28,Male,West Bengal,Kolkata,24-02-2024,26-07-2025,Home & Kitchen,4,5970.32,1492.58,2447.56,Yes,1,0.25,23,69,8,4,0.087,UPI,Android,Direct,Gold,Standard,0,4.3,Medium,Yes
CUST104091,Krish Acharya,31,Male,Kerala,Kozhikode,30-01-2026,21-03-2026,Home & Kitchen,4,10900.85,2725.21,3644.07,Yes,0,0,17,68,12,6,0.235,Net Banking,iPhone,Email,None,Standard,0,4.1,Medium,No
CUST104092,Vamakshi Singh,28,Female,Tamil Nadu,Madurai,12-09-2024,06-05-2026,Electronics,3,3218.2,1072.73,0,No,1,0.33,25,100,12,4,0.08,Debit Card,Android,Organic Search,Gold,Standard,1,4.4,Low,No
CUST104093,Kabir Naidu,37,Female,Rajasthan,Jaipur,17-06-2025,15-08-2026,Books,4,3365.12,841.28,505.8,Yes,0,0,27,54,4,2,0.037,Debit Card,iPhone,Organic Search,Silver,Standard,0,4.2,Medium,No
CUST104094,Gopal Sridhar,42,Male,Jharkhand,Jamshedpur,25-02-2025,17-03-2026,Beauty & Personal Care,3,3033.69,1011.23,0,No,1,0.33,17,51,7,3,0.059,UPI,Android,Email,None,Standard,0,4,Low,No
CUST104095,Rohan Dass,37,Male,Tamil Nadu,Coimbatore,06-09-2025,15-08-2026,Fashion,6,6252.22,1042.04,1173.04,Yes,0,0,19,76,8,4,0.105,Net Banking,Tablet,Organic Search,Silver,Standard,1,4,Medium,No
CUST104096,Yutika Dayal,38,Male,Gujarat,Ahmedabad,23-03-2026,15-08-2026,Books,5,3780.55,756.11,0,No,0,0,17,85,17,12,0.588,Cash on Delivery,iPhone,Google Ads,Silver,Standard,1,4,Medium,No
CUST104097,Umang Butala,38,Female,West Bengal,Howrah,05-06-2026,15-08-2026,Books,10,14898.58,1489.86,6074.64,Yes,0,0,23,138,18,12,0.217,Credit Card,Android,Referral,None,Standard,0,3.6,Medium,No
CUST104098,Netra Mandal,35,Male,Maharashtra,Mumbai,20-09-2024,27-01-2026,Mobile Accessories,9,7971.79,885.75,2291.73,Yes,1,0.11,22,44,5,2,0.045,Credit Card,Android,Organic Search,Silver,Standard,1,3.6,Medium,No
CUST104099,Zaid Kara,22,Male,Delhi,Delhi,17-01-2026,09-07-2026,Books,6,20261.25,3376.88,0,No,0,0,21,84,11,4,0.048,UPI,Tablet,Referral,Gold,Standard,2,3.9,Medium,Yes
CUST104100,Qasim Mitra,45,Male,West Bengal,Siliguri,12-04-2026,15-08-2026,Mobile Accessories,5,7356.7,1471.34,0,No,0,0,25,75,6,3,0.04,UPI,Tablet,Google Ads,None,Standard,0,4.6,Medium,No
CUST104101,Turvi Venkatesh,45,Female,Bihar,Patna,20-08-2024,08-06-2025,Fashion,3,5825.45,1941.82,0,No,0,0,23,46,7,2,0.043,Credit Card,Android,Organic Search,Gold,Standard,1,3.5,Low,Yes
CUST104102,Karan Narang,29,Female,Gujarat,Ahmedabad,10-11-2025,16-04-2026,Sports & Fitness,3,1685.69,561.9,424.2,Yes,0,0,17,34,7,3,0.118,UPI,Windows Laptop,Organic Search,None,Express,1,4.5,Low,No
CUST104103,Kavya Dhillon,28,Female,Uttar Pradesh,Lucknow,20-08-2024,05-02-2026,Sports & Fitness,5,7784.91,1556.98,2572.32,Yes,0,0,18,72,9,4,0.167,UPI,Windows Laptop,Organic Search,None,Express,1,2.7,Medium,Yes
CUST104104,Lekha Bava,36,Male,Karnataka,Mysuru,31-05-2025,15-08-2026,Fashion,4,3466,866.5,891.4,Yes,0,0,21,63,13,9,0.286,Cash on Delivery,Android,YouTube,Silver,Standard,0,3.6,Medium,No
CUST104105,Qabil Atwal,35,Female,Tamil Nadu,Madurai,14-02-2024,23-06-2024,Electronics,4,8404.97,2101.24,1544.01,Yes,0,0,26,78,7,2,0.038,UPI,Windows Laptop,Direct,Silver,Standard,2,4.4,Medium,Yes
CUST104106,Bahadurjit Khanna,29,Female,Bihar,Muzaffarpur,11-07-2025,15-08-2026,Mobile Accessories,6,3824.53,637.42,564.36,Yes,0,0,20,100,16,11,0.4,Wallet,Windows Laptop,Referral,None,Express,1,5,Medium,No
CUST104107,Mekhala Naidu,21,Male,Andhra Pradesh,Visakhapatnam,06-11-2025,15-08-2026,Fashion,8,11202.55,1400.32,1701.47,Yes,0,0,18,36,3,2,0.056,UPI,Android,Instagram,Silver,Standard,2,4.5,Medium,No
CUST104108,Vasana Sule,33,Male,West Bengal,Siliguri,11-11-2025,15-08-2026,Books,3,6037.34,2012.45,2670.64,Yes,0,0,18,90,18,10,0.389,Wallet,Windows Laptop,Direct,None,Standard,2,3.7,Low,No
CUST104109,Raghav Ravi,35,Male,Haryana,Faridabad,11-03-2025,29-03-2026,Electronics,7,10576.5,1510.93,2041.17,Yes,1,0.14,19,57,10,5,0.158,Debit Card,Windows Laptop,Organic Search,Platinum,Standard,1,4.9,Medium,No
CUST104110,Tanish Setty,37,Female,Uttar Pradesh,Lucknow,30-11-2024,17-07-2025,Electronics,8,9411.38,1176.42,3507.07,Yes,2,0.25,13,78,15,6,0.308,UPI,Android,Email,Gold,Express,1,4.3,Medium,Yes
CUST104111,Ria Dalal,34,Female,Uttar Pradesh,Noida,07-02-2025,17-07-2026,Home & Kitchen,2,6575.59,3287.8,516.49,Yes,1,0.5,24,144,25,15,0.375,UPI,Android,Organic Search,None,Standard,0,4,Low,No
CUST104112,Yoshita Nazareth,29,Female,Rajasthan,Jaipur,12-06-2024,16-01-2026,Fashion,7,5962.31,851.76,0,No,0,0,19,114,19,12,0.263,Wallet,Android,Organic Search,None,Standard,0,3.9,Medium,No
CUST104113,Quincy Kumer,39,Male,West Bengal,Siliguri,12-09-2024,19-08-2025,Grocery,8,6546.23,818.28,2123.99,Yes,0,0,36,144,22,13,0.25,UPI,Android,Instagram,None,Same Day,0,4.4,Medium,No
CUST104114,Vinaya Shan,32,Male,Maharashtra,Pune,06-03-2024,26-04-2024,Beauty & Personal Care,7,4422.41,631.77,1029.91,Yes,1,0.14,24,96,15,5,0.125,Credit Card,Android,Organic Search,Gold,Standard,1,4.4,Medium,Yes
CUST104115,Hema Venkataraman,27,Female,Uttar Pradesh,Kanpur,10-02-2026,15-08-2026,Electronics,7,4658.86,665.55,1873.78,Yes,0,0,14,42,7,4,0.143,Wallet,Windows Laptop,Google Ads,Silver,Express,0,3.3,Medium,No
CUST104116,Dev Pau,30,Male,Tamil Nadu,Chennai,28-03-2024,05-09-2025,Electronics,4,6508.93,1627.23,2570.3,Yes,0,0,23,115,18,7,0.13,UPI,Windows Laptop,Referral,Silver,Same Day,1,3.8,Medium,No
CUST104117,Atharv Date,18,Female,Assam,Dibrugarh,27-08-2024,31-07-2025,Home & Kitchen,3,3909.81,1303.27,1377.28,Yes,1,0.33,23,92,12,5,0.087,UPI,Android,Instagram,Silver,Standard,,4,Low,Yes
CUST104118,Utkarsh Shankar,30,Female,Gujarat,Vadodara,06-11-2024,24-11-2025,Fashion,7,16492.02,2356,6203.09,Yes,0,0,17,51,9,4,0.118,UPI,Windows Laptop,YouTube,Gold,Standard,2,3.7,Medium,No
CUST104119,Jai Merchant,37,Male,Maharashtra,Nagpur,24-07-2025,19-03-2026,Sports & Fitness,4,7768.29,1942.07,3093.35,Yes,0,0,39,234,50,30,0.513,UPI,Tablet,Organic Search,None,Standard,1,5,Medium,No
CUST104120,Idika Mohanty,34,Male,Kerala,Thiruvananthapuram,12-11-2025,06-03-2026,Home & Kitchen,5,7608.44,1521.69,0,No,1,0.2,18,108,22,12,0.278,Debit Card,iPhone,Google Ads,Platinum,Standard,5,4.5,Medium,No
CUST104121,Rajata Butala,43,Female,Tamil Nadu,Chennai,14-09-2024,12-12-2024,Electronics,10,4468.38,446.84,0,No,0,0,27,54,6,3,0.037,UPI,Android,Referral,None,Standard,0,3.3,Medium,Yes
CUST104122,Mitali Vaidya,29,Male,Uttar Pradesh,Varanasi,11-07-2025,15-08-2026,Home & Kitchen,6,10082.89,1680.48,0,No,1,0.17,21,105,14,8,0.143,UPI,MacBook,YouTube,None,Same Day,2,5,Medium,No
CUST104123,Lucky Kapadia,35,Female,Odisha,Cuttack,28-05-2025,14-06-2026,Electronics,5,14121.98,2824.4,0,No,1,0.2,26,78,16,10,0.192,Debit Card,Windows Laptop,Organic Search,Gold,Same Day,0,4.6,Medium,No
CUST104124,Rushil Pandya,37,Male,Assam,Dibrugarh,09-03-2025,25-05-2025,Electronics,7,11340.9,1620.13,0,No,0,0,19,57,6,2,0.053,Wallet,Android,YouTube,Silver,Standard,1,3.6,Medium,Yes
CUST104125,Champak Walia,50,Female,Madhya Pradesh,Bhopal,08-05-2024,05-02-2026,Fashion,5,3902.17,780.43,0,No,1,0.2,25,150,14,8,0.2,Credit Card,Android,Organic Search,None,Express,0,3.4,Medium,Yes
CUST104126,Victor Wali,32,Female,Odisha,Cuttack,19-02-2026,12-06-2026,Sports & Fitness,5,2557.22,511.44,303.46,Yes,0,0,17,68,9,6,0.118,UPI,Android,Organic Search,Silver,Same Day,0,4,Medium,Yes
CUST104127,Kavya Dutt,23,Female,Odisha,Bhubaneswar,21-11-2024,18-07-2025,Books,6,14702.26,2450.38,0,No,1,0.17,27,108,15,5,0.148,UPI,Android,Direct,Silver,Standard,0,3.1,Medium,Yes
CUST104128,Noah Kara,38,Male,Jharkhand,Jamshedpur,28-02-2026,28-05-2026,Sports & Fitness,9,11449.74,1272.19,1683.02,Yes,0,0,17,51,7,5,0.176,Credit Card,MacBook,Direct,Silver,Standard,0,4.9,Medium,No
CUST104129,Panini Jain,46,Female,Tamil Nadu,Chennai,17-01-2024,02-08-2024,Fashion,6,3931.88,655.31,0,No,0,0,20,80,6,2,0.05,UPI,Tablet,Instagram,Silver,Standard,2,3.7,Medium,Yes
CUST104130,Chandran Rattan,28,Male,West Bengal,Siliguri,29-11-2025,15-08-2026,Fashion,4,5708.53,1427.13,1904.51,Yes,0,0,24,72,7,4,0.083,Debit Card,Tablet,YouTube,None,Standard,0,4.6,Medium,No
CUST104131,Madhavi Vig,38,Male,Tamil Nadu,Chennai,07-12-2024,16-02-2025,Beauty & Personal Care,3,4450.12,1483.37,1635.56,Yes,1,0.33,19,38,7,4,0.158,Wallet,Android,Google Ads,Platinum,Express,1,4,Low,Yes
CUST104132,Vamakshi Sidhu,41,Male,Karnataka,Mysuru,17-04-2026,15-08-2026,Grocery,6,21546.16,3591.03,3790.1,Yes,1,0.17,25,100,13,6,0.16,UPI,Android,Direct,Silver,Standard,1,3.8,Medium,No
CUST104133,Laban Mital,39,Male,Bihar,Patna,19-09-2025,15-08-2026,Mobile Accessories,5,4399.31,879.86,0,No,0,0,17,34,7,3,0.059,Debit Card,Android,Instagram,None,Standard,1,4.3,Medium,Yes
CUST104134,Falan Krishnamurthy,32,Male,Bihar,Patna,09-02-2026,15-08-2026,Electronics,6,8290.11,1381.69,606.69,Yes,0,0,16,80,12,8,0.188,Debit Card,Android,Direct,None,Standard,2,4.2,Medium,No
CUST104135,Sathvik Bhavsar,25,Male,Uttar Pradesh,Kanpur,27-05-2026,15-08-2026,Electronics,3,7161.64,2387.21,0,No,0,0,25,50,4,2,0.04,Debit Card,Android,Organic Search,Silver,Express,0,3.9,Medium,No
CUST104136,Nirja Dey,30,Female,West Bengal,Siliguri,05-09-2024,13-09-2025,Grocery,9,13621.22,1513.47,2952.41,Yes,0,0,22,110,23,11,0.318,Debit Card,MacBook,Organic Search,Silver,Standard,0,4,Medium,No
CUST104137,Vasana Dyal,35,Female,Kerala,Kozhikode,10-12-2025,15-08-2026,Sports & Fitness,4,4994.95,1248.74,898.86,Yes,0,0,16,32,3,1,0.062,UPI,Tablet,Direct,Platinum,Standard,0,4.7,Medium,No
CUST104138,Mahika Dutta,38,Male,Tamil Nadu,Madurai,28-04-2026,15-08-2026,Sports & Fitness,7,6724.24,960.61,2820.62,Yes,0,0,27,108,14,6,0.148,UPI,Android,Instagram,None,Standard,0,3.5,Medium,No
CUST104139,Mahika Hari,34,Other,Bihar,Gaya,08-01-2026,15-08-2026,Grocery,4,5153.71,1288.43,530.6,Yes,2,0.5,21,42,8,4,0.095,UPI,iPhone,YouTube,Silver,Standard,1,5,Medium,No
CUST104140,Inaya Bobal,28,Male,Uttar Pradesh,Noida,25-06-2024,28-09-2025,Mobile Accessories,5,5750.5,1150.1,1110.53,Yes,1,0.2,20,80,16,9,0.25,UPI,Windows Laptop,Google Ads,Silver,Express,0,4.2,Medium,No
CUST104141,Anya Dey,35,Male,Tamil Nadu,Chennai,24-01-2026,15-08-2026,Home & Kitchen,4,3218.3,804.58,622.94,Yes,1,0.25,26,78,13,6,0.154,Cash on Delivery,Android,Organic Search,Gold,Standard,1,4.1,Medium,Yes
CUST104142,Jatin Doshi,38,Female,Maharashtra,Pune,22-12-2024,15-08-2026,Books,3,8099.93,2699.98,1779.92,Yes,1,0.33,20,60,4,2,0.05,Debit Card,Android,Email,Gold,Standard,1,4.4,Medium,Yes
CUST104143,Sachi Dhar,34,Male,Maharashtra,Nagpur,09-05-2025,15-08-2026,Mobile Accessories,8,20588.23,2573.53,0,No,1,0.12,19,95,7,4,0.158,UPI,Android,Organic Search,None,Standard,0,3.9,High,No
CUST104144,Falak Apte,24,Female,Punjab,Chandigarh,04-02-2024,14-12-2024,Sports & Fitness,1,1939.77,1939.77,756.03,Yes,0,0,24,144,15,7,0.208,UPI,Windows Laptop,Instagram,Gold,Standard,0,3.4,Low,Yes
CUST104145,Deepa Viswanathan,30,Male,Assam,Dibrugarh,10-02-2025,26-04-2026,Fashion,6,8006.78,1334.46,0,No,1,0.17,20,40,7,4,0.15,Debit Card,Android,Email,None,Standard,0,4.4,Medium,No
CUST104146,Urishilla Kata,39,Male,Bihar,Gaya,08-10-2025,01-04-2026,Fashion,8,10389.76,1298.72,4641.14,Yes,2,0.25,20,80,15,8,0.15,Net Banking,iPhone,Referral,None,Express,2,4.1,Medium,No
CUST104147,Chanchal Dash,20,Male,Maharashtra,Nagpur,28-03-2026,15-08-2026,Beauty & Personal Care,6,3720.51,620.08,0,No,0,0,17,102,11,4,0.118,Cash on Delivery,Android,Referral,Gold,Standard,0,4.6,Medium,No
CUST104148,Mitesh Bobal,18,Female,Gujarat,Ahmedabad,10-01-2024,05-02-2025,Home & Kitchen,4,7122.88,1780.72,0,No,0,0,14,42,3,1,0.071,Debit Card,Windows Laptop,Organic Search,None,Standard,2,4.1,Medium,Yes
CUST104149,Anita Baria,43,Female,Kerala,Kozhikode,25-11-2025,15-08-2026,Books,5,7050.48,1410.1,0,No,1,0.2,16,64,8,3,0.125,UPI,Android,Instagram,None,Express,0,3.6,Medium,Yes
CUST104150,Aadhya Chowdhury,35,Female,Madhya Pradesh,Indore,14-12-2025,15-08-2026,Electronics,1,790.98,790.98,213.48,Yes,1,1,21,84,17,11,0.286,Net Banking,Android,Organic Search,None,Standard,1,3.9,Low,Yes
CUST104151,Pooja Ganguly,36,Female,Maharashtra,Nagpur,14-06-2025,15-08-2026,Fashion,5,12417.77,2483.55,0,No,3,0.6,15,90,13,8,0.333,Net Banking,Android,Organic Search,Silver,Standard,1,4.6,Medium,Yes
CUST104152,Bishakha Kar,22,Male,West Bengal,Kolkata,18-06-2025,31-12-2025,Grocery,3,4337.65,1445.88,740.27,Yes,0,0,12,48,8,5,0.25,Net Banking,Android,Referral,Gold,Same Day,2,3.9,Low,No
CUST104153,Gaurang Patil,37,Female,Kerala,Kochi,04-04-2024,26-09-2025,Electronics,6,12874.54,2145.76,4175.8,Yes,0,0,15,90,16,9,0.467,Credit Card,Android,Email,Gold,Express,1,4.9,Medium,Yes
CUST104154,Warda Sankaran,33,Male,Telangana,Warangal,29-07-2025,20-11-2025,Fashion,6,9624.85,1604.14,0,No,0,0,24,48,9,5,0.125,Net Banking,Windows Laptop,Organic Search,Silver,Standard,1,,Medium,No
CUST104155,Dakshesh Cheema,18,Male,Delhi,New Delhi,25-03-2025,01-04-2026,Home & Kitchen,4,3697,924.25,0,No,1,0.25,15,30,6,3,0.067,Cash on Delivery,iPhone,Direct,Silver,Standard,2,4,Medium,No
CUST104156,Anya Krishnamurthy,42,Female,West Bengal,Siliguri,07-08-2024,09-04-2025,Beauty & Personal Care,9,17070.25,1896.69,4482.96,Yes,0,0,16,32,6,2,0.062,Debit Card,Windows Laptop,Organic Search,Gold,Standard,0,5,High,Yes
CUST104157,Oni Krishnamurthy,32,Male,Uttar Pradesh,Varanasi,05-04-2024,05-11-2025,Electronics,8,8749.9,1093.74,440.83,Yes,0,0,16,48,7,4,0.125,Wallet,Android,Instagram,Gold,Express,1,4.3,Medium,Yes
CUST104158,Fiyaz Arya,28,Male,Punjab,Chandigarh,14-05-2026,03-06-2026,Sports & Fitness,4,2144.79,536.2,629.64,Yes,0,0,20,120,15,8,0.25,UPI,iPhone,Organic Search,Silver,Same Day,0,5,Medium,No
CUST104159,Vedika Kibe,28,Female,Jharkhand,Jamshedpur,15-02-2026,30-05-2026,Home & Kitchen,4,9451.92,2362.98,0,No,0,0,20,40,7,3,0.05,Debit Card,Android,Organic Search,None,Standard,1,4.9,Medium,No
CUST104160,Timothy Saraf,18,Female,Uttar Pradesh,Kanpur,15-01-2025,03-04-2025,Books,4,5342.5,1335.62,673.67,Yes,0,0,20,60,10,6,0.2,UPI,Windows Laptop,Direct,Silver,Same Day,1,2.3,Medium,Yes
CUST104161,Hemang Sura,36,Female,Rajasthan,Udaipur,30-10-2025,09-02-2026,Home & Kitchen,7,8284.11,1183.44,1682.57,Yes,0,0,19,57,10,4,0.105,Credit Card,Android,Instagram,Gold,Standard,0,3.6,Medium,No
CUST104162,Zilmil Raja,33,Male,Maharashtra,Mumbai,25-07-2024,10-09-2024,Fashion,7,12757.54,1822.51,5314.11,Yes,0,0,26,78,9,3,0.077,Cash on Delivery,Android,Google Ads,None,Standard,1,5,Medium,No
CUST104163,Hritik Chaudhari,29,Male,Uttar Pradesh,Kanpur,24-02-2026,21-05-2026,Electronics,9,5531.39,614.6,1833.92,Yes,0,0,14,28,4,2,0.071,UPI,Android,Google Ads,None,Standard,1,3.6,Medium,No
CUST104164,Jacob Khare,41,Female,Telangana,Hyderabad,29-04-2026,15-08-2026,Electronics,4,3468.62,867.16,361.17,Yes,0,0,20,80,8,4,0.15,Cash on Delivery,Android,Organic Search,None,Standard,0,4.4,Medium,No
CUST104165,Oviya Ramesh,20,Female,Uttar Pradesh,Varanasi,02-09-2024,27-05-2025,Beauty & Personal Care,2,1340.27,670.14,0,No,0,0,24,48,5,2,0.042,Cash on Delivery,Android,Direct,Gold,Express,1,4.8,Low,Yes
CUST104166,Idika Sarraf,26,Female,Telangana,Warangal,11-12-2025,11-04-2026,Electronics,3,3280.62,1093.54,1156.08,Yes,1,0.33,28,84,11,6,0.143,Debit Card,Windows Laptop,Instagram,None,Standard,0,5,Low,No
CUST104167,Baljiwan Rastogi,24,Female,Delhi,Delhi,07-03-2026,15-08-2026,Home & Kitchen,6,10322.6,1720.43,3261.02,Yes,0,0,29,145,26,17,0.31,Net Banking,Android,Instagram,None,Standard,1,3.8,Medium,No
CUST104168,Atharv Kalita,29,Female,Maharashtra,Pune,24-05-2025,21-10-2025,Beauty & Personal Care,6,26536.89,4422.81,2979.12,Yes,0,0,22,44,5,2,0.045,Credit Card,Windows Laptop,Referral,Gold,Same Day,1,4.6,Medium,No
CUST104169,Arjun Narasimhan,32,Male,Tamil Nadu,Coimbatore,02-06-2026,15-08-2026,Fashion,4,5291.28,1322.82,0,No,0,0,18,36,4,1,0.056,UPI,Android,Google Ads,Platinum,Standard,0,4.7,Medium,No
CUST104170,Brinda Sachar,34,Female,Maharashtra,Nagpur,23-03-2024,20-05-2025,Electronics,10,12903.38,1290.34,0,No,0,0,25,100,19,6,0.12,Debit Card,iPhone,Google Ads,Platinum,Standard,0,3.3,Medium,No
CUST104171,Tanmayi Kulkarni,28,Female,Karnataka,Mangaluru,12-11-2024,27-03-2025,Grocery,12,6194.62,516.22,0,No,0,0,25,50,10,6,0.12,Wallet,Android,Google Ads,None,Standard,2,4.8,Medium,No
CUST104172,Hemangini Pandey,24,Female,Andhra Pradesh,Visakhapatnam,06-10-2025,15-08-2026,Mobile Accessories,3,2487.44,829.15,0,No,1,0.33,22,44,8,4,0.091,Debit Card,Android,Google Ads,Gold,Standard,0,4.8,Low,Yes
CUST104173,Aradhana Sehgal,44,Male,Gujarat,Ahmedabad,14-04-2024,31-07-2024,Electronics,6,2240.57,373.43,0,No,0,0,24,72,7,4,0.125,Net Banking,Tablet,YouTube,None,Express,1,4.2,Medium,Yes
CUST104174,Ekta Shanker,50,Female,Uttar Pradesh,Kanpur,04-01-2025,07-06-2026,Electronics,7,31657.75,4522.54,4779.54,Yes,0,0,18,54,7,4,0.167,Net Banking,Android,Email,Platinum,Express,1,4.7,Medium,Yes
CUST104175,Naveen Kadakia,32,Female,Haryana,Faridabad,18-01-2026,08-02-2026,Mobile Accessories,7,3900.22,557.17,0,No,1,0.14,21,105,18,9,0.333,UPI,iPhone,Organic Search,None,Standard,0,4.9,Medium,No
CUST104176,Nandini Pall,25,Female,Andhra Pradesh,Visakhapatnam,03-08-2025,15-08-2026,Electronics,2,1923.8,961.9,232.85,Yes,0,0,20,60,10,6,0.2,UPI,Tablet,YouTube,None,Standard,2,3.7,Low,No
CUST104177,Xalak Chakraborty,43,Female,Uttar Pradesh,Lucknow,26-11-2025,19-06-2026,Mobile Accessories,6,7357.62,1226.27,2806.26,Yes,0,0,32,192,26,12,0.25,Credit Card,Android,Referral,Gold,Standard,1,5,Medium,No
CUST104178,Indira Yohannan,19,Male,Madhya Pradesh,Bhopal,21-09-2025,15-08-2026,Electronics,6,23849.3,3974.88,10375.1,Yes,0,0,19,76,10,4,0.105,Cash on Delivery,Android,Direct,Silver,Same Day,2,5,Medium,No
CUST104179,Edhitha Mohan,28,Male,Tamil Nadu,Coimbatore,28-06-2024,02-08-2025,Books,10,17569.5,1756.95,2377.54,Yes,1,0.1,18,36,5,2,0.056,UPI,Android,Direct,None,Express,2,5,High,Yes
CUST104180,Gautam Ravi,25,Male,Tamil Nadu,Chennai,21-02-2026,15-08-2026,Fashion,3,2187.84,729.28,357.2,Yes,0,0,27,54,9,6,0.148,Net Banking,Android,YouTube,None,Standard,1,4,Low,No
CUST104181,Widisha Grewal,22,Male,Gujarat,Vadodara,24-08-2025,15-08-2026,Mobile Accessories,6,7667.28,1277.88,0,No,0,0,26,156,14,9,0.192,UPI,Android,Direct,Platinum,Standard,1,4.9,Medium,No
CUST104182,Samaksh Lanka,29,Female,Odisha,Cuttack,22-08-2025,27-10-2025,Fashion,6,8383.8,1397.3,2189.48,Yes,0,0,23,92,15,10,0.261,Credit Card,Android,Direct,Gold,Standard,0,4.1,Medium,No
CUST104183,Indali Nazareth,24,Male,Odisha,Bhubaneswar,23-03-2024,16-05-2025,Grocery,7,5980.62,854.37,0,No,1,0.14,25,150,22,14,0.44,UPI,Android,Organic Search,None,Standard,1,3.3,Medium,Yes
CUST104184,Janaki Dutta,31,Female,Tamil Nadu,Madurai,15-06-2025,30-07-2026,Electronics,4,3717.07,929.27,0,No,0,0,23,138,11,5,0.087,Credit Card,Tablet,Referral,Gold,Standard,2,4.1,Medium,No
CUST104185,Ekantika Babu,31,Male,Maharashtra,Mumbai,10-09-2025,23-04-2026,Fashion,3,2304.53,768.18,678.59,Yes,0,0,14,56,4,2,0.071,Credit Card,Android,Referral,None,Standard,0,4.4,Low,No
CUST104186,Ranveer Mukherjee,26,Male,Bihar,Gaya,20-04-2026,15-08-2026,Grocery,7,5151.67,735.95,878.38,Yes,1,0.14,29,58,6,3,0.069,Credit Card,Android,Referral,Platinum,Standard,1,3.9,Medium,No
CUST104187,Pranav Rao,28,Male,Maharashtra,Mumbai,15-05-2025,15-08-2026,Home & Kitchen,4,3724.12,931.03,915.84,Yes,0,0,23,46,5,3,0.043,UPI,Windows Laptop,Direct,None,Express,0,3.4,Medium,No
CUST104188,Rushil Chander,29,Female,Uttar Pradesh,Kanpur,13-12-2024,15-08-2026,Books,5,4100.55,820.11,1025.54,Yes,1,0.2,14,56,10,4,0.214,UPI,iPhone,Google Ads,None,Same Day,0,4.5,Medium,Yes
CUST104189,Nidhi Lall,37,Male,Odisha,Cuttack,28-09-2024,21-07-2025,Home & Kitchen,2,2240.68,1120.34,0,No,0,0,21,63,7,3,0.048,Debit Card,Android,Organic Search,Gold,Standard,0,5,Low,Yes
CUST104190,Harini Walia,30,Male,Odisha,Cuttack,26-11-2024,12-01-2026,Sports & Fitness,3,6300.9,2100.3,1568.43,Yes,0,0,17,68,12,6,0.235,UPI,Android,Instagram,None,Standard,1,3.9,Low,No
CUST104191,Mekhala Deol,38,Female,Kerala,Kochi,01-09-2025,19-04-2026,Home & Kitchen,7,4568.52,652.65,1255.05,Yes,1,0.14,26,156,23,8,0.154,Credit Card,Android,Google Ads,Gold,Express,1,4.3,Medium,No
CUST104192,Hemang Memon,36,Other,Haryana,Faridabad,13-01-2026,15-08-2026,Mobile Accessories,2,1677.62,838.81,0,No,0,0,27,162,17,10,0.185,UPI,Android,Google Ads,None,Express,0,4.1,Low,No
CUST104193,Ekiya Kar,36,Female,Rajasthan,Jaipur,05-06-2026,15-08-2026,Mobile Accessories,4,6339.35,1584.84,0,No,1,0.25,15,30,5,3,0.133,Debit Card,Android,Organic Search,Gold,Express,0,4.6,Medium,No
CUST104194,Banjeet Korpal,42,Male,Kerala,Kozhikode,22-07-2025,15-08-2026,Fashion,6,11913.22,1985.54,3762.59,Yes,0,0,23,92,16,11,0.348,UPI,iPhone,Referral,Silver,Same Day,0,4.1,Medium,No
CUST104195,Anusha Bal,22,Male,Bihar,Gaya,22-10-2025,15-08-2026,Books,7,18947.44,2706.78,0,No,1,0.14,18,72,6,4,0.111,Credit Card,Tablet,Referral,None,Standard,0,4.3,Medium,No
CUST104196,Udarsh Kanda,27,Female,Karnataka,Bengaluru,23-01-2025,15-08-2026,Sports & Fitness,4,7288.64,1822.16,2816.38,Yes,0,0,19,38,6,2,0.053,Cash on Delivery,Windows Laptop,Organic Search,Silver,Standard,0,4.9,Medium,No
CUST104197,Upkaar Sarraf,45,Female,West Bengal,Kolkata,16-01-2026,07-06-2026,Fashion,4,6156.31,1539.08,0,No,0,0,18,108,18,9,0.278,Debit Card,Tablet,Email,Silver,Express,0,4.9,Medium,No
CUST104198,Maanav Arora,29,Female,Tamil Nadu,Coimbatore,16-05-2024,12-08-2024,Beauty & Personal Care,6,8089.6,1348.27,1713.78,Yes,0,0,20,40,5,2,0.05,Wallet,Android,Google Ads,Silver,Standard,0,5,Medium,Yes
CUST104199,Yagnesh Bail,18,Male,Gujarat,Surat,17-02-2026,15-08-2026,Electronics,6,8201.4,1366.9,0,No,0,0,24,120,20,10,0.292,UPI,Windows Laptop,Organic Search,Gold,Standard,0,3.9,Medium,No
CUST104200,Reva Sachdeva,29,Male,Bihar,Muzaffarpur,10-01-2026,15-08-2026,Sports & Fitness,7,5329.2,761.31,399.82,Yes,1,0.14,19,114,11,5,0.105,UPI,Android,Instagram,Gold,Standard,0,3.7,Medium,No
CUST104201,Nitara Grewal,32,Male,Punjab,Amritsar,26-12-2024,16-04-2026,Electronics,5,8914.06,1782.81,0,No,0,0,23,92,14,9,0.217,UPI,iPhone,YouTube,None,Express,0,2.8,Medium,No
CUST104202,Lila Lal,18,Female,Karnataka,Mangaluru,12-04-2026,15-08-2026,Electronics,6,7163.42,1193.9,0,No,0,0,29,87,9,3,0.034,UPI,Android,Referral,None,Standard,1,3.9,Medium,No
CUST104203,Adya Sankar,42,Male,Maharashtra,Nashik,08-10-2024,05-07-2025,Home & Kitchen,3,4770.44,1590.15,0,No,1,0.33,17,51,4,2,0.059,Debit Card,Android,YouTube,None,Standard,1,3.7,Low,No
CUST104204,Janya Keer,25,Other,Andhra Pradesh,Vijayawada,20-07-2024,25-10-2025,Beauty & Personal Care,6,4347.06,724.51,0,No,1,0.17,17,51,5,2,0.059,Debit Card,Android,Direct,Silver,Express,1,4.2,Medium,Yes
CUST104205,Ishanvi Bose,34,Male,Maharashtra,Mumbai,13-01-2026,09-05-2026,Sports & Fitness,4,5753.8,1438.45,0,No,0,0,27,108,10,6,0.074,Credit Card,iPhone,Organic Search,Gold,Same Day,0,4,Medium,Yes
CUST104206,Ekanta Koshy,29,Female,Rajasthan,Udaipur,14-06-2025,15-08-2026,Mobile Accessories,2,1507.69,753.84,0,No,0,0,18,72,7,4,0.111,UPI,iPhone,Direct,Gold,Same Day,0,2.6,Low,No
CUST104207,Gopal Tripathi,21,Male,Uttar Pradesh,Lucknow,16-01-2024,08-11-2024,Home & Kitchen,8,16430.52,2053.82,0,No,0,0,24,72,14,10,0.25,Credit Card,iPhone,Referral,None,Standard,0,3,High,Yes
CUST104208,Dipta Cheema,22,Female,Uttar Pradesh,Noida,21-07-2025,24-02-2026,Electronics,6,7759.01,1293.17,1332.6,Yes,1,0.17,16,48,9,3,0.062,Credit Card,Android,Direct,Gold,Same Day,2,3.6,Medium,No
CUST104209,Ijaya Kapur,24,Male,Maharashtra,Mumbai,18-05-2026,15-08-2026,Grocery,4,4977.33,1244.33,0,No,1,0.25,30,150,27,18,0.333,Credit Card,Windows Laptop,Organic Search,None,Express,1,3.9,Medium,No
CUST104210,Amruta Bera,40,Female,West Bengal,Howrah,23-04-2024,27-03-2025,Beauty & Personal Care,4,4601.66,1150.42,979.57,Yes,0,0,20,40,7,2,0.05,Credit Card,Windows Laptop,Organic Search,Gold,Standard,2,,Medium,Yes
CUST104211,Raksha Tank,30,Female,Maharashtra,Pune,08-03-2024,02-09-2024,Home & Kitchen,5,9735.13,1947.03,0,No,0,0,21,63,8,3,0.048,UPI,Windows Laptop,Direct,Silver,Standard,0,4.1,Medium,Yes
CUST104212,Dhruv Garg,27,Male,Uttar Pradesh,Lucknow,12-08-2025,22-10-2025,Fashion,7,13307.35,1901.05,0,No,0,0,18,54,8,5,0.222,Credit Card,Android,Instagram,None,Same Day,1,4.1,Medium,No
CUST104213,Saumya Bhandari,24,Female,Uttar Pradesh,Lucknow,30-01-2024,06-09-2024,Home & Kitchen,6,4974.61,829.1,0,No,1,0.17,24,120,23,16,0.333,UPI,Android,Google Ads,Platinum,Standard,0,3.8,Medium,No
CUST104214,Vansha Divan,41,Female,Delhi,New Delhi,02-06-2025,15-08-2026,Fashion,6,4079.96,679.99,0,No,0,0,20,40,5,2,0.05,UPI,MacBook,Email,None,Same Day,0,3.6,Medium,No
CUST104215,Irya Bhattacharyya,43,Female,Bihar,Patna,25-10-2025,05-04-2026,Grocery,3,5973.19,1991.06,2574.69,Yes,0,0,16,48,8,2,0.062,Debit Card,Android,Instagram,None,Standard,1,4.5,Low,No
CUST104216,Zayyan Bala,40,Female,Punjab,Chandigarh,24-05-2026,15-08-2026,Beauty & Personal Care,4,1473.12,368.28,0,No,0,0,19,95,13,8,0.316,Debit Card,iPhone,YouTube,Silver,Standard,0,4.9,Medium,No
CUST104217,Raagini Deol,35,Female,West Bengal,Kolkata,22-01-2024,21-11-2024,Books,5,14693.1,2938.62,965.55,Yes,0,0,21,126,16,11,0.381,Wallet,Windows Laptop,Organic Search,None,Standard,1,5,Medium,Yes
CUST104218,Tanveer Seth,33,Male,Rajasthan,Udaipur,06-03-2025,10-04-2025,Beauty & Personal Care,4,3128.43,782.11,876.37,Yes,0,0,20,40,7,3,0.1,Debit Card,MacBook,Referral,Gold,Express,1,4.5,Medium,No
CUST104219,Daksha Narayanan,21,Male,Odisha,Cuttack,30-01-2024,29-06-2024,Fashion,6,11476.8,1912.8,0,No,0,0,22,44,5,3,0.091,UPI,MacBook,Referral,Silver,Same Day,1,3.8,Medium,Yes
CUST104220,Yashoda Ray,29,Other,Delhi,Delhi,09-11-2025,15-08-2026,Sports & Fitness,5,8141.98,1628.4,0,No,0,0,21,126,18,11,0.333,Credit Card,Android,Organic Search,None,Express,2,4.3,Medium,No
CUST104221,Divya Ahuja,26,Male,Tamil Nadu,Madurai,21-10-2025,15-08-2026,Beauty & Personal Care,3,3670.59,1223.53,0,No,1,0.33,22,66,6,3,0.091,Debit Card,Android,Referral,None,Standard,0,4.7,Low,No
CUST104222,Ishita Dar,18,Male,Uttar Pradesh,Noida,13-02-2025,15-08-2026,Fashion,2,2924.5,1462.25,1167.39,Yes,1,0.5,15,90,13,6,0.2,Credit Card,iPhone,Organic Search,Platinum,Express,1,4.6,Low,No
CUST104223,Devansh Wagle,39,Female,Assam,Dibrugarh,18-02-2024,13-05-2025,Beauty & Personal Care,5,6765.02,1353,2399.48,Yes,0,0,21,63,10,4,0.095,Debit Card,Windows Laptop,Organic Search,Silver,Standard,0,4.2,Medium,Yes
CUST104224,Neel Hayer,25,Male,Madhya Pradesh,Indore,20-11-2024,03-01-2025,Fashion,3,5847.34,1949.11,834.56,Yes,0,0,15,45,6,3,0.133,Cash on Delivery,Windows Laptop,YouTube,Gold,Standard,2,4.3,Low,Yes
CUST104225,Praneel Golla,41,Female,Uttar Pradesh,Lucknow,02-05-2025,07-08-2026,Sports & Fitness,5,4566.51,913.3,839.27,Yes,0,0,24,120,20,11,0.292,Debit Card,Windows Laptop,Direct,None,Standard,1,4.4,Medium,No
CUST104226,Warda Dar,38,Female,Kerala,Kochi,24-10-2024,20-06-2025,Home & Kitchen,5,10785.56,2157.11,1858.53,Yes,2,0.4,24,120,17,11,0.333,UPI,Android,Instagram,Gold,Standard,0,3.6,Medium,Yes
CUST104227,Gaurav Chandra,35,Female,Telangana,Hyderabad,12-02-2026,15-08-2026,Grocery,7,3418.96,488.42,1154.93,Yes,0,0,22,88,12,6,0.136,UPI,Android,Organic Search,None,Standard,0,,Medium,No
CUST104228,Lila Reddy,36,Male,Bihar,Muzaffarpur,29-06-2024,13-03-2026,Electronics,4,7266.43,1816.61,0,No,0,0,20,40,5,1,0.05,Wallet,Android,Referral,Gold,Express,3,4.1,Medium,Yes
CUST104229,Urvi Devi,26,Male,Gujarat,Surat,12-03-2026,15-08-2026,Home & Kitchen,8,11185.08,1398.14,1812.33,Yes,0,0,16,80,16,11,0.438,UPI,Windows Laptop,YouTube,Gold,Standard,0,4.7,Medium,No
CUST104230,Qadim Char,46,Male,Karnataka,Bengaluru,01-05-2024,26-10-2025,Mobile Accessories,7,11316.69,1616.67,0,No,0,0,23,46,8,4,0.087,Cash on Delivery,Android,Direct,None,Express,1,3.1,Medium,Yes
CUST104231,Isha Goel,31,Male,Odisha,Bhubaneswar,03-05-2024,14-06-2024,Sports & Fitness,2,3235.11,1617.56,1440.99,Yes,0,0,21,63,9,5,0.143,UPI,iPhone,Organic Search,None,Standard,2,3.6,Low,Yes
CUST104232,Zayyan Tata,33,Male,Uttar Pradesh,Kanpur,28-03-2025,15-08-2025,Electronics,3,8320.32,2773.44,940.46,Yes,0,0,24,120,20,9,0.208,Wallet,Android,Referral,Gold,Standard,,2.5,Medium,Yes
CUST104233,Qarin Lad,26,Male,Telangana,Hyderabad,22-09-2024,17-02-2026,Fashion,2,2787.03,1393.52,874.1,Yes,0,0,20,80,15,6,0.2,UPI,Android,Google Ads,Gold,Standard,0,3.7,Low,Yes
CUST104234,Sai Karan,24,Female,Assam,Guwahati,28-01-2024,16-08-2024,Fashion,5,4031.19,806.24,0,No,0,0,24,72,10,4,0.125,Wallet,Android,Direct,Gold,Standard,1,3.1,Medium,Yes
CUST104235,Finn Nori,35,Female,West Bengal,Kolkata,15-09-2024,06-10-2025,Grocery,6,23460.09,3910.02,10478.86,Yes,0,0,23,138,27,13,0.348,UPI,Windows Laptop,Email,Gold,Standard,2,2.3,Medium,Yes
CUST104236,Girindra Viswanathan,33,Female,Tamil Nadu,Coimbatore,17-03-2024,16-08-2024,Grocery,8,15005.4,1875.68,0,No,1,0.12,20,100,10,4,0.1,Credit Card,Android,Instagram,None,Standard,1,3.4,High,Yes
CUST104237,Anmol Bhat,25,Female,West Bengal,Howrah,07-03-2025,21-02-2026,Grocery,2,4106.34,2053.17,0,No,0,0,19,38,6,2,0.053,UPI,Windows Laptop,Organic Search,Platinum,Standard,1,3.8,Low,No
CUST104238,Kashvi Chandran,19,Male,Madhya Pradesh,Bhopal,28-05-2026,15-08-2026,Home & Kitchen,4,3662,915.5,0,No,0,0,18,72,9,3,0.111,Debit Card,Android,Referral,Gold,Standard,1,3.8,Medium,No
CUST104239,Aarav Wadhwa,21,Female,Odisha,Cuttack,06-12-2025,15-08-2026,Sports & Fitness,4,3561.82,890.46,223.23,Yes,2,0.5,12,48,4,1,0.083,Net Banking,Android,Instagram,None,Standard,1,3.8,Medium,No
CUST104240,Aayush Narain,41,Female,Tamil Nadu,Chennai,12-06-2026,15-08-2026,Home & Kitchen,5,5898.13,1179.63,0,No,0,0,12,48,9,6,0.25,UPI,iPhone,Email,None,Standard,0,4,Medium,No
CUST104241,Damini Bala,26,Male,Odisha,Bhubaneswar,04-02-2024,23-02-2025,Electronics,7,14706.19,2100.88,0,No,1,0.14,20,60,8,3,0.1,Credit Card,Android,Referral,Gold,Same Day,0,5,Medium,Yes
CUST104242,Ekaraj Gera,28,Female,Gujarat,Surat,11-03-2025,15-08-2026,Beauty & Personal Care,6,11093.78,1848.96,0,No,0,0,20,60,9,4,0.05,UPI,iPhone,Referral,None,Standard,2,3.7,Medium,No
CUST104243,Wishi Gopal,43,Male,Kerala,Thiruvananthapuram,23-04-2024,07-11-2025,Mobile Accessories,8,5236.15,654.52,1560.95,Yes,0,0,27,135,20,13,0.222,Credit Card,MacBook,Organic Search,Gold,Standard,2,5,Medium,Yes
CUST104244,Hemani Chatterjee,22,Male,Gujarat,Surat,02-03-2024,06-01-2025,Sports & Fitness,7,20690.89,2955.84,0,No,1,0.14,18,36,5,1,0.056,Debit Card,Android,Instagram,Silver,Standard,1,5,Medium,Yes
CUST104245,Kavya Goel,25,Female,Gujarat,Vadodara,21-02-2024,18-10-2025,Beauty & Personal Care,3,2229.05,743.02,263.53,Yes,0,0,26,156,25,16,0.346,Debit Card,Windows Laptop,Instagram,Silver,Express,0,3.8,Low,No
CUST104246,Peter Tripathi,25,Female,Jharkhand,Ranchi,25-04-2024,02-07-2025,Beauty & Personal Care,5,7154.73,1430.95,2150.56,Yes,0,0,20,60,12,6,0.1,Net Banking,MacBook,Email,Silver,Express,1,3.2,Medium,No
CUST104247,Sai Balasubramanian,44,Female,Delhi,New Delhi,16-02-2024,25-02-2025,Mobile Accessories,5,7075.25,1415.05,0,No,0,0,18,72,15,6,0.222,UPI,Android,Google Ads,None,Standard,1,4.4,Medium,Yes
CUST104248,Jai Muni,47,Female,Maharashtra,Pune,13-03-2025,01-09-2025,Home & Kitchen,6,36191.63,6031.94,10655.83,Yes,1,0.17,24,96,16,6,0.125,Credit Card,iPhone,Direct,Silver,Express,1,5,Medium,No
CUST104249,Hritik Palla,37,Female,Uttar Pradesh,Varanasi,15-02-2025,15-05-2025,Fashion,3,3600.73,1200.24,1001.54,Yes,1,0.33,17,34,4,2,0.059,UPI,Android,Google Ads,Silver,Standard,0,2.3,Low,Yes
CUST104250,Zarna Ganesh,37,Female,Andhra Pradesh,Visakhapatnam,10-04-2024,01-05-2025,Mobile Accessories,6,4433.45,738.91,1544.55,Yes,0,0,25,150,22,10,0.24,UPI,Windows Laptop,Direct,None,Standard,0,3.9,Medium,Yes
CUST104251,Widisha Hans,26,Male,Telangana,Hyderabad,05-10-2024,09-05-2026,Sports & Fitness,5,8199.09,1639.82,1208.9,Yes,0,0,21,105,18,9,0.333,UPI,Android,Organic Search,None,Standard,0,4.2,Medium,No
CUST104252,Geetika Sha,47,Female,West Bengal,Siliguri,16-04-2024,03-10-2025,Fashion,7,6777.7,968.24,0,No,0,0,13,65,10,4,0.154,Wallet,iPhone,Instagram,Silver,Standard,1,5,Medium,No
CUST104253,Sara Dada,33,Male,Tamil Nadu,Madurai,04-02-2024,03-06-2024,Home & Kitchen,4,11325.23,2831.31,0,No,0,0,18,54,6,4,0.111,UPI,iPhone,YouTube,Gold,Standard,0,2.8,Medium,Yes
CUST104254,Hamsini Koshy,38,Male,Rajasthan,Udaipur,24-12-2024,09-01-2026,Home & Kitchen,5,9718.75,1943.75,0,No,0,0,28,168,27,10,0.214,UPI,iPhone,Instagram,Silver,Same Day,0,4.4,Medium,Yes
CUST104255,Lohit Khatri,30,Male,Karnataka,Bengaluru,05-06-2026,15-08-2026,Electronics,11,21536.35,1957.85,3443.38,Yes,0,0,17,51,10,7,0.235,Credit Card,Tablet,Instagram,None,Standard,2,4.6,High,No
CUST104256,Raghav Raval,29,Female,Bihar,Gaya,10-03-2026,05-07-2026,Mobile Accessories,4,3311.84,827.96,347.7,Yes,2,0.5,16,48,4,1,0.062,UPI,iPhone,Email,None,Standard,0,3.5,Medium,No
CUST104257,Ishita Bhargava,44,Female,Andhra Pradesh,Vijayawada,02-01-2024,06-12-2024,Home & Kitchen,6,11651.81,1941.97,718.49,Yes,0,0,15,30,2,1,0.067,UPI,Windows Laptop,Organic Search,None,Same Day,1,4.3,Medium,No
CUST104258,Hardik Venkatesh,35,Female,Gujarat,Vadodara,20-01-2026,15-08-2026,Books,8,35939.95,4492.49,13347.73,Yes,0,0,25,125,27,14,0.32,Credit Card,Tablet,Direct,None,Same Day,1,4.3,High,No
CUST104259,Ekani Vyas,43,Male,Telangana,Warangal,06-05-2025,23-04-2026,Fashion,5,4865.5,973.1,626.62,Yes,0,0,27,108,20,8,0.185,Cash on Delivery,Windows Laptop,Google Ads,None,Standard,0,4.9,Medium,Yes
CUST104260,Sai Mandal,33,Female,Gujarat,Ahmedabad,29-05-2026,15-07-2026,Beauty & Personal Care,3,4128.95,1376.32,806.74,Yes,0,0,11,22,3,1,0.091,Cash on Delivery,Windows Laptop,YouTube,None,Standard,1,5,Low,No
CUST104261,Krishna Sem,24,Male,Maharashtra,Nagpur,08-06-2026,15-08-2026,Electronics,6,6617.1,1102.85,2365.89,Yes,0,0,25,50,4,2,0.04,Credit Card,Android,Instagram,Gold,Standard,2,4.3,Medium,No
CUST104262,Brinda Sandhu,26,Male,Haryana,Faridabad,28-09-2024,08-12-2025,Grocery,7,8354.57,1193.51,1922.16,Yes,0,0,23,92,19,11,0.348,Cash on Delivery,Android,YouTube,None,Standard,0,4.2,Medium,Yes
CUST104263,Radhika Purohit,32,Female,Gujarat,Vadodara,23-05-2024,02-03-2025,Beauty & Personal Care,1,1687.64,1687.64,231.24,Yes,0,0,24,144,27,9,0.208,UPI,Windows Laptop,Referral,None,Standard,0,3.2,Low,Yes
CUST104264,Vritti Bajwa,26,Male,Telangana,Hyderabad,10-03-2025,05-06-2025,Beauty & Personal Care,8,12701.12,1587.64,1624.54,Yes,1,0.12,29,116,19,10,0.207,UPI,MacBook,Instagram,Silver,Standard,0,,Medium,No
CUST104265,Hemang Nagy,22,Female,Bihar,Muzaffarpur,26-03-2025,07-10-2025,Electronics,1,1354.75,1354.75,288.8,Yes,0,0,19,76,14,8,0.158,UPI,Android,Organic Search,Silver,Standard,3,4.1,Low,No
CUST104266,Lopa Mohan,41,Male,Gujarat,Surat,26-08-2025,08-02-2026,Fashion,8,6081.2,760.15,1678.84,Yes,0,0,23,92,15,7,0.174,Net Banking,Windows Laptop,Google Ads,Gold,Standard,0,3.5,Medium,No
CUST104267,Bhavna Bhakta,27,Male,Bihar,Gaya,02-01-2026,15-08-2026,Electronics,10,23623.13,2362.31,0,No,1,0.1,30,120,20,14,0.2,Cash on Delivery,Android,Email,None,Standard,2,4.7,High,No
CUST104268,Raghav Chakraborty,32,Female,West Bengal,Durgapur,19-07-2025,09-10-2025,Fashion,5,9034.57,1806.91,3720.69,Yes,0,0,18,90,18,12,0.444,Cash on Delivery,Android,YouTube,Silver,Standard,1,4.3,Medium,No
CUST104269,Oscar Murthy,33,Male,Punjab,Ludhiana,15-08-2024,05-09-2025,Beauty & Personal Care,5,13498.54,2699.71,695.63,Yes,1,0.2,17,85,11,5,0.176,Debit Card,Windows Laptop,Referral,None,Standard,0,4.3,Medium,No
CUST104270,Ayaan Batta,26,Male,Jharkhand,Ranchi,28-06-2025,25-06-2026,Beauty & Personal Care,7,11130.98,1590.14,0,No,0,0,17,34,5,3,0.118,UPI,Android,Direct,Silver,Express,1,4.5,Medium,No
CUST104271,Lekha Guha,43,Male,Bihar,Gaya,01-08-2024,16-09-2024,Beauty & Personal Care,7,2419.66,345.67,839.95,Yes,1,0.14,26,52,9,5,0.077,UPI,Windows Laptop,Instagram,Silver,Standard,0,3.5,Medium,No
CUST104272,Charles Saraf,22,Female,Jharkhand,Ranchi,09-10-2025,15-08-2026,Beauty & Personal Care,3,5755.69,1918.56,0,No,0,0,19,114,13,8,0.158,Net Banking,Windows Laptop,Google Ads,Gold,Standard,2,3.1,Low,Yes
CUST104273,Yashoda Prabhakar,33,Female,Maharashtra,Nagpur,04-09-2024,06-12-2024,Fashion,5,9779.18,1955.84,1890.91,Yes,1,0.2,23,92,15,8,0.174,Credit Card,Windows Laptop,Organic Search,None,Standard,0,4.5,Medium,Yes
CUST104274,Tanish Chaudhary,33,Female,Rajasthan,Udaipur,11-02-2025,11-11-2025,Fashion,7,11043.61,1577.66,3527.72,Yes,0,0,15,90,11,4,0.2,Cash on Delivery,Android,Google Ads,None,Standard,0,3.1,Medium,No
CUST104275,Quincy Kant,31,Female,Uttar Pradesh,Noida,22-02-2024,17-07-2025,Electronics,3,12386.91,4128.97,3494.84,Yes,0,0,19,114,9,4,0.158,UPI,Windows Laptop,Instagram,Platinum,Standard,0,5,Medium,Yes
CUST104276,Elijah Jani,21,Female,Uttar Pradesh,Noida,29-07-2025,03-02-2026,Sports & Fitness,3,7585.38,2528.46,990.75,Yes,1,0.33,24,144,14,8,0.208,UPI,Android,Organic Search,Silver,Express,0,4,Medium,Yes
CUST104277,Samuel Aurora,38,Female,Gujarat,Surat,09-11-2024,25-11-2025,Beauty & Personal Care,7,15962.59,2280.37,5145.98,Yes,1,0.14,21,126,12,8,0.19,Cash on Delivery,Android,Organic Search,None,Standard,0,4,Medium,No
CUST104278,Lakshmi Jha,37,Female,Tamil Nadu,Chennai,08-01-2025,06-02-2025,Fashion,6,2859.34,476.56,428.4,Yes,0,0,18,90,14,9,0.278,UPI,Android,Instagram,Silver,Express,1,4.7,Medium,Yes
CUST104279,Bina Agrawal,26,Female,Maharashtra,Nagpur,06-02-2024,11-04-2024,Electronics,4,11434.49,2858.62,4157.16,Yes,0,0,19,76,7,4,0.158,UPI,Windows Laptop,Google Ads,None,Express,1,4.3,Medium,No
CUST104280,Ganga Goel,37,Male,Telangana,Warangal,24-12-2025,24-04-2026,Books,3,4871.49,1623.83,0,No,1,0.33,26,52,8,4,0.115,UPI,Android,Email,None,Standard,0,5,Low,Yes
CUST104281,Vedant Prabhu,34,Female,Karnataka,Mangaluru,07-06-2025,15-08-2026,Grocery,4,2807.26,701.82,677.59,Yes,0,0,23,69,12,5,0.13,Credit Card,iPhone,Organic Search,Silver,Standard,2,4.8,Medium,No
CUST104282,Chaitanya Dugal,21,Male,Kerala,Kozhikode,24-03-2024,26-10-2024,Grocery,7,11358.7,1622.67,813.85,Yes,0,0,23,115,19,6,0.174,Debit Card,MacBook,Referral,Gold,Same Day,0,4.2,Medium,Yes
CUST104283,Yatin Kuruvilla,24,Male,Karnataka,Mysuru,18-06-2026,15-08-2026,Home & Kitchen,6,3715.15,619.19,0,No,0,0,23,138,25,12,0.348,Net Banking,iPhone,Organic Search,Silver,Express,1,3.7,Medium,No
CUST104284,Dayita Jayaraman,40,Female,West Bengal,Howrah,03-04-2024,28-05-2024,Fashion,5,8428.28,1685.66,1996.54,Yes,0,0,21,63,9,5,0.095,Cash on Delivery,Android,Direct,None,Standard,1,5,Medium,Yes
CUST104285,Nimrat Anne,33,Male,Uttar Pradesh,Kanpur,18-02-2025,24-03-2026,Mobile Accessories,6,9698.96,1616.49,851.64,Yes,0,0,13,52,9,4,0.154,Credit Card,Android,Google Ads,Silver,Same Day,0,,Medium,No
CUST104286,Odika Purohit,26,Female,Uttar Pradesh,Lucknow,07-12-2024,22-11-2025,Sports & Fitness,3,2705.83,901.94,0,No,0,0,18,72,13,6,0.167,UPI,Tablet,YouTube,Platinum,Standard,2,4,Low,Yes
CUST104287,Ranveer Sura,24,Female,Haryana,Gurugram,19-12-2025,15-08-2026,Fashion,8,15193.2,1899.15,2525.97,Yes,0,0,18,108,12,4,0.111,UPI,Android,Google Ads,Gold,Standard,1,4.1,High,No
CUST104288,Advaith Rana,27,Male,Uttar Pradesh,Kanpur,03-07-2025,30-10-2025,Sports & Fitness,5,4208.24,841.65,0,No,0,0,19,95,18,11,0.474,UPI,Android,Instagram,None,Standard,0,3.8,Medium,No
CUST104289,Saumya Dave,27,Female,Telangana,Warangal,24-02-2025,29-09-2025,Grocery,6,8211.11,1368.52,1803.38,Yes,0,0,21,63,13,6,0.143,Wallet,Windows Laptop,Organic Search,None,Standard,1,5,Medium,No
CUST104290,Ekavir Contractor,24,Female,Madhya Pradesh,Bhopal,13-12-2024,21-05-2026,Fashion,5,12101.04,2420.21,3446.61,Yes,1,0.2,27,162,29,17,0.407,Cash on Delivery,Android,Google Ads,Silver,Express,0,5,Medium,Yes
CUST104291,Nathan Suresh,18,Male,Uttar Pradesh,Kanpur,15-12-2025,03-04-2026,Home & Kitchen,5,4632.16,926.43,1160.08,Yes,1,0.2,30,90,19,10,0.167,UPI,Windows Laptop,Direct,None,Standard,0,,Medium,No
CUST104292,Qadim Yadav,40,Female,Maharashtra,Mumbai,20-02-2026,15-08-2026,Fashion,7,6302.79,900.4,2141.08,Yes,0,0,23,115,10,7,0.13,UPI,iPhone,Referral,None,Standard,0,5,Medium,No
CUST104293,Oliver Kunda,39,Female,Uttar Pradesh,Varanasi,09-08-2025,27-10-2025,Electronics,8,22388.04,2798.5,7549.7,Yes,1,0.12,19,38,3,2,0.053,UPI,Android,Google Ads,None,Express,0,4.9,High,No
CUST104294,Bhavani Yadav,21,Male,Assam,Guwahati,07-05-2024,25-11-2025,Grocery,6,7182.79,1197.13,1648.56,Yes,0,0,24,72,14,7,0.208,UPI,MacBook,Direct,Silver,Express,1,4.3,Medium,No
CUST104295,Bhavani Lal,32,Male,Gujarat,Ahmedabad,20-04-2026,15-08-2026,Fashion,4,17911.37,4477.84,0,No,0,0,25,100,8,5,0.12,UPI,Android,Organic Search,Platinum,Standard,1,3.8,Medium,No
CUST104296,Jagdish Rana,24,Male,Tamil Nadu,Madurai,31-05-2024,14-01-2026,Sports & Fitness,2,3038.41,1519.2,647.64,Yes,0,0,23,69,11,5,0.13,Credit Card,Tablet,Referral,Platinum,Express,1,3.4,Low,No
CUST104297,Gabriel Tank,29,Male,Maharashtra,Mumbai,05-06-2025,04-07-2026,Mobile Accessories,7,15970.7,2281.53,0,No,0,0,22,66,7,3,0.091,Cash on Delivery,Android,YouTube,Gold,Standard,1,3.6,Medium,No
CUST104298,Joshua Vasa,28,Male,Maharashtra,Nashik,07-02-2024,02-11-2024,Electronics,6,10295.09,1715.85,0,No,2,0.33,23,92,13,4,0.087,UPI,Android,Google Ads,Silver,Standard,1,4.2,Medium,Yes
CUST104299,Upasna Srinivas,28,Female,Gujarat,Surat,02-03-2025,08-01-2026,Home & Kitchen,3,5117.42,1705.81,2200.79,Yes,0,0,20,80,10,6,0.15,UPI,Android,Instagram,None,Standard,1,3.2,Low,No
CUST104300,Isaac Karnik,47,Male,Uttar Pradesh,Kanpur,14-04-2024,30-11-2025,Sports & Fitness,7,13753.04,1964.72,3199.98,Yes,1,0.14,28,84,8,3,0.036,Debit Card,Android,Google Ads,None,Standard,1,3,Medium,Yes
CUST104301,Lipika Gour,27,Female,Maharashtra,Nashik,13-06-2024,15-12-2024,Grocery,4,7860.09,1965.02,0,No,0,0,21,63,10,5,0.143,Cash on Delivery,Android,YouTube,None,Standard,2,4.9,Medium,Yes
CUST104302,Ekansh Khurana,25,Male,Jharkhand,Ranchi,27-06-2025,15-08-2026,Grocery,4,3063.48,765.87,0,No,0,0,29,87,9,3,0.034,UPI,Android,Organic Search,None,Standard,0,3.1,Medium,No
CUST104303,Kamala Sarma,25,Male,Kerala,Kochi,30-07-2024,12-08-2025,Fashion,4,3337.25,834.31,1361.72,Yes,0,0,14,70,9,3,0.071,Net Banking,Windows Laptop,Direct,Silver,Standard,0,4.1,Medium,No
CUST104304,Riya Barman,39,Female,Uttar Pradesh,Lucknow,09-06-2025,04-09-2025,Home & Kitchen,4,8533.51,2133.38,1409.81,Yes,0,0,24,96,18,11,0.292,Debit Card,Android,Organic Search,None,Standard,0,,Medium,Yes
CUST104305,Shivansh Nadkarni,18,Female,Punjab,Amritsar,11-01-2026,26-03-2026,Beauty & Personal Care,6,7128.89,1188.15,2130.05,Yes,0,0,21,126,21,9,0.238,Credit Card,Android,Instagram,None,Standard,0,4,Medium,No
CUST104306,Akshay Dua,25,Female,Maharashtra,Nashik,11-05-2024,23-08-2025,Mobile Accessories,2,1674.91,837.46,0,No,0,0,22,88,15,6,0.091,Cash on Delivery,Android,Organic Search,Platinum,Standard,0,3.5,Low,Yes
CUST104307,Zashil Gill,43,Male,Rajasthan,Udaipur,31-05-2024,16-05-2025,Fashion,3,4881.12,1627.04,1855.15,Yes,0,0,16,80,12,5,0.125,UPI,iPhone,Google Ads,Silver,Standard,0,4.7,Low,No
CUST104308,Turvi Iyer,33,Female,Bihar,Patna,05-04-2024,21-08-2024,Books,7,23683.77,3383.4,9633.58,Yes,0,0,20,60,6,2,0.05,UPI,Android,Direct,Silver,Standard,0,3.4,Medium,No
CUST104309,Mahika Rai,33,Male,Punjab,Amritsar,17-05-2025,15-08-2026,Fashion,5,6606.77,1321.35,1955.92,Yes,0,0,18,54,7,2,0.056,UPI,Android,Google Ads,Silver,Standard,0,4.8,Medium,No
CUST104310,Bishakha Tiwari,48,Male,Madhya Pradesh,Bhopal,05-06-2025,03-07-2025,Mobile Accessories,7,10092.85,1441.84,3022.86,Yes,0,0,23,115,16,6,0.13,UPI,Android,Organic Search,Platinum,Express,0,3.9,Medium,No
CUST104311,Umang Gour,33,Male,Tamil Nadu,Chennai,08-01-2025,14-03-2026,Grocery,7,10039.16,1434.17,2022.13,Yes,1,0.14,18,36,3,2,0.056,Net Banking,Android,Google Ads,None,Standard,2,4.5,Medium,No
CUST104312,Gautami Sarna,25,Female,Jharkhand,Jamshedpur,24-05-2026,04-07-2026,Home & Kitchen,6,5608.89,934.82,0,No,1,0.17,22,110,18,13,0.455,UPI,Tablet,Google Ads,Platinum,Express,,4.3,Medium,No
CUST104313,Ridhi Boase,29,Male,Maharashtra,Nagpur,16-01-2024,20-03-2024,Beauty & Personal Care,4,4930.92,1232.73,1190.25,Yes,1,0.25,22,66,10,5,0.091,Net Banking,Tablet,Instagram,Silver,Standard,0,5,Medium,Yes
CUST104314,Bhavna Dyal,22,Female,Haryana,Gurugram,09-11-2025,29-05-2026,Fashion,4,1753.56,438.39,610.58,Yes,0,0,24,96,12,8,0.167,Net Banking,Windows Laptop,Direct,Gold,Express,0,3.7,Medium,No
CUST104315,Eesha Bhandari,41,Female,Andhra Pradesh,Vijayawada,30-08-2025,09-11-2025,Fashion,10,7885.46,788.55,0,No,0,0,24,96,10,4,0.083,UPI,Android,Referral,Silver,Express,0,4.5,Medium,No
CUST104316,Dhruv Rout,36,Female,Karnataka,Mangaluru,18-01-2024,06-03-2024,Electronics,2,2487.08,1243.54,0,No,0,0,31,124,12,7,0.161,UPI,Windows Laptop,Direct,None,Standard,1,3.6,Low,Yes
CUST104317,Omkaar Nagy,40,Male,Kerala,Kochi,12-02-2025,15-08-2026,Electronics,3,2362.77,787.59,0,No,0,0,19,38,7,4,0.105,Wallet,Android,Google Ads,Gold,Express,1,3.3,Low,No
CUST104318,Balvan Dhar,41,Male,West Bengal,Howrah,07-01-2024,26-01-2025,Fashion,10,13933.75,1393.38,6152.52,Yes,1,0.1,22,132,27,16,0.545,UPI,iPhone,Organic Search,None,Standard,0,4.3,Medium,Yes
CUST104319,Vivaan Ahuja,28,Male,Gujarat,Vadodara,26-11-2025,06-03-2026,Grocery,4,4829.58,1207.4,1414.26,Yes,0,0,25,150,29,18,0.4,UPI,MacBook,Google Ads,Gold,Standard,1,4.6,Medium,No
CUST104320,Aarush Bhardwaj,23,Male,Rajasthan,Jodhpur,12-06-2026,15-08-2026,Beauty & Personal Care,2,5353.44,2676.72,406.59,Yes,1,0.5,22,66,10,3,0.045,UPI,Android,Referral,None,Standard,0,4.5,Low,No
CUST104321,Jagdish Kapur,31,Female,Uttar Pradesh,Kanpur,01-09-2024,14-11-2025,Electronics,6,27102.63,4517.11,0,No,1,0.17,26,104,22,10,0.231,Wallet,Android,Google Ads,None,Express,2,4.4,Medium,No
CUST104322,Ethan Bahri,24,Female,Jharkhand,Jamshedpur,01-06-2026,15-08-2026,Sports & Fitness,3,3435.36,1145.12,1298.65,Yes,0,0,21,84,12,4,0.143,UPI,Windows Laptop,Google Ads,None,Standard,0,4.1,Low,No
CUST104323,Libni Mandal,32,Female,Odisha,Cuttack,28-05-2026,15-08-2026,Beauty & Personal Care,8,12818.98,1602.37,0,No,0,0,18,72,6,2,0.056,Cash on Delivery,Windows Laptop,Organic Search,None,Standard,0,4.9,Medium,No
CUST104324,Shivani Khanna,40,Female,Rajasthan,Udaipur,16-08-2025,15-08-2026,Mobile Accessories,5,10990.76,2198.15,3535.9,Yes,0,0,20,80,10,4,0.1,Net Banking,Windows Laptop,Organic Search,Gold,Standard,1,3.6,Medium,No
CUST104325,Zashil Pai,30,Female,Madhya Pradesh,Bhopal,04-10-2025,20-07-2026,Grocery,8,9276.86,1159.61,3881.13,Yes,0,0,21,105,11,8,0.238,Net Banking,Android,Referral,Silver,Same Day,1,3.4,Medium,No
CUST104326,Varenya Dua,32,Male,Jharkhand,Ranchi,08-05-2024,07-03-2025,Electronics,3,4335.45,1445.15,652.79,Yes,1,0.33,17,51,9,3,0.059,Credit Card,Android,Instagram,Silver,Same Day,0,4.5,Low,Yes
CUST104327,Jagvi Kapur,30,Other,West Bengal,Durgapur,11-03-2026,15-08-2026,Home & Kitchen,4,2456.2,614.05,697.57,Yes,1,0.25,29,145,17,9,0.207,Credit Card,Android,Organic Search,None,Express,0,3.7,Medium,Yes
CUST104328,Bhavini Ghosh,37,Male,Andhra Pradesh,Vijayawada,30-03-2025,19-11-2025,Beauty & Personal Care,10,19209.12,1920.91,0,No,1,0.1,17,34,4,2,0.059,Credit Card,Android,Direct,None,Standard,0,3.5,High,No
CUST104329,Aarini Dyal,26,Female,Maharashtra,Mumbai,08-08-2025,15-08-2026,Electronics,4,10163.3,2540.82,3656.38,Yes,0,0,27,81,17,9,0.185,Credit Card,Tablet,YouTube,Platinum,Standard,1,4.5,Medium,No
CUST104330,Ansh Sankaran,18,Female,Punjab,Amritsar,25-05-2026,15-08-2026,Electronics,10,6056.02,605.6,1709.4,Yes,2,0.2,17,68,14,8,0.294,UPI,Android,Organic Search,None,Standard,1,4.8,Medium,No
CUST104331,Maanas Basak,35,Female,Tamil Nadu,Madurai,24-07-2025,05-10-2025,Electronics,6,3494.43,582.4,773.07,Yes,2,0.33,18,72,11,7,0.167,Credit Card,Tablet,Organic Search,Gold,Express,0,,Medium,No
CUST104332,Nirja Karan,39,Male,Maharashtra,Nagpur,12-03-2024,21-03-2025,Fashion,1,2460.69,2460.69,151.57,Yes,0,0,20,100,11,6,0.25,UPI,iPhone,YouTube,Silver,Same Day,1,2.9,Low,Yes
CUST104333,Jeremiah Pandit,35,Female,Gujarat,Ahmedabad,08-06-2024,06-02-2026,Home & Kitchen,3,3675.48,1225.16,1572.81,Yes,3,1,25,150,21,13,0.32,Credit Card,Windows Laptop,Google Ads,Gold,Standard,2,5,Low,Yes
CUST104334,Nidra Sama,26,Female,Bihar,Muzaffarpur,27-03-2024,31-12-2025,Home & Kitchen,8,5783.35,722.92,1440.61,Yes,1,0.12,15,75,15,5,0.133,Cash on Delivery,MacBook,Google Ads,Silver,Express,0,,Medium,No
CUST104335,Triveni Sethi,22,Female,Telangana,Hyderabad,04-02-2025,11-06-2025,Electronics,4,5310.6,1327.65,1973.65,Yes,0,0,20,120,13,8,0.15,UPI,Tablet,Instagram,None,Express,0,2.5,Medium,Yes
CUST104336,Lipika Sheth,35,Female,West Bengal,Kolkata,06-04-2025,21-01-2026,Grocery,4,4172.68,1043.17,862.73,Yes,1,0.25,17,51,4,2,0.059,Net Banking,Tablet,Instagram,Silver,Same Day,2,2.9,Medium,Yes
CUST104337,Geetika Nanda,32,Male,Uttar Pradesh,Kanpur,12-06-2025,10-03-2026,Beauty & Personal Care,4,3464.3,866.08,0,No,0,0,25,75,14,5,0.08,Credit Card,Android,Google Ads,Silver,Express,0,4.3,Medium,Yes
CUST104338,Kiaan Wagle,30,Male,Assam,Guwahati,29-03-2024,07-03-2025,Fashion,8,5096.24,637.03,581.05,Yes,0,0,15,45,6,4,0.133,Debit Card,Windows Laptop,Email,None,Standard,0,4.5,Medium,No
CUST104339,Yatan Kalla,46,Female,Telangana,Hyderabad,22-10-2025,28-06-2026,Electronics,3,10726.43,3575.48,0,No,0,0,27,54,11,8,0.185,UPI,Android,Google Ads,Silver,Standard,0,3.6,Medium,No
CUST104340,Robert Patla,23,Female,Karnataka,Bengaluru,02-04-2026,06-06-2026,Electronics,5,18208.43,3641.69,,No,0,0,25,75,13,7,0.2,Wallet,Windows Laptop,Instagram,None,Standard,1,4.2,Medium,No
CUST104341,Nilima Prasad,45,Female,Gujarat,Ahmedabad,06-01-2024,28-08-2024,Home & Kitchen,4,4772.04,1193.01,0,No,0,0,18,90,7,4,0.056,Debit Card,iPhone,YouTube,Silver,Standard,0,4.6,Medium,Yes
CUST104342,Tanay Ramaswamy,31,Male,West Bengal,Kolkata,18-08-2025,15-08-2026,Electronics,4,25359.2,6339.8,5770.14,Yes,1,0.25,25,125,23,9,0.24,Wallet,Android,Referral,Silver,Standard,0,4.6,Medium,No
CUST104343,Upma Chopra,18,Male,Punjab,Amritsar,24-03-2024,23-11-2024,Fashion,3,9233.2,3077.73,2256.31,Yes,1,0.33,17,102,10,5,0.176,Cash on Delivery,MacBook,Google Ads,Gold,Standard,0,3.4,Medium,Yes
CUST104344,Charita Sachar,30,Male,Punjab,Amritsar,06-09-2024,30-04-2025,Beauty & Personal Care,6,9234.69,1539.12,885.79,Yes,0,0,13,39,3,1,0.077,Net Banking,Android,Instagram,Silver,Standard,0,5,Medium,Yes
CUST104345,Ryan Kalla,39,Male,Uttar Pradesh,Varanasi,27-10-2025,03-01-2026,Beauty & Personal Care,7,28253.81,4036.26,6239.56,Yes,0,0,20,120,19,6,0.2,UPI,Android,Instagram,Silver,Express,0,5,Medium,No
CUST104346,Naksh Rajagopalan,28,Male,Telangana,Hyderabad,19-02-2025,15-08-2026,Fashion,4,1653.58,413.4,213.18,Yes,0,0,24,120,17,10,0.25,Debit Card,Android,Direct,Silver,Express,0,4.7,Medium,No
CUST104347,Pranit Savant,19,Male,Madhya Pradesh,Bhopal,12-03-2024,24-12-2024,Fashion,3,3211.43,1070.48,1284.84,Yes,0,0,17,68,8,4,0.118,UPI,iPhone,Instagram,None,Standard,0,3.4,Low,No
CUST104348,Samuel Raju,30,Male,Uttar Pradesh,Noida,12-09-2025,12-04-2026,Beauty & Personal Care,2,7442.8,3721.4,0,No,0,0,17,51,8,2,0.059,Cash on Delivery,iPhone,Instagram,None,Standard,1,4.9,Medium,No
CUST104349,Anjali Dugal,24,Female,Punjab,Chandigarh,21-04-2024,10-09-2024,Sports & Fitness,2,2370.75,1185.38,1021.29,Yes,0,0,22,44,8,3,0.045,Wallet,Windows Laptop,YouTube,None,Express,0,3.5,Low,Yes
CUST104350,Rudra Dora,35,Male,Bihar,Patna,20-06-2024,28-02-2026,Grocery,3,6899.78,2299.93,0,No,0,0,12,24,3,1,0.083,UPI,Android,Referral,None,Express,0,4.6,Low,Yes
CUST104351,Edhitha Sidhu,37,Female,Madhya Pradesh,Bhopal,29-11-2025,22-12-2025,Beauty & Personal Care,5,3824.7,764.94,713.53,Yes,1,0.2,30,120,22,9,0.233,Debit Card,Android,Organic Search,Gold,Same Day,0,4.4,Medium,No
CUST104352,Kalpit Sur,23,Female,Uttar Pradesh,Varanasi,07-03-2026,15-08-2026,Fashion,7,6810.43,972.92,1263.23,Yes,1,0.14,20,120,16,9,0.3,Cash on Delivery,Android,Referral,Gold,Standard,1,4.7,Medium,No
CUST104353,Balendra Chatterjee,25,Male,Gujarat,Vadodara,29-09-2024,24-04-2026,Fashion,3,5301.1,1767.03,0,No,0,0,18,108,16,9,0.222,UPI,Android,Organic Search,Platinum,Standard,0,3.8,Low,No
CUST104354,Frederick Bail,37,Female,Jharkhand,Ranchi,13-06-2025,08-11-2025,Books,3,4994.99,1665,1816.65,Yes,0,0,18,108,16,7,0.167,UPI,iPhone,Direct,Silver,Same Day,2,5,Low,No
CUST104355,Chatresh Narula,24,Female,Uttar Pradesh,Lucknow,10-11-2025,10-12-2025,Electronics,6,10461.66,1743.61,0,No,0,0,19,57,7,3,0.053,UPI,Windows Laptop,Google Ads,Silver,Standard,0,4.3,Medium,No
CUST104356,Dhriti Parikh,22,Male,Uttar Pradesh,Lucknow,14-11-2024,01-07-2025,Mobile Accessories,4,3580.35,895.09,591.49,Yes,0,0,26,156,20,14,0.346,UPI,Windows Laptop,Instagram,Platinum,Standard,0,3.6,Medium,Yes
CUST104357,Matthew Kala,22,Male,Delhi,New Delhi,22-03-2024,26-07-2024,Grocery,5,4738.12,947.62,0,No,0,0,22,44,6,2,0.045,Net Banking,MacBook,Organic Search,Gold,Standard,2,4.6,Medium,Yes
CUST104358,Dominic Patil,34,Male,Bihar,Patna,15-03-2024,02-09-2024,Grocery,6,27752.13,4625.36,12103.94,Yes,0,0,24,48,9,3,0.042,Cash on Delivery,Android,Direct,Silver,Standard,1,4.4,Medium,Yes
CUST104359,Sanya Soman,33,Female,Uttar Pradesh,Lucknow,04-03-2025,17-05-2026,Electronics,7,10700.96,1528.71,0,No,1,0.14,25,50,7,3,0.04,Cash on Delivery,iPhone,Organic Search,Gold,Standard,0,4.7,Medium,Yes
CUST104360,Parth Mann,26,Male,Karnataka,Mangaluru,04-04-2025,14-07-2026,Beauty & Personal Care,6,14591.49,2431.92,2436.84,Yes,0,0,22,132,12,8,0.227,Cash on Delivery,Windows Laptop,Google Ads,None,Standard,0,3.7,Medium,Yes
CUST104361,Harrison Dutta,31,Male,West Bengal,Durgapur,26-04-2026,15-08-2026,Home & Kitchen,5,12440.67,2488.13,3213.52,Yes,0,0,20,60,10,6,0.2,UPI,iPhone,YouTube,Silver,Standard,1,3.9,Medium,No
CUST104362,Nihal Sagar,43,Female,Uttar Pradesh,Lucknow,11-12-2024,20-12-2025,Electronics,3,2740.26,913.42,666.15,Yes,0,0,25,50,7,4,0.12,Net Banking,Windows Laptop,Organic Search,None,Express,2,4.3,Low,No
CUST104363,Nimrat Dutt,23,Male,Madhya Pradesh,Bhopal,05-09-2024,30-09-2025,Fashion,8,10123.42,1265.43,861.31,Yes,0,0,21,105,14,9,0.238,Cash on Delivery,Windows Laptop,Direct,Gold,Standard,0,,Medium,No
CUST104364,Avni Krish,18,Female,Uttar Pradesh,Lucknow,04-10-2025,10-08-2026,Books,1,1031.39,1031.39,270.72,Yes,1,1,22,44,7,2,0.045,Net Banking,Android,Instagram,Gold,Same Day,1,3.6,Low,Yes
CUST104365,Manan Saxena,35,Male,Delhi,Delhi,21-01-2025,21-08-2025,Beauty & Personal Care,3,7025.19,2341.73,0,No,0,0,23,69,7,3,0.087,Credit Card,Android,Email,None,Standard,0,3.2,Medium,No
CUST104366,Balveer Deshmukh,30,Female,Bihar,Muzaffarpur,16-05-2026,15-08-2026,Home & Kitchen,7,7772.79,1110.4,0,No,0,0,21,42,7,3,0.048,UPI,iPhone,Direct,Silver,Standard,1,4.1,Medium,No
CUST104367,Urvashi Raghavan,25,Male,Maharashtra,Pune,13-12-2025,15-08-2026,Electronics,2,6785.7,3392.85,577.61,Yes,0,0,18,72,12,4,0.111,Debit Card,iPhone,Organic Search,None,Standard,0,3.7,Low,Yes
CUST104368,Onkar Bahri,36,Male,Gujarat,Vadodara,28-12-2024,15-08-2026,Grocery,3,1493.91,497.97,426.61,Yes,0,0,23,92,9,4,0.13,Debit Card,Android,Instagram,Gold,Same Day,0,3.6,Low,No
CUST104369,Ridhi Gopal,38,Male,Karnataka,Bengaluru,22-10-2024,05-07-2025,Grocery,8,14506.3,1813.29,1009.69,Yes,0,0,22,88,17,7,0.182,Debit Card,iPhone,Direct,None,Express,1,3.7,Medium,Yes
CUST104370,Anmol Swamy,18,Other,Karnataka,Bengaluru,08-03-2024,25-05-2025,Beauty & Personal Care,4,20857.72,5214.43,6285.92,Yes,0,0,26,52,5,3,0.038,UPI,Windows Laptop,Referral,Gold,Express,1,3.1,Medium,Yes
CUST104371,Harinakshi Chada,26,Male,Karnataka,Mangaluru,13-03-2025,15-08-2026,Home & Kitchen,3,2574.48,858.16,857.01,Yes,0,0,19,57,9,3,0.053,Credit Card,Android,Referral,Silver,Express,2,3.7,Low,No
CUST104372,Ekapad Goel,50,Female,Telangana,Hyderabad,15-06-2025,05-07-2025,Home & Kitchen,6,9285.76,1547.63,0,No,1,0.17,28,168,22,14,0.393,UPI,MacBook,YouTube,None,Standard,0,4.2,Medium,No
CUST104373,Charita Ramesh,36,Female,West Bengal,Howrah,21-02-2026,15-08-2026,Beauty & Personal Care,5,5073.54,1014.71,0,No,0,0,16,48,8,4,0.125,Debit Card,Windows Laptop,Direct,None,Standard,0,3.6,Medium,No
CUST104374,Indrajit Hegde,36,Female,Gujarat,Vadodara,27-08-2025,10-04-2026,Fashion,5,10681.88,2136.38,793.85,Yes,1,0.2,20,100,8,3,0.1,Credit Card,Windows Laptop,Organic Search,None,Standard,0,3.1,Medium,Yes
CUST104375,Brinda Chacko,40,Male,Rajasthan,Jaipur,12-05-2024,23-02-2025,Mobile Accessories,7,3625.9,517.99,0,No,0,0,24,120,13,5,0.083,UPI,Android,Direct,Silver,Standard,2,4.8,Medium,Yes
CUST104376,Warda Babu,31,Female,Rajasthan,Jaipur,21-10-2024,27-01-2025,Beauty & Personal Care,4,3044.87,761.22,0,No,2,0.5,13,39,5,3,0.077,Credit Card,Tablet,Referral,Gold,Standard,0,3.9,Medium,Yes
CUST104377,Omkaar Patla,37,Female,Telangana,Warangal,22-10-2024,22-07-2026,Fashion,6,4502.16,750.36,0,No,1,0.17,27,54,9,6,0.111,UPI,Android,Instagram,Silver,Standard,0,4,Medium,No
CUST104378,Rehaan Varghese,37,Male,Punjab,Chandigarh,08-10-2025,15-08-2026,Home & Kitchen,7,13860.59,1980.08,4281.69,Yes,0,0,26,104,17,11,0.346,Debit Card,Android,Referral,None,Express,1,3.5,Medium,No
CUST104379,Zinal Bajwa,35,Female,Maharashtra,Pune,13-05-2026,15-08-2026,Sports & Fitness,8,10346.68,1293.34,1035.83,Yes,2,0.25,23,92,19,7,0.217,Cash on Delivery,Android,Email,Silver,Express,2,3.5,Medium,No
CUST104380,Eiravati Ganesan,28,Female,Rajasthan,Jaipur,17-05-2026,15-08-2026,Electronics,4,4230.48,1057.62,1375.65,Yes,0,0,16,96,15,11,0.375,Credit Card,Android,Organic Search,Gold,Standard,1,4.2,Medium,No
CUST104381,William Mohan,32,Other,West Bengal,Siliguri,02-02-2024,06-07-2024,Fashion,6,11466.37,1911.06,3210.2,Yes,1,0.17,23,46,5,2,0.043,Cash on Delivery,Android,Organic Search,Gold,Standard,0,2.7,Medium,Yes
CUST104382,Saumya Sant,26,Male,West Bengal,Siliguri,08-01-2025,16-06-2026,Grocery,5,7816.21,1563.24,912.07,Yes,1,0.2,22,132,18,8,0.227,UPI,Android,Organic Search,Gold,Standard,2,2.8,Medium,No
CUST104383,Banjeet Mahajan,31,Female,Uttar Pradesh,Lucknow,15-03-2026,15-08-2026,Fashion,8,9766.37,1220.8,0,No,0,0,29,87,7,3,0.034,Debit Card,Windows Laptop,Google Ads,None,Standard,1,4.4,Medium,No
CUST104384,Faris Natarajan,22,Male,Uttar Pradesh,Lucknow,01-02-2024,06-03-2024,Sports & Fitness,1,1108.53,1108.53,0,No,0,0,15,90,8,4,0.2,Credit Card,Android,YouTube,Platinum,Standard,1,4.3,Low,Yes
CUST104385,Kalpit Anne,25,Male,Haryana,Gurugram,08-07-2025,15-08-2026,Electronics,9,6527.29,725.25,933.55,Yes,0,0,18,90,13,7,0.222,UPI,Android,Direct,Gold,Standard,2,,Medium,No
CUST104386,Chasmum Rai,29,Male,Uttar Pradesh,Noida,14-03-2026,15-08-2026,Grocery,5,16686.36,3337.27,5078.57,Yes,1,0.2,12,72,15,8,0.5,UPI,Tablet,Google Ads,Gold,Standard,1,3.8,Medium,No
CUST104387,Upma Rai,23,Male,Andhra Pradesh,Vijayawada,15-05-2026,15-08-2026,Electronics,6,15614.09,2602.35,3142.38,Yes,1,0.17,23,92,10,4,0.087,UPI,Windows Laptop,YouTube,Gold,Standard,1,3.7,Medium,No
CUST104388,Balendra Madan,27,Female,West Bengal,Howrah,31-10-2024,29-06-2025,Electronics,4,2723.12,680.78,0,No,1,0.25,18,90,16,7,0.278,Credit Card,Android,Direct,Gold,Standard,1,3.2,Medium,Yes
CUST104389,Gautami Peri,30,Female,Maharashtra,Mumbai,03-03-2026,04-07-2026,Books,5,5627,1125.4,2220.08,Yes,2,0.4,21,84,11,7,0.19,Cash on Delivery,Android,Referral,Silver,Standard,0,,Medium,No
CUST104390,Niharika Oommen,34,Male,West Bengal,Kolkata,17-04-2024,17-03-2025,Beauty & Personal Care,7,11299.39,1614.2,4274.53,Yes,1,0.14,19,57,4,1,0.053,Credit Card,Tablet,Instagram,None,Standard,1,3.9,Medium,No
CUST104391,Hiral Lal,39,Male,Karnataka,Mysuru,05-04-2024,21-02-2025,Fashion,5,3427.79,685.56,607.33,Yes,0,0,12,72,7,4,0.167,Credit Card,Android,Organic Search,Gold,Express,2,4.8,Medium,No
CUST104392,Vrinda Manda,27,Male,Uttar Pradesh,Lucknow,06-03-2024,15-06-2024,Fashion,6,13147.79,2191.3,0,No,0,0,20,120,20,13,0.35,Debit Card,Android,Google Ads,Silver,Standard,1,3.2,Medium,Yes
CUST104393,Fiyaz Sengupta,42,Other,Bihar,Muzaffarpur,04-06-2025,01-02-2026,Beauty & Personal Care,4,5046.69,1261.67,1286.64,Yes,1,0.25,18,108,12,7,0.222,UPI,Android,Google Ads,Gold,Standard,,5,Medium,No
CUST104394,Eiravati Upadhyay,39,Female,West Bengal,Durgapur,17-08-2024,07-07-2025,Home & Kitchen,5,9445.63,1889.13,0,No,0,0,23,46,9,5,0.13,UPI,Android,Referral,None,Express,0,3.3,Medium,Yes
CUST104395,Arin Dave,35,Male,Jharkhand,Jamshedpur,02-01-2026,15-08-2026,Mobile Accessories,6,29458.58,4909.76,3189.47,Yes,0,0,18,36,4,1,0.056,Cash on Delivery,Windows Laptop,Organic Search,Gold,Standard,1,4.4,Medium,No
CUST104396,Xavier Borde,32,Female,Punjab,Chandigarh,23-12-2024,12-08-2026,Mobile Accessories,3,1873.91,624.64,0,No,0,0,20,100,11,5,0.1,UPI,Windows Laptop,Instagram,None,Standard,0,4.1,Low,No
CUST104397,Kashvi Bhattacharyya,34,Male,Tamil Nadu,Chennai,05-02-2025,11-03-2026,Beauty & Personal Care,2,5098.42,2549.21,2023.78,Yes,2,1,23,92,17,9,0.174,Credit Card,Android,Google Ads,Silver,Standard,1,5,Low,Yes
CUST104398,Warjas Chahal,40,Female,Maharashtra,Mumbai,28-02-2026,05-07-2026,Home & Kitchen,5,5205.53,1041.11,0,No,0,0,18,54,5,3,0.056,Credit Card,MacBook,Organic Search,None,Standard,0,4.6,Medium,Yes
CUST104399,Aditya Arya,41,Female,Karnataka,Bengaluru,08-04-2024,09-02-2025,Home & Kitchen,5,9331.75,1866.35,0,No,0,0,29,58,12,5,0.103,Credit Card,Android,Direct,Silver,Express,0,,Medium,Yes
CUST104400,Ekavir Dugal,42,Male,Maharashtra,Mumbai,27-09-2024,12-08-2025,Grocery,5,9756.7,1951.34,4035.93,Yes,1,0.2,22,88,9,6,0.091,Cash on Delivery,Windows Laptop,YouTube,Silver,Same Day,1,5,Medium,No
CUST104401,Ganga Cherian,31,Female,Maharashtra,Pune,13-02-2026,15-08-2026,Electronics,5,17096.16,3419.23,7561.65,Yes,2,0.4,18,108,20,13,0.333,Credit Card,iPhone,Referral,None,Express,1,4,Medium,No
CUST104402,Daksh Dewan,35,Male,Rajasthan,Udaipur,27-12-2024,25-04-2025,Fashion,11,14443.25,1313.02,5203.12,Yes,0,0,22,132,20,13,0.409,Cash on Delivery,Android,Google Ads,None,Standard,1,3.7,Medium,No
CUST104403,Finn Grewal,42,Male,Delhi,Delhi,12-06-2024,13-04-2025,Electronics,7,7185.42,1026.49,1375.04,Yes,0,0,18,72,13,8,0.222,UPI,MacBook,Email,None,Standard,0,4.5,Medium,No
CUST104404,Gavin Aggarwal,26,Female,Telangana,Hyderabad,11-06-2025,15-08-2026,Electronics,6,10772,1795.33,0,No,0,0,17,102,10,5,0.118,UPI,Windows Laptop,Direct,None,Standard,0,3.8,Medium,No
CUST104405,Viraj Kade,28,Female,Andhra Pradesh,Visakhapatnam,17-06-2024,04-12-2025,Fashion,4,14547.11,3636.78,0,No,0,0,19,38,4,1,0.053,Wallet,iPhone,Organic Search,Silver,Standard,0,4,Medium,No
CUST104406,Fariq Ram,31,Male,Odisha,Cuttack,21-01-2024,04-04-2024,Home & Kitchen,4,7342.73,1835.68,0,No,2,0.5,22,66,7,3,0.045,UPI,iPhone,Instagram,None,Standard,3,4.8,Medium,Yes
CUST104407,Reyansh Soni,38,Female,Jharkhand,Jamshedpur,23-06-2025,15-05-2026,Grocery,4,4579.49,1144.87,488.83,Yes,0,0,21,42,4,1,0.048,UPI,Windows Laptop,Referral,None,Standard,0,3.1,Medium,Yes
CUST104408,Warhi Grewal,38,Female,Maharashtra,Mumbai,21-04-2026,15-08-2026,Home & Kitchen,7,9884.66,1412.09,3747.49,Yes,0,0,12,72,8,4,0.167,Credit Card,Android,Email,Silver,Standard,2,4.1,Medium,No
CUST104409,Bhavna Bhat,29,Male,Telangana,Hyderabad,17-08-2025,15-08-2026,Fashion,5,7461.24,1492.25,0,No,0,0,20,60,11,6,0.1,Wallet,Windows Laptop,Email,Gold,Standard,0,4,Medium,No
CUST104410,Qasim Tripathi,19,Male,Uttar Pradesh,Varanasi,23-02-2026,06-06-2026,Electronics,6,9871.12,1645.19,0,No,0,0,19,114,21,10,0.368,Cash on Delivery,Android,Direct,Silver,Standard,0,3.9,Medium,No
CUST104411,Fariq Goda,33,Female,Maharashtra,Pune,12-04-2026,15-08-2026,Beauty & Personal Care,8,10231.43,1278.93,2949.44,Yes,1,0.12,25,75,9,3,0.04,Credit Card,Android,Referral,Gold,Standard,0,4.5,Medium,No
CUST104412,Adya Dhawan,24,Female,West Bengal,Howrah,31-01-2025,15-08-2026,Fashion,6,16169.03,2694.84,4400.37,Yes,1,0.17,26,130,17,10,0.192,Credit Card,Android,Organic Search,None,Standard,2,3,Medium,Yes
CUST104413,Jatin Borra,19,Male,Odisha,Cuttack,05-02-2024,17-06-2024,Beauty & Personal Care,5,19260.97,3852.19,6939.72,Yes,0,0,15,90,16,10,0.467,Wallet,Android,Organic Search,None,Standard,1,3.5,Medium,Yes
CUST104414,Rachit Nagy,21,Other,Bihar,Patna,09-05-2025,11-08-2026,Mobile Accessories,2,4800.03,2400.02,271.62,Yes,1,0.5,20,100,19,11,0.35,Debit Card,Windows Laptop,Direct,Gold,Standard,1,3.8,Low,No
CUST104415,Nicholas Rana,34,Female,Gujarat,Vadodara,09-11-2024,26-01-2026,Electronics,5,10449.12,2089.82,3504.8,Yes,3,0.6,23,46,6,3,0.087,UPI,Android,Organic Search,Silver,Express,0,3.2,Medium,Yes
CUST104416,Nitara Toor,42,Male,Rajasthan,Jaipur,04-05-2025,04-05-2026,Fashion,4,9534.11,2383.53,2759.15,Yes,0,0,20,40,7,3,0.1,Debit Card,Windows Laptop,Google Ads,None,Standard,2,4.9,Medium,No
CUST104417,Tejas Sandhu,31,Female,Gujarat,Vadodara,02-10-2024,18-08-2025,Home & Kitchen,4,8726.25,2181.56,2264.57,Yes,0,0,28,56,8,4,0.071,Wallet,Android,Instagram,None,Standard,0,3.6,Medium,No
CUST104418,Hemani Khosla,33,Male,West Bengal,Durgapur,20-08-2024,11-05-2026,Mobile Accessories,5,8665.29,1733.06,1186.54,Yes,0,0,19,114,24,11,0.316,UPI,MacBook,Google Ads,Gold,Standard,2,5,Medium,No
CUST104419,Zayan Manda,40,Male,Tamil Nadu,Coimbatore,07-09-2025,11-04-2026,Grocery,4,3580.08,895.02,1366.78,Yes,0,0,16,64,11,6,0.25,Cash on Delivery,iPhone,Referral,Gold,Standard,4,3.8,Medium,No
CUST104420,Dhruv Bhatia,19,Female,Karnataka,Mysuru,11-03-2025,17-04-2025,Books,7,5876.15,839.45,0,No,0,0,20,100,18,8,0.25,Credit Card,Android,Email,Silver,Standard,1,3.5,Medium,No
CUST104421,Wakeeta Padmanabhan,35,Female,Maharashtra,Mumbai,06-01-2024,19-04-2024,Fashion,2,2882.15,1441.08,708.75,Yes,0,0,26,130,25,14,0.269,UPI,Windows Laptop,Direct,None,Standard,2,4.7,Low,Yes
CUST104422,Qushi Buch,31,Male,Jharkhand,Jamshedpur,18-06-2025,15-08-2026,Mobile Accessories,3,5068.97,1689.66,0,No,0,0,28,140,13,6,0.107,Cash on Delivery,iPhone,Direct,Gold,Standard,2,3.5,Low,No
CUST104423,Advik Chakrabarti,36,Female,Uttar Pradesh,Kanpur,12-11-2025,27-02-2026,Electronics,6,14682.3,2447.05,6452.64,Yes,0,0,19,114,14,6,0.211,Debit Card,iPhone,Google Ads,None,Standard,0,2.1,Medium,No
CUST104424,Janaki Bhatti,27,Female,Kerala,Kozhikode,25-10-2025,15-08-2026,Electronics,9,12989.69,1443.3,1660.25,Yes,0,0,20,100,14,6,0.15,UPI,Windows Laptop,Direct,Gold,Standard,2,4.5,Medium,No
CUST104425,Eiravati Seshadri,24,Male,Tamil Nadu,Chennai,31-08-2024,20-07-2025,Sports & Fitness,10,12799.2,1279.92,0,No,0,0,18,90,9,5,0.167,Cash on Delivery,Tablet,Instagram,Gold,Express,0,5,Medium,No
CUST104426,Varsha Prabhakar,32,Male,Telangana,Warangal,28-08-2024,01-03-2026,Books,6,9090.14,1515.02,0,No,0,0,25,125,16,6,0.12,Credit Card,Android,Email,None,Express,1,3,Medium,No
CUST104427,Charita Suresh,44,Male,Delhi,New Delhi,11-02-2026,15-08-2026,Electronics,2,3744.44,1872.22,0,No,0,0,23,138,24,11,0.261,Debit Card,iPhone,Email,None,Standard,0,4.4,Low,No
CUST104428,Ranveer Kari,38,Female,Maharashtra,Mumbai,11-07-2025,15-08-2026,Electronics,6,6362.73,1060.46,1391.43,Yes,0,0,21,126,14,8,0.286,Credit Card,Android,Organic Search,Silver,Standard,0,4.9,Medium,No
CUST104429,Brijesh Pandit,27,Male,Karnataka,Mysuru,29-09-2024,04-03-2025,Electronics,6,5290.93,881.82,2054.67,Yes,0,0,21,84,12,4,0.095,UPI,Android,YouTube,None,Standard,0,4.2,Medium,No
CUST104430,Udyati Shenoy,20,Male,Madhya Pradesh,Indore,15-03-2024,20-05-2024,Electronics,6,13873.01,2312.17,0,No,0,0,17,85,8,2,0.059,UPI,Android,Direct,Gold,Standard,0,5,Medium,Yes
CUST104431,Neha Sheth,18,Male,Odisha,Cuttack,09-10-2024,01-01-2025,Fashion,1,1225.94,1225.94,488.73,Yes,1,1,22,88,8,4,0.091,Debit Card,Android,Instagram,None,Express,1,4,Low,Yes
CUST104432,Sneha Dua,42,Male,Uttar Pradesh,Lucknow,08-12-2025,15-08-2026,Mobile Accessories,7,19393.08,2770.44,0,No,0,0,22,110,14,10,0.273,Debit Card,Android,Instagram,Platinum,Standard,0,3.5,Medium,No
CUST104433,Lekha Saini,23,Female,Rajasthan,Udaipur,18-06-2025,21-04-2026,Grocery,5,7738.83,1547.77,3345.32,Yes,1,0.2,15,75,13,4,0.133,Cash on Delivery,iPhone,YouTube,Silver,Same Day,0,3.5,Medium,Yes
CUST104434,Liam Nadig,28,Male,Assam,Guwahati,27-03-2024,23-04-2025,Grocery,8,8803.1,1100.39,0,No,0,0,25,50,7,4,0.08,Debit Card,Android,Direct,Silver,Standard,1,4.4,Medium,Yes
CUST104435,Manthan Ratta,42,Male,West Bengal,Howrah,30-05-2026,22-07-2026,Grocery,5,3096.24,619.25,0,No,0,0,21,42,7,4,0.095,UPI,Android,Google Ads,Gold,Express,0,4,Medium,No
CUST104436,Akshay Saraf,18,Female,Tamil Nadu,Madurai,24-09-2025,15-08-2026,Beauty & Personal Care,7,8824.43,1260.63,0,No,0,0,20,80,10,3,0.1,Credit Card,iPhone,Organic Search,Silver,Express,3,3.8,Medium,No
CUST104437,Matthew Gour,43,Male,Telangana,Warangal,28-05-2024,10-01-2026,Sports & Fitness,7,6299.18,899.88,2433.61,Yes,0,0,17,102,16,10,0.412,UPI,Android,Organic Search,None,Express,1,4.7,Medium,No
CUST104438,Girish Babu,29,Male,Madhya Pradesh,Indore,29-05-2024,19-11-2025,Beauty & Personal Care,7,4702.21,671.74,1857.11,Yes,0,0,23,92,13,4,0.13,Debit Card,Android,Direct,None,Standard,0,5,Medium,Yes
CUST104439,Urmi Doctor,22,Female,Andhra Pradesh,Vijayawada,30-07-2025,15-08-2026,Fashion,3,9866.03,3288.68,0,No,1,0.33,24,48,6,3,0.042,UPI,iPhone,Google Ads,Silver,Standard,2,3.9,Medium,Yes
CUST104440,Geetika Hora,29,Female,Delhi,New Delhi,08-06-2024,09-07-2025,Beauty & Personal Care,2,2464.56,1232.28,520.39,Yes,0,0,21,63,5,2,0.048,Wallet,Android,Referral,Silver,Standard,3,3.3,Low,Yes
CUST104441,Widisha Ramanathan,25,Female,Haryana,Gurugram,21-03-2025,03-06-2026,Beauty & Personal Care,7,13857.86,1979.69,5090.66,Yes,1,0.14,21,126,24,14,0.476,UPI,Android,Google Ads,Silver,Express,0,4.9,Medium,No
CUST104442,Chavvi Mall,35,Male,Punjab,Chandigarh,06-03-2026,15-08-2026,Sports & Fitness,8,6826.66,853.33,2728.02,Yes,2,0.25,26,78,16,7,0.115,Cash on Delivery,Android,Organic Search,None,Express,1,5,Medium,No
CUST104443,Ranveer Sur,26,Male,Delhi,Delhi,22-03-2024,21-02-2025,Mobile Accessories,5,4491.45,898.29,1550.92,Yes,0,0,21,126,19,8,0.238,Debit Card,MacBook,Google Ads,None,Express,2,3.2,Medium,Yes
CUST104444,Rachita Saran,18,Female,Gujarat,Surat,07-01-2024,02-09-2025,Home & Kitchen,7,5891.29,841.61,2431.73,Yes,0,0,15,30,4,2,0.067,UPI,Windows Laptop,Instagram,None,Standard,0,3.7,Medium,Yes
CUST104445,Vinaya Bhasin,29,Female,Gujarat,Ahmedabad,30-06-2024,21-03-2025,Grocery,11,23274.72,2115.88,0,No,1,0.09,21,63,11,5,0.095,Cash on Delivery,Android,Organic Search,Gold,Standard,0,5,High,No
CUST104446,Hitesh Bhavsar,20,Male,Andhra Pradesh,Visakhapatnam,19-05-2026,15-08-2026,Electronics,4,8118.63,2029.66,2583.26,Yes,1,0.25,18,54,4,2,0.056,Wallet,Android,Direct,Silver,Standard,1,3.9,Medium,No
CUST104447,Vansha Mann,33,Male,Karnataka,Bengaluru,09-06-2025,22-07-2025,Grocery,8,5071.19,633.9,0,No,0,0,24,120,11,5,0.167,UPI,iPhone,Direct,None,Standard,1,5,Medium,No
CUST104448,Wahab Venkataraman,22,Female,Madhya Pradesh,Indore,22-04-2025,15-08-2026,Fashion,7,4881.71,697.39,1197.31,Yes,0,0,17,51,6,2,0.059,Cash on Delivery,Android,Google Ads,None,Standard,1,4,Medium,No
CUST104449,Tarak Saha,27,Male,Tamil Nadu,Chennai,01-07-2024,06-06-2025,Electronics,7,10475.72,1496.53,3267.84,Yes,0,0,15,75,6,3,0.133,Cash on Delivery,MacBook,Direct,None,Standard,,,Medium,No
CUST104450,Agastya Morar,32,Male,Kerala,Kochi,09-11-2024,29-05-2025,Fashion,3,8936.01,2978.67,0,No,0,0,32,64,5,1,0.031,Cash on Delivery,iPhone,Direct,None,Express,0,3.2,Medium,No
CUST104451,Hamsini Mukhopadhyay,29,Male,Gujarat,Vadodara,09-07-2025,16-09-2025,Beauty & Personal Care,3,8718.07,2906.02,0,No,1,0.33,16,48,10,4,0.125,UPI,MacBook,Direct,Silver,Standard,1,2.6,Medium,Yes
CUST104452,Jairaj Dayal,33,Female,Uttar Pradesh,Varanasi,22-06-2024,02-12-2025,Electronics,8,7391.01,923.88,3131.52,Yes,0,0,19,95,10,6,0.158,Cash on Delivery,Tablet,Referral,None,Express,1,3.9,Medium,Yes
CUST104453,Harita Prakash,36,Female,Punjab,Amritsar,14-01-2024,13-03-2025,Books,5,6332.09,1266.42,1261.47,Yes,0,0,22,66,10,7,0.227,UPI,iPhone,Instagram,Platinum,Standard,1,4.3,Medium,Yes
CUST104454,Kala Solanki,22,Female,Madhya Pradesh,Indore,26-10-2024,26-11-2024,Electronics,4,8344.81,2086.2,0,No,2,0.5,23,46,7,2,0.043,UPI,iPhone,Instagram,Silver,Standard,0,4.6,Medium,Yes
CUST104455,Andrew Sekhon,30,Male,Haryana,Gurugram,13-03-2024,19-10-2025,Mobile Accessories,7,12368.79,1766.97,692.82,Yes,0,0,19,57,6,2,0.053,UPI,Android,Organic Search,Gold,Standard,1,5,Medium,No
CUST104456,Omisha Koshy,18,Male,West Bengal,Kolkata,04-01-2026,16-04-2026,Grocery,8,12199.72,1524.96,3181.86,Yes,1,0.12,24,72,12,8,0.125,UPI,Windows Laptop,Organic Search,None,Standard,1,3.9,Medium,No
CUST104457,Eta Kaur,33,Male,Odisha,Bhubaneswar,28-05-2025,20-01-2026,Fashion,3,3664.7,1221.57,375.85,Yes,0,0,20,80,10,6,0.2,Credit Card,Tablet,Referral,None,Express,1,4.3,Low,Yes
CUST104458,Vamakshi Mand,29,Female,Maharashtra,Pune,22-12-2025,04-03-2026,Home & Kitchen,3,5911.25,1970.42,0,No,0,0,25,100,14,4,0.08,Credit Card,Android,Organic Search,Gold,Standard,0,4.1,Low,No
CUST104459,Garima Hayer,23,Female,Gujarat,Surat,11-02-2026,15-08-2026,Grocery,4,5735.46,1433.86,2075.29,Yes,0,0,17,85,11,4,0.118,UPI,Windows Laptop,Organic Search,Silver,Standard,1,3.5,Medium,No
CUST104460,Ekanta Karnik,34,Female,Uttar Pradesh,Noida,24-08-2025,25-04-2026,Beauty & Personal Care,1,1426,1426,483.55,Yes,0,0,23,69,14,9,0.217,Debit Card,Android,Email,Silver,Standard,1,4.2,Low,Yes
CUST104461,Zaid Suresh,40,Male,Gujarat,Surat,08-12-2024,25-05-2025,Grocery,5,12305.34,2461.07,0,No,3,0.6,22,66,13,8,0.273,UPI,Android,Google Ads,Silver,Standard,1,5,Medium,Yes
CUST104462,Anirudh Munshi,27,Female,Rajasthan,Jaipur,30-01-2025,13-11-2025,Home & Kitchen,1,2378.65,2378.65,0,No,1,1,22,66,8,5,0.091,UPI,Android,Google Ads,None,Express,0,4.7,Low,Yes
CUST104463,Leena Divan,23,Female,Andhra Pradesh,Vijayawada,25-04-2026,24-06-2026,Home & Kitchen,4,6318.8,1579.7,1950.12,Yes,0,0,26,78,8,5,0.077,UPI,Windows Laptop,Google Ads,None,Standard,1,4.4,Medium,No
CUST104464,Finn Wadhwa,32,Male,Maharashtra,Nagpur,02-02-2026,15-08-2026,Mobile Accessories,3,4140.97,1380.32,1125.85,Yes,0,0,21,84,15,10,0.286,UPI,Android,Email,None,Standard,2,3.6,Low,No
CUST104465,Turvi Lata,20,Male,Odisha,Cuttack,13-06-2026,15-08-2026,Fashion,3,3774,1258,1321.34,Yes,1,0.33,24,72,8,4,0.083,UPI,Android,Email,None,Standard,0,3.8,Low,No
CUST104466,Shivani Ramachandran,26,Female,Gujarat,Surat,28-11-2024,12-02-2026,Home & Kitchen,4,5443.34,1360.84,2219.85,Yes,0,0,22,110,16,7,0.182,UPI,iPhone,Instagram,Silver,Standard,1,4.2,Medium,No
CUST104467,Anya Dhar,41,Female,Maharashtra,Mumbai,20-12-2024,01-05-2025,Fashion,8,16933.17,2116.65,4478.01,Yes,0,0,23,69,10,4,0.087,Wallet,Windows Laptop,YouTube,None,Standard,1,4.5,High,Yes
CUST104468,Daniel Som,31,Male,Karnataka,Bengaluru,12-07-2025,15-08-2026,Grocery,4,6954.67,1738.67,0,No,0,0,21,84,18,6,0.143,Cash on Delivery,Android,Organic Search,Silver,Express,0,4,Medium,No
CUST104469,Udant Aggarwal,18,Other,Jharkhand,Jamshedpur,26-04-2026,15-08-2026,Grocery,5,5455.94,1091.19,0,No,1,0.2,20,100,13,5,0.15,UPI,iPhone,Organic Search,Silver,Same Day,0,4.1,Medium,No
CUST104470,Ishani Subramanian,18,Female,Haryana,Faridabad,11-06-2024,02-08-2025,Fashion,9,8054.71,894.97,0,No,0,0,21,84,11,6,0.143,UPI,Windows Laptop,Google Ads,Silver,Same Day,2,3.3,Medium,No
CUST104471,Anjali Nagarajan,32,Male,Assam,Dibrugarh,25-04-2024,25-11-2024,Electronics,2,1686.6,843.3,419.15,Yes,1,0.5,25,125,11,5,0.12,Credit Card,Android,Email,Gold,Express,3,3.9,Low,Yes
CUST104472,Dipta Yadav,38,Male,Andhra Pradesh,Visakhapatnam,06-02-2025,16-07-2025,Electronics,6,16351.66,2725.28,2289.56,Yes,0,0,21,105,18,12,0.429,UPI,MacBook,Direct,Gold,Standard,1,4.3,Medium,Yes
CUST104473,Raghav Dara,18,Male,Karnataka,Bengaluru,19-03-2024,23-05-2024,Home & Kitchen,3,1557.45,519.15,359.93,Yes,0,0,21,63,6,2,0.048,Net Banking,Android,Instagram,None,Standard,2,4.3,Low,Yes
CUST104474,Darsh Hayer,35,Male,Telangana,Hyderabad,22-03-2025,08-04-2026,Home & Kitchen,9,5897.1,655.23,0,No,0,0,21,126,20,9,0.333,Debit Card,Windows Laptop,Direct,None,Express,0,5,Medium,Yes
CUST104475,Yuvraj Puri,42,Male,Odisha,Cuttack,01-06-2026,15-08-2026,Mobile Accessories,10,11155.71,1115.57,0,No,1,0.1,24,96,10,5,0.125,Net Banking,Windows Laptop,Google Ads,None,Standard,1,3.5,Medium,No
CUST104476,Advay Misra,46,Male,Rajasthan,Udaipur,08-01-2024,08-08-2024,Home & Kitchen,7,14222.47,2031.78,0,No,0,0,21,105,22,15,0.524,Debit Card,Windows Laptop,Google Ads,Silver,Standard,1,3.9,Medium,Yes
CUST104477,Samarth Dhawan,34,Other,Gujarat,Surat,23-01-2024,22-04-2025,Fashion,3,3058.66,1019.55,1358.74,Yes,0,0,18,90,8,4,0.111,UPI,Android,Google Ads,Silver,Standard,1,5,Low,Yes
CUST104478,Aryan Balakrishnan,35,Female,Telangana,Hyderabad,19-02-2026,28-07-2026,Books,2,1668.3,834.15,207.67,Yes,0,0,19,76,15,6,0.158,Credit Card,MacBook,Organic Search,None,Express,1,3.3,Low,No
CUST104479,Farhan Pillay,18,Female,Uttar Pradesh,Noida,01-03-2026,13-05-2026,Home & Kitchen,11,17911.75,1628.34,0,No,0,0,22,88,13,6,0.182,UPI,Windows Laptop,Google Ads,Gold,Standard,0,4,High,No
CUST104480,Manbir Sekhon,48,Male,Uttar Pradesh,Noida,26-06-2025,30-11-2025,Beauty & Personal Care,4,7399.21,1849.8,1407.88,Yes,0,0,17,34,7,5,0.235,Credit Card,iPhone,Google Ads,None,Standard,1,5,Medium,No
CUST104481,Naksh Sawhney,26,Male,Karnataka,Mangaluru,17-02-2025,12-10-2025,Electronics,3,5557.45,1852.48,774.32,Yes,1,0.33,28,112,16,10,0.25,Cash on Delivery,Android,Organic Search,None,Standard,1,5,Low,Yes
CUST104482,Hritik Mahal,24,Male,Rajasthan,Jodhpur,12-11-2025,06-03-2026,Home & Kitchen,3,8099.65,2699.88,1066.1,Yes,0,0,19,114,9,3,0.053,Cash on Delivery,iPhone,Instagram,None,Standard,3,4.1,Medium,No
CUST104483,Anya Hora,29,Female,Uttar Pradesh,Varanasi,03-10-2025,12-11-2025,Mobile Accessories,7,15589.55,2227.08,0,No,0,0,18,108,11,4,0.111,Cash on Delivery,Android,Referral,None,Express,1,3.5,Medium,Yes
CUST104484,Bhavani Gaba,43,Male,Uttar Pradesh,Lucknow,12-02-2025,04-05-2026,Beauty & Personal Care,5,9827.3,1965.46,4058.73,Yes,0,0,27,162,20,11,0.185,UPI,iPhone,Referral,Platinum,Express,0,3.9,Medium,No
CUST104485,Ekantika Badal,49,Male,Karnataka,Mysuru,30-10-2025,15-08-2026,Fashion,2,2804.2,1402.1,868.6,Yes,0,0,16,32,6,3,0.062,UPI,Windows Laptop,Email,Silver,Express,1,4.1,Low,No
CUST104486,Charles Narain,32,Female,Kerala,Kochi,22-01-2024,06-06-2024,Beauty & Personal Care,3,5053.72,1684.57,839.86,Yes,1,0.33,27,54,10,3,0.037,Credit Card,MacBook,Instagram,Platinum,Express,0,4.1,Low,Yes
CUST104487,Jyoti Dhar,39,Female,West Bengal,Durgapur,29-09-2025,15-08-2026,Books,6,6554.47,1092.41,1004.39,Yes,0,0,18,36,5,2,0.056,Credit Card,Windows Laptop,Google Ads,Silver,Standard,1,5,Medium,No
CUST104488,Keya Bal,31,Female,Telangana,Warangal,06-02-2025,12-11-2025,Fashion,3,7205.78,2401.93,2060.06,Yes,0,0,22,110,15,8,0.227,Debit Card,Android,Google Ads,Gold,Standard,2,3.7,Medium,No
CUST104489,Ekiya Randhawa,23,Male,Madhya Pradesh,Indore,11-11-2025,02-12-2025,Home & Kitchen,3,2824.87,941.62,0,No,0,0,12,36,5,1,0.083,UPI,Android,Instagram,Silver,Standard,0,4.4,Low,No
CUST104490,Eta Banerjee,43,Male,Uttar Pradesh,Noida,08-11-2025,30-06-2026,Mobile Accessories,5,4621.77,924.35,698.83,Yes,0,0,17,34,5,2,0.059,UPI,Android,Google Ads,Silver,Standard,2,4.1,Medium,No
CUST104491,Ekiya Baral,26,Female,Delhi,New Delhi,05-06-2024,20-07-2025,Electronics,5,13285.42,2657.08,0,No,1,0.2,19,57,10,3,0.053,Cash on Delivery,Android,Instagram,Platinum,Standard,0,4.2,Medium,Yes
CUST104492,Kevin Taneja,43,Female,Odisha,Cuttack,25-11-2024,11-03-2026,Grocery,3,1937.47,645.82,322.09,Yes,0,0,23,69,10,6,0.174,Debit Card,Android,Organic Search,Gold,Standard,0,4.3,Low,No
CUST104493,Ekansh Dey,41,Male,Uttar Pradesh,Kanpur,22-01-2024,23-05-2024,Beauty & Personal Care,2,1648.32,824.16,140.24,Yes,0,0,25,75,14,5,0.16,UPI,Tablet,Instagram,None,Standard,0,3.7,Low,Yes
CUST104494,Harsh Virk,36,Male,Madhya Pradesh,Bhopal,16-04-2025,15-08-2026,Grocery,6,10419.06,1736.51,2131.86,Yes,2,0.33,18,108,16,6,0.222,Cash on Delivery,iPhone,Referral,Silver,Same Day,3,4.8,Medium,Yes
CUST104495,Wahab Chanda,46,Female,Kerala,Thiruvananthapuram,20-09-2024,07-01-2026,Fashion,7,9074.19,1296.31,2390.55,Yes,0,0,26,52,7,4,0.077,UPI,Tablet,Google Ads,None,Express,0,4.5,Medium,Yes
CUST104496,Ishanvi Nigam,49,Female,Uttar Pradesh,Noida,29-10-2024,21-11-2024,Fashion,4,4259.56,1064.89,1329.61,Yes,0,0,15,60,10,5,0.133,Credit Card,Android,Direct,None,Standard,0,4.5,Medium,Yes
CUST104497,Nitara Oza,30,Female,Rajasthan,Jaipur,13-02-2026,15-08-2026,Grocery,6,4834.08,805.68,1047.52,Yes,0,0,18,72,13,8,0.278,UPI,Windows Laptop,Organic Search,Gold,Standard,0,3.6,Medium,No
CUST104498,Waida Rattan,25,Female,Maharashtra,Nagpur,24-12-2025,12-05-2026,Fashion,4,3341.82,835.46,0,No,0,0,29,174,28,17,0.483,Wallet,Windows Laptop,Email,Gold,Standard,0,5,Medium,No
CUST104499,Omaja Randhawa,18,Female,Delhi,Delhi,09-04-2025,02-10-2025,Home & Kitchen,7,9706.27,1386.61,2915.13,Yes,2,0.29,17,85,17,6,0.176,Debit Card,Android,Referral,None,Standard,0,4.3,Medium,Yes
CUST104500,Gaurav Johal,49,Male,Gujarat,Ahmedabad,12-06-2024,01-08-2024,Fashion,1,590.96,590.96,239.12,Yes,0,0,22,110,22,9,0.273,UPI,Android,Google Ads,Gold,Standard,0,3.8,Low,Yes
CUST104501,Nathan D’Alia,27,Male,Uttar Pradesh,Noida,15-05-2024,02-06-2024,Electronics,8,11487.55,1435.94,,No,1,0.12,21,42,7,4,0.095,Wallet,Android,Organic Search,Silver,Standard,2,3.5,Medium,No
CUST104502,Utkarsh Khatri,40,Female,Rajasthan,Jaipur,08-09-2024,09-11-2025,Mobile Accessories,6,13400.41,2233.4,5072.86,Yes,2,0.33,20,80,11,4,0.1,UPI,Android,Organic Search,None,Standard,1,3.7,Medium,Yes
CUST104503,Arjun Ben,25,Male,Tamil Nadu,Chennai,23-07-2024,01-11-2024,Home & Kitchen,11,21699.24,1972.66,3428.35,Yes,0,0,22,66,10,5,0.136,Credit Card,Android,YouTube,None,Standard,2,4,High,Yes
CUST104504,Varenya Basak,43,Female,West Bengal,Siliguri,05-05-2026,15-08-2026,Mobile Accessories,5,7983.02,1596.6,0,No,1,0.2,23,46,6,4,0.087,UPI,iPhone,Direct,None,Standard,1,1.9,Medium,No
CUST104505,Theodore Kaul,25,Female,Rajasthan,Udaipur,28-10-2024,07-07-2026,Electronics,5,6318.19,1263.64,316.88,Yes,0,0,23,115,9,4,0.087,Credit Card,Android,Instagram,Gold,Standard,1,5,Medium,Yes
CUST104506,Laksh Tella,21,Other,Tamil Nadu,Madurai,29-08-2024,09-11-2024,Beauty & Personal Care,8,10052.07,1256.51,2317.63,Yes,1,0.12,24,48,8,3,0.042,Wallet,Android,Referral,Silver,Standard,1,4.6,Medium,No
CUST104507,Ekantika Ram,29,Female,Kerala,Kochi,11-04-2026,15-08-2026,Fashion,6,8260.05,1376.68,1383.57,Yes,0,0,16,64,13,6,0.188,Credit Card,MacBook,Organic Search,None,Standard,1,5,Medium,No
CUST104508,Anirudh Uppal,27,Male,West Bengal,Durgapur,01-03-2026,15-08-2026,Sports & Fitness,4,3560.98,890.24,337.43,Yes,0,0,18,54,8,5,0.167,Debit Card,iPhone,Email,Silver,Express,0,4,Medium,Yes
CUST104509,Waida Bajwa,36,Male,Uttar Pradesh,Lucknow,01-03-2024,30-11-2024,Grocery,10,8613.35,861.34,3319.89,Yes,0,0,18,54,5,2,0.056,Wallet,Windows Laptop,Google Ads,Gold,Same Day,0,4.9,Medium,Yes
CUST104510,Ekansh Baria,31,Male,Jharkhand,Ranchi,09-04-2025,15-08-2026,Electronics,8,4233.7,529.21,1352.15,Yes,1,0.12,21,105,15,7,0.143,Debit Card,Android,Organic Search,None,Express,2,4.6,Medium,No
CUST104511,Balendra Joshi,36,Female,Karnataka,Mysuru,28-03-2026,06-05-2026,Books,4,9502.29,2375.57,0,No,0,0,16,80,6,3,0.125,UPI,iPhone,Instagram,Silver,Standard,1,4.3,Medium,No
CUST104512,Vyanjana Amble,29,Male,Rajasthan,Udaipur,28-10-2024,28-05-2025,Fashion,8,10481.26,1310.16,2613.56,Yes,0,0,27,162,29,16,0.333,UPI,Windows Laptop,Instagram,None,Standard,3,3.9,Medium,No
CUST104513,Faris Pillai,26,Female,Maharashtra,Mumbai,16-04-2025,15-08-2026,Beauty & Personal Care,6,18149.39,3024.9,3308.32,Yes,0,0,29,116,20,9,0.172,UPI,Android,YouTube,Gold,Standard,1,4.5,Medium,No
CUST104514,Mekhala Kala,26,Other,Bihar,Patna,21-03-2026,15-08-2026,Mobile Accessories,6,6801.5,1133.58,0,No,0,0,19,95,16,9,0.368,Wallet,Android,Instagram,Silver,Express,3,4.6,Medium,No
CUST104515,Abhimanyu Manda,47,Female,Uttar Pradesh,Kanpur,28-01-2025,09-06-2025,Books,4,5628.44,1407.11,1261.58,Yes,0,0,21,84,11,5,0.095,Net Banking,Windows Laptop,Instagram,None,Standard,0,4.6,Medium,Yes
CUST104516,Kavya Vaidya,33,Male,Gujarat,Surat,29-08-2025,18-09-2025,Mobile Accessories,6,10199.91,1699.98,1774.26,Yes,1,0.17,20,120,16,8,0.3,Debit Card,Windows Laptop,YouTube,Gold,Express,0,4,Medium,No
CUST104517,Nathaniel Jaggi,18,Male,Uttar Pradesh,Lucknow,21-10-2025,09-02-2026,Fashion,5,7569.62,1513.92,3378.35,Yes,0,0,21,42,4,2,0.048,UPI,MacBook,Referral,None,Standard,5,3.8,Medium,No
CUST104518,Gaurika Hayre,27,Male,Assam,Guwahati,15-09-2024,10-12-2024,Electronics,7,9251.33,1321.62,1139,Yes,0,0,14,84,17,11,0.357,Cash on Delivery,Android,Google Ads,None,Standard,0,4.2,Medium,No
CUST104519,Abha Ramaswamy,32,Male,Karnataka,Bengaluru,25-06-2025,15-08-2026,Fashion,6,19937.97,3323,1149.46,Yes,0,0,17,68,8,4,0.118,Cash on Delivery,Windows Laptop,Email,None,Standard,0,4.3,Medium,No
CUST104520,Bhavika Seth,46,Male,West Bengal,Kolkata,13-06-2025,12-07-2026,Home & Kitchen,6,5674.01,945.67,578.75,Yes,0,0,21,105,16,11,0.333,Cash on Delivery,Android,Google Ads,Gold,Standard,0,4.8,Medium,No
CUST104521,Sanaya Vala,39,Male,Haryana,Gurugram,05-07-2024,20-01-2026,Sports & Fitness,6,10533.01,1755.5,4282.86,Yes,1,0.17,22,132,19,10,0.227,UPI,Android,Direct,None,Standard,1,3.4,Medium,No
CUST104522,Samarth Goyal,24,Female,Uttar Pradesh,Noida,30-07-2024,08-10-2024,Electronics,6,6645.37,1107.56,0,No,1,0.17,16,48,8,5,0.125,UPI,Android,Organic Search,None,Standard,1,3.3,Medium,Yes
CUST104523,Benjamin Ram,50,Male,Haryana,Gurugram,04-02-2024,25-10-2025,Grocery,2,2595.97,1297.98,943.87,Yes,0,0,16,64,13,7,0.312,Cash on Delivery,Windows Laptop,YouTube,Gold,Standard,0,4,Low,Yes
CUST104524,Samesh Iyengar,31,Male,Uttar Pradesh,Noida,26-05-2024,20-09-2024,Fashion,5,7833.26,1566.65,0,No,1,0.2,21,105,16,11,0.381,Credit Card,iPhone,Direct,Gold,Standard,0,4,Medium,No
CUST104525,Tanish Mitter,41,Female,Madhya Pradesh,Bhopal,08-10-2024,26-05-2025,Fashion,6,6440.51,1073.42,1926.24,Yes,1,0.17,16,32,4,2,0.062,UPI,iPhone,Organic Search,None,Standard,0,4,Medium,Yes
CUST104526,Ubika Bhagat,22,Female,Gujarat,Surat,30-06-2025,04-08-2025,Grocery,1,1203.67,1203.67,401.01,Yes,1,1,22,110,18,7,0.182,Debit Card,Android,Direct,Silver,Standard,1,5,Low,No
CUST104527,Zayyan Kalla,18,Female,Kerala,Kochi,10-08-2025,15-08-2026,Home & Kitchen,7,4162.85,594.69,751.67,Yes,0,0,26,104,8,3,0.077,Debit Card,Android,Email,Silver,Standard,1,5,Medium,No
CUST104528,Dayita Arora,20,Male,Assam,Dibrugarh,06-08-2025,18-03-2026,Sports & Fitness,7,17330.88,2475.84,0,No,0,0,22,66,13,8,0.182,Credit Card,Windows Laptop,Google Ads,Gold,Standard,1,4.5,Medium,No
CUST104529,Pratyush Nath,18,Female,Uttar Pradesh,Lucknow,05-09-2024,07-07-2025,Electronics,3,1862.67,620.89,0,No,0,0,29,145,15,9,0.207,UPI,Windows Laptop,Instagram,Silver,Standard,0,3.7,Low,No
CUST104530,Xalak Rama,48,Female,Karnataka,Mysuru,26-02-2024,15-09-2024,Grocery,2,5348.39,2674.2,901.17,Yes,0,0,17,85,13,6,0.235,Cash on Delivery,Windows Laptop,Organic Search,None,Standard,0,4.6,Low,Yes
CUST104531,Tanvi Raman,33,Female,Delhi,New Delhi,18-05-2026,15-08-2026,Electronics,10,12739.82,1273.98,0,No,0,0,16,64,8,4,0.188,Credit Card,Tablet,Instagram,Platinum,Standard,0,3.9,Medium,No
CUST104532,Vyanjana Srinivasan,24,Male,Karnataka,Bengaluru,31-10-2024,24-05-2025,Fashion,5,12280.12,2456.02,0,No,3,0.6,24,96,19,11,0.208,Net Banking,Windows Laptop,Direct,Silver,Standard,2,4.3,Medium,Yes
CUST104533,Yuvraj Brahmbhatt,35,Female,Delhi,Delhi,05-06-2025,31-07-2026,Grocery,7,2959.51,422.79,0,No,0,0,20,60,12,6,0.2,Cash on Delivery,Android,Direct,Silver,Express,0,4.1,Medium,No
CUST104534,Aadi Balasubramanian,33,Male,Tamil Nadu,Coimbatore,25-12-2025,10-08-2026,Sports & Fitness,5,6360,1272,0,No,0,0,19,95,8,3,0.105,Wallet,Android,Organic Search,None,Same Day,,3.6,Medium,No
CUST104535,Advay Mahal,36,Female,Uttar Pradesh,Varanasi,26-12-2024,17-07-2026,Fashion,3,4621.34,1540.45,1169.47,Yes,0,0,29,87,9,6,0.138,Cash on Delivery,Android,Organic Search,Gold,Standard,1,2.8,Low,Yes
CUST104536,Chavvi Saxena,41,Male,Uttar Pradesh,Kanpur,24-08-2024,29-12-2025,Fashion,5,5035.45,1007.09,758.29,Yes,0,0,18,72,14,8,0.333,UPI,Windows Laptop,Organic Search,Gold,Standard,0,3,Medium,Yes
CUST104537,Nathaniel Chatterjee,29,Female,Gujarat,Vadodara,21-08-2024,17-03-2025,Beauty & Personal Care,3,5674.22,1891.41,0,No,0,0,23,69,9,5,0.13,UPI,Android,YouTube,None,Same Day,1,4.6,Low,Yes
CUST104538,Jhalak Kale,24,Female,Bihar,Muzaffarpur,10-08-2024,01-05-2025,Fashion,5,4773.61,954.72,513.72,Yes,0,0,14,56,9,4,0.214,Cash on Delivery,Windows Laptop,Direct,None,Standard,0,4.2,Medium,Yes
CUST104539,Pallavi Pradhan,38,Male,Maharashtra,Pune,07-09-2025,15-08-2026,Sports & Fitness,5,5104.83,1020.97,0,No,0,0,17,34,4,2,0.059,UPI,MacBook,Organic Search,None,Standard,0,4.8,Medium,No
CUST104540,Ati Sahni,37,Female,Maharashtra,Pune,22-11-2024,16-01-2025,Grocery,5,5732.44,1146.49,2279.59,Yes,1,0.2,21,63,9,3,0.048,Debit Card,Android,Google Ads,Silver,Express,0,4.5,Medium,No
CUST104541,Chameli Banerjee,32,Male,Karnataka,Bengaluru,07-04-2024,26-04-2025,Electronics,8,16901.22,2112.65,3979.8,Yes,0,0,25,125,14,8,0.12,UPI,Windows Laptop,Direct,None,Express,0,5,High,No
CUST104542,Chasmum Dhar,48,Male,Rajasthan,Udaipur,13-08-2024,16-09-2024,Home & Kitchen,6,8249.49,1374.92,1115.32,Yes,1,0.17,24,120,19,14,0.292,UPI,Android,Instagram,None,Standard,1,4.2,Medium,No
CUST104543,Tanmayi Jayaraman,27,Male,Karnataka,Bengaluru,03-01-2026,26-01-2026,Grocery,6,9415.12,1569.19,3588.62,Yes,0,0,17,85,11,6,0.235,Credit Card,Tablet,Instagram,Silver,Standard,0,4,Medium,No
CUST104544,Azaan Soni,24,Other,Tamil Nadu,Chennai,15-04-2026,15-08-2026,Fashion,6,12334.39,2055.73,0,No,0,0,19,95,16,9,0.368,UPI,MacBook,Organic Search,Silver,Express,1,3.4,Medium,No
CUST104545,Akshay Chowdhury,34,Male,Gujarat,Ahmedabad,03-05-2025,15-08-2026,Beauty & Personal Care,5,5062.41,1012.48,1455.88,Yes,2,0.4,21,42,6,4,0.048,Debit Card,Android,Google Ads,Gold,Standard,0,4.2,Medium,No
CUST104546,Wahab Shah,26,Female,Madhya Pradesh,Indore,22-04-2025,24-05-2025,Electronics,5,9577.65,1915.53,767.83,Yes,1,0.2,20,100,9,3,0.1,Credit Card,Android,Instagram,Gold,Standard,0,4.4,Medium,No
CUST104547,Anamika Bajaj,35,Female,West Bengal,Durgapur,29-11-2024,28-10-2025,Beauty & Personal Care,4,5345.82,1336.46,1802.48,Yes,0,0,16,48,5,1,0.062,Debit Card,Android,Instagram,None,Standard,1,3.9,Medium,No
CUST104548,Dev Dua,24,Female,Bihar,Patna,02-03-2026,15-08-2026,Electronics,4,7334.33,1833.58,0,No,1,0.25,19,76,6,4,0.105,UPI,iPhone,Direct,Silver,Express,1,4.4,Medium,No
CUST104549,Dhruv Rao,28,Female,Odisha,Cuttack,08-07-2025,15-08-2026,Sports & Fitness,6,4883.4,813.9,1071.12,Yes,0,0,20,80,10,6,0.2,Credit Card,Tablet,Direct,Gold,Express,2,4.2,Medium,Yes
CUST104550,Ayushman Barad,46,Male,Madhya Pradesh,Bhopal,12-05-2026,15-08-2026,Fashion,6,9568.27,1594.71,4056.32,Yes,0,0,21,84,9,6,0.143,Cash on Delivery,Windows Laptop,Instagram,Silver,Express,1,,Medium,No
CUST104551,Rachana Shroff,28,Male,Jharkhand,Jamshedpur,26-05-2025,15-05-2026,Fashion,4,7652.98,1913.24,1887.19,Yes,0,0,19,76,6,3,0.053,Debit Card,iPhone,Organic Search,Platinum,Express,1,4.1,Medium,No
CUST104552,Parth Arya,25,Male,West Bengal,Siliguri,16-01-2025,07-05-2026,Sports & Fitness,6,21157.37,3526.23,1199.63,Yes,1,0.17,19,57,9,4,0.053,Credit Card,Android,Direct,Platinum,Standard,1,4.1,Medium,Yes
CUST104553,Dev Mand,40,Female,Maharashtra,Nashik,26-02-2025,15-08-2026,Electronics,4,7836.11,1959.03,0,No,0,0,15,75,13,8,0.4,UPI,Android,YouTube,Silver,Express,2,4.4,Medium,Yes
CUST104554,Varenya Jain,23,Male,Haryana,Faridabad,13-12-2024,01-02-2026,Home & Kitchen,7,16814.68,2402.1,0,No,1,0.14,23,138,23,9,0.261,Credit Card,Android,Organic Search,None,Standard,1,5,Medium,Yes
CUST104555,Arjun Magar,25,Male,Gujarat,Surat,01-06-2024,21-06-2025,Fashion,5,3050.73,610.15,806.45,Yes,1,0.2,17,85,9,4,0.059,Debit Card,Windows Laptop,YouTube,Gold,Express,0,4.1,Medium,Yes
CUST104556,Wahab Sem,36,Female,Uttar Pradesh,Kanpur,30-04-2026,15-08-2026,Fashion,7,7891.16,1127.31,2394.48,Yes,0,0,22,132,22,15,0.318,Credit Card,iPhone,YouTube,None,Standard,0,3.7,Medium,No
CUST104557,Chaitanya Saran,39,Male,Bihar,Patna,27-03-2025,05-05-2026,Books,6,12429.57,2071.59,0,No,0,0,28,56,7,4,0.071,Cash on Delivery,iPhone,Google Ads,Gold,Standard,1,4.3,Medium,No
CUST104558,Vincent Batta,41,Female,Odisha,Cuttack,16-10-2024,02-10-2025,Grocery,4,2413.62,603.4,776.43,Yes,0,0,21,84,6,3,0.048,UPI,iPhone,Organic Search,None,Express,1,3.9,Medium,Yes
CUST104559,Januja Chakrabarti,25,Male,Jharkhand,Ranchi,05-01-2026,15-08-2026,Electronics,5,8694.45,1738.89,3255.66,Yes,0,0,19,38,8,3,0.105,UPI,Android,Organic Search,Gold,Standard,1,3.2,Medium,No
CUST104560,Tanmayi Sodhi,36,Male,Andhra Pradesh,Visakhapatnam,28-04-2024,13-10-2025,Grocery,4,5030.57,1257.64,1800.79,Yes,0,0,21,84,15,9,0.286,Wallet,Windows Laptop,Referral,None,Standard,0,4.6,Medium,Yes
CUST104561,Kashvi Prabhu,27,Male,Kerala,Kozhikode,01-08-2024,15-05-2025,Home & Kitchen,4,4986.57,1246.64,675.25,Yes,1,0.25,24,144,16,6,0.125,Net Banking,Windows Laptop,Organic Search,Silver,Express,0,3,Medium,Yes
CUST104562,Ekani Palan,26,Male,Tamil Nadu,Madurai,18-07-2025,11-04-2026,Books,5,8212.93,1642.59,2711.8,Yes,0,0,17,68,8,4,0.118,UPI,Android,Direct,Gold,Standard,0,3.4,Medium,No
CUST104563,Owen Ratti,41,Female,Haryana,Gurugram,01-01-2026,15-08-2026,Fashion,5,6726.89,1345.38,2051.92,Yes,0,0,19,76,15,8,0.263,UPI,Android,Organic Search,None,Standard,0,3.8,Medium,No
CUST104564,Unni Palan,27,Male,West Bengal,Howrah,14-03-2025,15-08-2026,Beauty & Personal Care,6,13781.42,2296.9,0,No,0,0,26,130,15,8,0.192,Credit Card,Windows Laptop,YouTube,None,Standard,0,4.8,Medium,No
CUST104565,Manbir Talwar,33,Male,Delhi,New Delhi,24-01-2026,13-02-2026,Home & Kitchen,5,3884.77,776.95,393.65,Yes,0,0,26,130,12,6,0.115,Credit Card,Tablet,Email,Silver,Standard,1,4.4,Medium,Yes
CUST104566,Jagvi Sankaran,32,Female,Assam,Dibrugarh,18-07-2025,15-08-2026,Home & Kitchen,4,7453.9,1863.48,2613.75,Yes,0,0,22,110,21,10,0.364,UPI,Android,Direct,Silver,Standard,1,5,Medium,No
CUST104567,Zehaan Devan,22,Female,Delhi,Delhi,20-09-2025,15-08-2026,Home & Kitchen,4,7553.08,1888.27,3311.65,Yes,1,0.25,30,60,10,5,0.133,Net Banking,Android,Direct,None,Express,1,4.4,Medium,No
CUST104568,Jagrati Shukla,39,Female,Delhi,Delhi,22-03-2025,15-08-2026,Fashion,3,3871.21,1290.4,1337.03,Yes,0,0,20,60,9,4,0.1,Cash on Delivery,iPhone,YouTube,Silver,Express,1,4,Low,No
CUST104569,Nitesh Basak,35,Female,Maharashtra,Mumbai,22-04-2026,01-07-2026,Grocery,3,6057.14,2019.05,2118.67,Yes,0,0,19,114,17,9,0.316,Cash on Delivery,iPhone,Organic Search,Silver,Express,1,3,Low,No
CUST104570,Yashawini Dhillon,18,Female,Haryana,Faridabad,11-02-2024,29-03-2025,Home & Kitchen,4,2295.9,573.98,0,No,0,0,22,44,7,3,0.045,Debit Card,Android,Organic Search,Gold,Standard,0,3.9,Medium,No
CUST104571,Nathaniel Dewan,33,Male,Rajasthan,Jodhpur,29-01-2025,08-10-2025,Mobile Accessories,7,9005.62,1286.52,1340.24,Yes,0,0,15,75,15,7,0.333,UPI,iPhone,Instagram,Silver,Same Day,0,4.6,Medium,No
CUST104572,Meghana Bumb,25,Female,Odisha,Cuttack,03-09-2024,20-01-2026,Fashion,5,5511.98,1102.4,0,No,0,0,20,100,19,12,0.35,UPI,Android,YouTube,Silver,Standard,1,3.3,Medium,Yes
CUST104573,Isaac Thaker,40,Male,Delhi,New Delhi,17-10-2024,22-11-2024,Grocery,5,3892.86,778.57,243.59,Yes,0,0,16,48,5,1,0.062,UPI,iPhone,Direct,Gold,Standard,0,4.4,Medium,No
CUST104574,Zinal Chawla,19,Male,Kerala,Thiruvananthapuram,04-09-2024,03-12-2025,Mobile Accessories,6,2979.99,496.66,945.16,Yes,0,0,26,52,8,3,0.038,Wallet,Android,Instagram,Silver,Standard,1,4.2,Medium,Yes
CUST104575,Aachal Gala,28,Male,Kerala,Kochi,04-09-2025,29-10-2025,Grocery,7,11405.18,1629.31,1230.9,Yes,1,0.14,20,100,17,9,0.2,UPI,Android,Referral,Silver,Same Day,0,4,Medium,Yes
CUST104576,Gaurika Suresh,34,Male,Tamil Nadu,Coimbatore,21-08-2025,20-05-2026,Books,7,14159.68,2022.81,3049.41,Yes,0,0,15,60,11,7,0.2,Credit Card,Tablet,Referral,None,Standard,2,4,Medium,No
CUST104577,Eshana Prakash,31,Male,Gujarat,Surat,14-05-2026,15-08-2026,Sports & Fitness,3,6513.82,2171.27,0,No,1,0.33,15,90,18,6,0.267,Cash on Delivery,Android,Organic Search,None,Standard,2,3.7,Low,Yes
CUST104578,Maya Kanda,37,Male,Karnataka,Mangaluru,24-03-2025,25-05-2025,Fashion,6,10831.35,1805.22,1002.79,Yes,2,0.33,17,34,2,1,0.059,Credit Card,Android,Email,None,Standard,1,3.2,Medium,Yes
CUST104579,Nikita Cherian,19,Male,Andhra Pradesh,Vijayawada,24-03-2024,23-08-2025,Beauty & Personal Care,7,8233.53,1176.22,2317.81,Yes,0,0,16,64,5,2,0.062,Credit Card,Android,Instagram,Gold,Standard,3,2.1,Medium,Yes
CUST104580,Sudiksha Dugal,44,Female,Bihar,Patna,11-02-2026,14-07-2026,Electronics,4,21537.94,5384.48,0,No,0,0,22,44,4,1,0.045,UPI,iPhone,Organic Search,None,Express,0,4.9,Medium,No
CUST104581,Aadi Thaman,35,Female,Jharkhand,Ranchi,08-08-2024,12-03-2025,Beauty & Personal Care,4,8499.69,2124.92,574.53,Yes,0,0,27,54,9,6,0.111,UPI,Android,YouTube,Platinum,Standard,1,4.3,Medium,No
CUST104582,Warhi Dhawan,42,Female,Tamil Nadu,Madurai,27-10-2025,15-08-2026,Fashion,7,5517.55,788.22,1256.72,Yes,0,0,24,120,25,17,0.375,Debit Card,Windows Laptop,Direct,Silver,Standard,1,4.5,Medium,No
CUST104583,Damini Khurana,38,Female,Madhya Pradesh,Bhopal,20-02-2024,16-12-2024,Grocery,4,4650.36,1162.59,1330.48,Yes,0,0,32,96,15,6,0.062,Debit Card,Android,Referral,None,Standard,1,4.4,Medium,Yes
CUST104584,Chavvi Kadakia,31,Male,Madhya Pradesh,Indore,03-07-2025,07-03-2026,Home & Kitchen,6,7651.68,1275.28,781.74,Yes,0,0,19,76,12,8,0.316,Credit Card,Windows Laptop,Organic Search,Gold,Same Day,0,4.4,Medium,No
CUST104585,Rayaan Bajwa,21,Female,Odisha,Cuttack,09-02-2026,15-08-2026,Home & Kitchen,4,5044.64,1261.16,0,No,1,0.25,19,95,18,9,0.263,Net Banking,Android,Email,Gold,Standard,1,5,Medium,Yes
CUST104586,Azaan Merchant,26,Male,Andhra Pradesh,Visakhapatnam,05-07-2024,23-10-2025,Fashion,2,9720.11,4860.06,0,No,1,0.5,13,78,17,6,0.308,UPI,Android,Organic Search,None,Express,3,4.4,Medium,Yes
CUST104587,Sarthak Grewal,44,Male,Telangana,Hyderabad,08-06-2025,15-08-2026,Mobile Accessories,5,6443.16,1288.63,0,No,0,0,21,105,22,9,0.238,Debit Card,Tablet,YouTube,None,Same Day,0,4.9,Medium,No
CUST104588,Ekalinga Kulkarni,42,Male,Maharashtra,Pune,10-08-2024,03-04-2026,Electronics,8,8884.58,1110.57,3271.24,Yes,1,0.12,23,46,7,4,0.13,Debit Card,Android,Organic Search,Gold,Express,1,3.6,Medium,No
CUST104589,Jagat Sami,26,Male,Odisha,Bhubaneswar,09-04-2025,10-03-2026,Electronics,7,13821.96,1974.57,3277.14,Yes,1,0.14,15,60,13,5,0.267,Credit Card,iPhone,YouTube,Silver,Standard,2,4.4,Medium,Yes
CUST104590,Neha Anne,18,Male,Kerala,Kochi,22-02-2025,30-08-2025,Fashion,3,4989.63,1663.21,0,No,0,0,13,78,14,8,0.462,Cash on Delivery,Android,Organic Search,Silver,Standard,1,5,Low,No
CUST104591,Hemal Rama,29,Male,Uttar Pradesh,Lucknow,27-03-2024,19-05-2024,Mobile Accessories,3,3927.77,1309.26,0,No,0,0,24,120,21,8,0.25,Credit Card,Windows Laptop,Direct,Gold,Standard,1,4.4,Low,Yes
CUST104592,Sathvik Modi,29,Male,Karnataka,Mangaluru,15-09-2024,06-12-2025,Mobile Accessories,6,27335.53,4555.92,0,No,0,0,22,44,4,1,0.045,Debit Card,Android,Referral,None,Standard,2,3.9,Medium,Yes
CUST104593,Vanya Barman,29,Male,Rajasthan,Jaipur,29-06-2024,10-11-2025,Grocery,4,14288.73,3572.18,2515.29,Yes,1,0.25,21,126,15,9,0.333,UPI,Windows Laptop,Instagram,Gold,Same Day,1,4.1,Medium,Yes
CUST104594,Azad Tata,35,Male,Tamil Nadu,Chennai,06-11-2024,28-06-2026,Books,1,644.33,644.33,45.21,Yes,0,0,23,46,7,4,0.13,Debit Card,Windows Laptop,Direct,Gold,Express,2,2.8,Low,Yes
CUST104595,Indali Balasubramanian,38,Other,Gujarat,Ahmedabad,21-06-2024,01-09-2024,Fashion,5,22133.76,4426.75,0,No,0,0,19,95,16,10,0.263,Debit Card,MacBook,Organic Search,None,Standard,0,3.5,Medium,Yes
CUST104596,Urvashi Rajagopal,39,Male,Bihar,Gaya,17-11-2024,11-04-2026,Mobile Accessories,4,5525.35,1381.34,1856.86,Yes,0,0,28,140,15,5,0.107,Net Banking,Windows Laptop,Direct,Silver,Same Day,0,4.5,Medium,Yes
CUST104597,Pahal Panchal,35,Male,Kerala,Kochi,07-12-2025,15-08-2026,Electronics,2,5130.77,2565.39,1462.87,Yes,0,0,20,40,7,5,0.15,UPI,Android,Organic Search,None,Express,0,4.5,Low,No
CUST104598,Avi Rai,18,Female,Delhi,New Delhi,05-12-2024,02-05-2025,Electronics,10,46276.27,4627.63,15050.07,Yes,0,0,21,84,17,7,0.238,UPI,MacBook,Email,Silver,Standard,2,4.4,High,No
CUST104599,Vinaya Chadha,28,Female,Gujarat,Ahmedabad,10-05-2025,15-08-2026,Electronics,6,11929.02,1988.17,3682.37,Yes,0,0,19,76,15,9,0.211,Credit Card,Android,Organic Search,Silver,Standard,0,3.6,Medium,No
CUST104600,Zayyan Chanda,49,Male,Delhi,New Delhi,01-09-2024,15-05-2026,Beauty & Personal Care,7,35538.29,5076.9,15366.68,Yes,0,0,22,66,10,6,0.182,UPI,iPhone,Organic Search,Silver,Standard,0,4.3,Medium,No
CUST104601,Yatan Chandra,34,Female,Karnataka,Mysuru,19-05-2025,05-11-2025,Grocery,2,3806.59,1903.3,1508.81,Yes,1,0.5,20,100,12,6,0.15,UPI,Android,Direct,Silver,Express,0,5,Low,Yes
CUST104602,Ladli Nazareth,34,Male,Madhya Pradesh,Indore,24-11-2024,27-06-2025,Fashion,7,15256.29,2179.47,0,No,0,0,28,112,22,12,0.321,UPI,Android,Instagram,Silver,Standard,0,3,Medium,No
CUST104603,Upasna Banerjee,34,Male,Assam,Guwahati,29-05-2026,15-08-2026,Mobile Accessories,6,12832.18,2138.7,2964.77,Yes,0,0,23,46,8,3,0.087,Debit Card,Android,Google Ads,Gold,Standard,0,3.9,Medium,No
CUST104604,Dayita Seth,34,Male,Telangana,Hyderabad,14-07-2024,03-09-2025,Home & Kitchen,6,4762.53,793.76,0,No,0,0,21,84,7,5,0.095,Cash on Delivery,Windows Laptop,Referral,Silver,Standard,1,3.8,Medium,No
CUST104605,Nirja Chandran,18,Female,Kerala,Kozhikode,02-03-2024,25-07-2025,Electronics,7,6977.48,996.78,1622.5,Yes,0,0,22,132,19,7,0.182,Net Banking,iPhone,Direct,None,Standard,2,4.3,Medium,Yes
CUST104606,Kabir Bala,29,Male,Assam,Dibrugarh,25-01-2024,10-06-2025,Home & Kitchen,5,3990.01,798,0,No,0,0,21,126,24,17,0.619,UPI,Android,Instagram,None,Standard,1,3.4,Medium,Yes
CUST104607,Ekapad Thakkar,31,Female,Punjab,Amritsar,17-07-2025,07-01-2026,Grocery,10,10697.89,1069.79,0,No,0,0,19,38,6,2,0.053,Credit Card,Tablet,Google Ads,Silver,Standard,0,3.5,Medium,No
CUST104608,Ubika Maharaj,41,Male,Karnataka,Bengaluru,15-07-2025,25-02-2026,Sports & Fitness,4,7589.5,1897.38,2244.29,Yes,1,0.25,21,42,4,2,0.048,UPI,Android,Google Ads,Silver,Standard,2,4.5,Medium,Yes
CUST104609,Chanakya Kulkarni,31,Female,Jharkhand,Jamshedpur,12-01-2025,24-04-2026,Home & Kitchen,7,8690.03,1241.43,0,No,0,0,23,115,9,5,0.087,UPI,iPhone,Referral,None,Standard,0,3.8,Medium,No
CUST104610,Zansi Swaminathan,18,Male,Telangana,Hyderabad,15-06-2026,15-08-2026,Beauty & Personal Care,7,10019.24,1431.32,703.51,Yes,1,0.14,20,120,13,9,0.2,UPI,Android,Referral,Silver,Standard,0,4.6,Medium,No
CUST104611,Siya Memon,34,Male,Tamil Nadu,Madurai,21-10-2024,14-09-2025,Fashion,4,2759.1,689.78,1107.56,Yes,3,0.75,19,76,12,7,0.158,UPI,Android,Direct,Platinum,Standard,1,4.4,Medium,No
CUST104612,Balveer Mannan,25,Female,West Bengal,Siliguri,21-02-2024,11-05-2025,Beauty & Personal Care,9,9984.4,1109.38,3554.28,Yes,0,0,22,66,7,2,0.045,UPI,MacBook,Organic Search,Silver,Express,0,4.7,Medium,Yes
CUST104613,Pooja Choudhary,21,Female,Rajasthan,Jaipur,23-04-2026,15-08-2026,Mobile Accessories,3,8752.02,2917.34,0,No,1,0.33,15,30,2,1,0.067,Credit Card,iPhone,Organic Search,Silver,Standard,1,3.4,Medium,No
CUST104614,Faraj Issac,24,Male,Maharashtra,Nashik,09-02-2024,08-08-2024,Electronics,7,5946.28,849.47,1071.55,Yes,0,0,13,78,7,4,0.077,Debit Card,Android,YouTube,Silver,Standard,0,5,Medium,Yes
CUST104615,Vedika Krish,35,Female,Delhi,New Delhi,13-01-2026,15-08-2026,Books,2,2515.82,1257.91,438.34,Yes,0,0,22,44,5,3,0.091,Credit Card,Android,Google Ads,Silver,Standard,1,4.3,Low,No
CUST104616,Lila Goda,41,Female,Tamil Nadu,Coimbatore,25-07-2025,23-06-2026,Beauty & Personal Care,5,6916.29,1383.26,958.06,Yes,0,0,19,76,11,5,0.158,UPI,MacBook,Instagram,None,Standard,1,4.8,Medium,No
CUST104617,Caleb Mittal,35,Male,Madhya Pradesh,Indore,28-12-2025,08-05-2026,Fashion,8,14995.74,1874.47,0,No,1,0.12,22,88,16,7,0.182,Credit Card,Android,Direct,None,Standard,3,3.1,Medium,No
CUST104618,Udant Oak,36,Female,Haryana,Faridabad,01-04-2025,15-08-2026,Mobile Accessories,4,4363.9,1090.97,1933.78,Yes,0,0,23,138,21,9,0.261,Credit Card,MacBook,Organic Search,Gold,Express,1,4,Medium,No
CUST104619,Veer Saxena,35,Female,Tamil Nadu,Chennai,27-05-2026,15-08-2026,Home & Kitchen,9,5249.59,583.29,612.34,Yes,1,0.11,25,125,23,15,0.44,Cash on Delivery,Android,YouTube,None,Standard,1,4.1,Medium,No
CUST104620,Harrison Gala,32,Male,Haryana,Gurugram,01-05-2026,15-08-2026,Fashion,10,20982.64,2098.26,2997.91,Yes,1,0.1,24,120,12,5,0.125,Net Banking,Tablet,Email,None,Standard,0,4.4,High,No
CUST104621,Kevin Bajwa,37,Male,Haryana,Faridabad,09-12-2025,15-08-2026,Fashion,4,17428.67,4357.17,2895.77,Yes,1,0.25,21,63,8,4,0.095,Debit Card,Windows Laptop,Organic Search,None,Standard,1,5,Medium,No
CUST104622,Watika Peri,18,Female,Madhya Pradesh,Indore,26-02-2026,15-08-2026,Fashion,6,18664.37,3110.73,7932.89,Yes,0,0,22,88,13,8,0.227,Debit Card,Tablet,YouTube,Silver,Standard,1,3.9,Medium,No
CUST104623,Ansh Vohra,32,Male,Maharashtra,Pune,02-05-2026,15-08-2026,Sports & Fitness,7,6249.75,892.82,0,No,0,0,18,36,2,1,0.056,UPI,iPhone,Email,None,Standard,0,3.1,Medium,No
CUST104624,Hitesh Sahota,23,Male,Odisha,Cuttack,02-01-2024,03-09-2024,Beauty & Personal Care,4,7731.32,1932.83,0,No,0,0,26,104,22,8,0.231,Debit Card,Windows Laptop,Organic Search,None,Standard,2,2.7,Medium,Yes
CUST104625,Bahadurjit Mallick,40,Male,Jharkhand,Ranchi,13-04-2025,15-08-2026,Books,6,26876.91,4479.48,9987.34,Yes,0,0,32,192,40,26,0.594,Credit Card,Android,Organic Search,None,Express,0,3.9,Medium,No
CUST104626,Pahal Bhavsar,30,Female,Odisha,Bhubaneswar,15-04-2024,21-11-2024,Fashion,5,5783.95,1156.79,0,No,1,0.2,16,48,8,5,0.25,Wallet,Android,Organic Search,None,Standard,2,4.6,Medium,Yes
CUST104627,Gagan Lall,31,Male,Tamil Nadu,Chennai,03-08-2024,14-07-2025,Electronics,5,8170.97,1634.19,1727.15,Yes,1,0.2,16,80,8,5,0.25,Debit Card,Android,Referral,Silver,Express,0,,Medium,Yes
CUST104628,Vaishnavi Rattan,19,Female,Rajasthan,Udaipur,15-02-2026,15-08-2026,Electronics,5,2546.23,509.25,303.32,Yes,2,0.4,16,80,7,4,0.125,UPI,Android,Instagram,Silver,Standard,0,4.1,Medium,No
CUST104629,Laksh Dara,39,Male,Bihar,Gaya,09-11-2025,15-08-2026,Home & Kitchen,9,21154.12,2350.46,0,No,0,0,28,112,22,12,0.321,Net Banking,Android,Instagram,Silver,Standard,1,4.6,High,No
CUST104630,Neel Chadha,36,Male,Rajasthan,Jaipur,28-01-2026,15-08-2026,Mobile Accessories,5,7888.03,1577.61,0,No,1,0.2,20,100,12,7,0.25,Credit Card,Android,Organic Search,Gold,Same Day,2,5,Medium,No
CUST104631,Ronith Sehgal,35,Female,Maharashtra,Mumbai,17-02-2025,10-08-2025,Grocery,2,1867.59,933.8,243.85,Yes,0,0,24,48,6,3,0.042,UPI,Tablet,Organic Search,None,Standard,0,5,Low,No
CUST104632,Adya Sridhar,24,Female,Tamil Nadu,Madurai,28-07-2024,28-04-2026,Fashion,6,13813.94,2302.32,0,No,1,0.17,13,39,5,2,0.077,Cash on Delivery,Android,Referral,Gold,Express,3,5,Medium,Yes
CUST104633,Qasim Sachdev,25,Male,Madhya Pradesh,Bhopal,27-02-2024,19-11-2024,Books,8,18576.61,2322.08,0,No,0,0,20,80,8,4,0.1,Credit Card,Android,Instagram,Gold,Standard,0,4.6,High,Yes
CUST104634,Balveer Kata,33,Male,Haryana,Gurugram,12-02-2024,05-10-2024,Grocery,8,7401.82,925.23,624.38,Yes,1,0.12,16,48,8,4,0.125,UPI,Android,Email,Silver,Standard,0,3.7,Medium,Yes
CUST104635,Manan Mital,25,Male,Maharashtra,Nashik,17-05-2024,27-01-2026,Electronics,8,4684.5,585.56,0,No,0,0,18,54,8,4,0.056,UPI,Windows Laptop,Email,Silver,Standard,2,5,Medium,Yes
CUST104636,Mahika Apte,34,Female,Jharkhand,Ranchi,12-09-2025,15-08-2026,Sports & Fitness,5,6480.09,1296.02,0,No,0,0,17,68,13,8,0.235,Credit Card,Windows Laptop,Email,Silver,Standard,0,5,Medium,No
CUST104637,Darpan Uppal,18,Male,Tamil Nadu,Coimbatore,03-05-2025,17-06-2026,Fashion,5,11447.05,2289.41,1915.76,Yes,0,0,22,110,12,8,0.227,UPI,Android,Direct,Silver,Standard,2,4.3,Medium,No
CUST104638,Isaiah Vohra,27,Female,Bihar,Patna,13-07-2025,10-01-2026,Electronics,4,5130.78,1282.7,1707.39,Yes,0,0,25,75,9,4,0.08,UPI,Android,Email,Platinum,Express,0,3.4,Medium,Yes
CUST104639,Aditya Mitter,45,Female,Kerala,Kozhikode,29-09-2025,15-08-2026,Fashion,4,8378.44,2094.61,1098.7,Yes,0,0,8,48,7,5,0.25,UPI,Android,Instagram,None,Standard,0,4.6,Medium,No
CUST104640,Ekaja Kohli,35,Male,Madhya Pradesh,Bhopal,13-04-2025,12-09-2025,Home & Kitchen,2,1100.45,550.22,0,No,0,0,19,114,16,5,0.105,Debit Card,Android,Google Ads,None,Express,0,4.8,Low,Yes
CUST104641,Tanay Gulati,32,Male,Jharkhand,Ranchi,26-12-2025,07-08-2026,Home & Kitchen,5,3642.78,728.56,252.52,Yes,2,0.4,25,125,27,16,0.44,UPI,Windows Laptop,YouTube,None,Standard,1,4.1,Medium,No
CUST104642,Vanya Srinivas,47,Male,Tamil Nadu,Chennai,01-10-2025,15-08-2026,Fashion,3,4407.34,1469.11,460.98,Yes,0,0,27,162,26,18,0.296,UPI,MacBook,Organic Search,Silver,Express,1,3.1,Low,No
CUST104643,Hardik Gera,18,Male,Haryana,Gurugram,23-01-2025,08-09-2025,Electronics,7,3610.18,515.74,0,No,1,0.14,23,69,9,3,0.043,UPI,MacBook,Organic Search,Gold,Standard,0,3.8,Medium,No
CUST104644,Ekavir Dhingra,24,Female,Maharashtra,Nashik,16-07-2024,25-07-2025,Grocery,7,6022.14,860.31,2652.15,Yes,0,0,23,138,16,11,0.348,Credit Card,Android,Instagram,Platinum,Standard,0,4.4,Medium,Yes
CUST104645,Yashvi Dhillon,28,Male,Odisha,Bhubaneswar,20-07-2024,26-03-2025,Mobile Accessories,6,6777.32,1129.55,0,No,0,0,18,36,5,3,0.056,Cash on Delivery,Windows Laptop,YouTube,Platinum,Standard,1,5,Medium,Yes
CUST104646,Vanya Varghese,38,Female,Kerala,Thiruvananthapuram,10-07-2024,25-08-2025,Grocery,7,17715.09,2530.73,0,No,0,0,17,102,15,10,0.471,UPI,Windows Laptop,Instagram,Platinum,Express,1,4.1,Medium,No
CUST104647,Nitesh Koshy,38,Male,Odisha,Cuttack,16-04-2024,28-02-2025,Fashion,9,21287.02,2365.22,9349.14,Yes,1,0.11,22,44,6,3,0.091,Net Banking,Android,Email,Gold,Standard,0,,High,Yes
CUST104648,Janaki Kar,24,Female,Delhi,New Delhi,06-12-2025,08-04-2026,Fashion,9,15203.67,1689.3,5873.45,Yes,0,0,22,132,28,12,0.318,Net Banking,MacBook,YouTube,Silver,Standard,0,2.6,High,No
CUST104649,Niharika Bhasin,39,Male,Haryana,Faridabad,22-11-2024,31-12-2025,Fashion,7,26555.25,3793.61,0,No,2,0.29,26,78,11,4,0.038,Credit Card,iPhone,Direct,Silver,Express,2,5,Medium,No
CUST104650,Brijesh Nagi,28,Male,Karnataka,Bengaluru,19-01-2026,02-06-2026,Electronics,5,15781.82,3156.36,0,No,0,0,20,120,13,4,0.1,Cash on Delivery,Android,Organic Search,None,Express,3,4.1,Medium,Yes
CUST104651,Ayaan Hans,41,Female,West Bengal,Howrah,05-10-2025,15-08-2026,Beauty & Personal Care,4,8832.48,2208.12,2150.81,Yes,0,0,22,132,13,7,0.136,UPI,iPhone,Google Ads,None,Standard,2,3.6,Medium,No
CUST104652,Mahika Sengupta,23,Female,Kerala,Kochi,22-12-2024,03-08-2025,Beauty & Personal Care,4,9277.28,2319.32,2158.83,Yes,0,0,15,90,18,11,0.467,UPI,Android,Organic Search,Gold,Standard,1,2.8,Medium,Yes
CUST104653,Joshua Srinivas,30,Male,Rajasthan,Jaipur,17-08-2025,15-08-2026,Grocery,5,4243.7,848.74,216.48,Yes,0,0,36,108,23,10,0.111,Net Banking,Android,Instagram,None,Standard,0,3.8,Medium,No
CUST104654,Nakul Khurana,27,Female,Punjab,Chandigarh,15-05-2025,15-08-2026,Grocery,3,1952.13,650.71,,Yes,0,0,15,75,12,6,0.267,Debit Card,Android,Organic Search,None,Express,1,5,Low,Yes
CUST104655,Widisha Borde,39,Female,Telangana,Hyderabad,10-10-2024,19-09-2025,Fashion,8,7990.94,998.87,2546.26,Yes,0,0,20,100,18,10,0.3,UPI,iPhone,Referral,None,Standard,0,3.2,Medium,No
CUST104656,Azaan Sahni,27,Female,Karnataka,Bengaluru,12-04-2025,08-12-2025,Fashion,3,7448.06,2482.69,2728.12,Yes,1,0.33,15,30,4,2,0.067,UPI,Android,Organic Search,None,Standard,0,4.7,Medium,Yes
CUST104657,Frado Dhingra,31,Male,Punjab,Ludhiana,22-05-2025,15-08-2026,Grocery,4,3892.21,973.05,0,No,1,0.25,17,102,20,8,0.353,Cash on Delivery,Android,Referral,Silver,Standard,1,3.5,Medium,Yes
CUST104658,Kala Mall,35,Female,Uttar Pradesh,Varanasi,03-01-2026,13-06-2026,Fashion,5,8561.61,1712.32,866.89,Yes,0,0,25,75,9,6,0.12,UPI,Tablet,Organic Search,Gold,Standard,1,4.1,Medium,No
CUST104659,Avni Shetty,35,Female,Karnataka,Bengaluru,15-04-2024,04-04-2025,Fashion,7,3275.96,467.99,0,No,0,0,24,96,7,4,0.083,UPI,Android,Google Ads,None,Standard,0,4.7,Medium,No
CUST104660,Chavvi Wason,38,Female,Kerala,Kozhikode,20-10-2024,21-05-2026,Fashion,5,9145.88,1829.18,0,No,0,0,24,48,4,2,0.042,UPI,Android,Direct,Silver,Standard,0,3.2,Medium,No
CUST104661,Darika Singhal,33,Female,Rajasthan,Udaipur,06-03-2024,16-09-2024,Fashion,6,4893.85,815.64,0,No,0,0,22,88,17,7,0.136,Credit Card,Android,Organic Search,Gold,Standard,1,4.7,Medium,Yes
CUST104662,Libni Devan,28,Female,Uttar Pradesh,Lucknow,13-07-2024,13-05-2025,Electronics,1,1021.8,1021.8,0,No,1,1,17,51,7,2,0.059,UPI,Android,Direct,Silver,Standard,1,4.3,Low,No
CUST104663,Geetika Chand,28,Male,Gujarat,Ahmedabad,06-07-2024,23-01-2025,Sports & Fitness,8,31381.83,3922.73,0,No,0,0,25,150,32,21,0.4,UPI,Windows Laptop,Google Ads,None,Standard,1,4.3,High,Yes
CUST104664,Hema Walia,31,Male,Punjab,Amritsar,16-02-2024,30-06-2025,Sports & Fitness,9,33526.98,3725.22,0,No,1,0.11,15,75,10,5,0.133,UPI,Android,Organic Search,Silver,Standard,1,4.1,High,Yes
CUST104665,Zayan Loyal,33,Male,Punjab,Amritsar,27-12-2024,13-12-2025,Fashion,6,4809.78,801.63,0,No,1,0.17,22,132,28,16,0.455,Credit Card,Windows Laptop,Direct,Silver,Express,0,4.5,Medium,No
CUST104666,Bhavya Varghese,30,Male,Kerala,Kochi,20-05-2026,15-08-2026,Electronics,5,5119.9,1023.98,831.47,Yes,0,0,24,72,10,6,0.208,Cash on Delivery,Android,Instagram,None,Standard,0,4,Medium,No
CUST104667,Dhriti Naik,31,Male,Maharashtra,Mumbai,20-06-2025,07-11-2025,Grocery,4,5766.95,1441.74,552.32,Yes,0,0,27,81,14,5,0.111,Cash on Delivery,Android,Instagram,None,Same Day,2,3,Medium,No
CUST104668,Rayaan Pall,19,Female,Punjab,Amritsar,31-07-2025,17-09-2025,Fashion,6,10584.48,1764.08,2388.35,Yes,0,0,21,42,5,2,0.048,UPI,Android,Referral,None,Standard,1,4,Medium,No
CUST104669,Rehaan Nayak,36,Male,Odisha,Cuttack,01-05-2025,27-07-2026,Home & Kitchen,3,3680.32,1226.77,1600.02,Yes,0,0,27,54,8,4,0.074,Credit Card,Windows Laptop,Instagram,Silver,Same Day,0,5,Low,No
CUST104670,Arya Lalla,32,Female,Odisha,Bhubaneswar,26-04-2026,15-08-2026,Electronics,7,5910.69,844.38,2582.53,Yes,0,0,23,69,8,3,0.087,Net Banking,Windows Laptop,Email,Platinum,Standard,2,4,Medium,No
CUST104671,Raghav Dewan,39,Female,Telangana,Hyderabad,01-08-2025,15-08-2026,Fashion,6,9112.44,1518.74,0,No,0,0,22,66,11,8,0.227,UPI,Android,YouTube,None,Standard,0,4,Medium,No
CUST104672,Ranveer Pathak,31,Male,Haryana,Gurugram,09-12-2025,23-06-2026,Sports & Fitness,4,5821.28,1455.32,0,No,0,0,26,78,8,3,0.077,Credit Card,Windows Laptop,Google Ads,Silver,Standard,2,3.3,Medium,No
CUST104673,Samarth Shere,18,Female,Kerala,Kochi,02-09-2024,13-05-2025,Sports & Fitness,8,16742.99,2092.87,2200.1,Yes,0,0,19,38,4,2,0.053,Credit Card,Android,YouTube,Gold,Standard,0,5,High,No
CUST104674,Jacob Manne,28,Male,Maharashtra,Mumbai,18-03-2026,15-08-2026,Fashion,4,3355.8,838.95,670.7,Yes,0,0,15,30,5,2,0.067,Cash on Delivery,Android,Organic Search,Platinum,Standard,0,2.9,Medium,No
CUST104675,Samesh Nazareth,29,Female,Gujarat,Surat,03-09-2025,10-02-2026,Fashion,5,6311.19,1262.24,0,No,1,0.2,22,66,8,3,0.045,Credit Card,MacBook,Instagram,Gold,Standard,1,4,Medium,Yes
CUST104676,Watika Prasad,37,Female,Haryana,Faridabad,26-06-2024,23-08-2024,Electronics,8,17921.58,2240.2,6275.54,Yes,0,0,26,104,12,7,0.192,UPI,Android,Google Ads,None,Standard,1,3.7,High,Yes
CUST104677,Manya Sule,18,Male,West Bengal,Durgapur,24-04-2024,19-09-2025,Electronics,4,6059.68,1514.92,0,No,1,0.25,23,138,18,11,0.261,Debit Card,Android,Google Ads,None,Standard,1,,Medium,Yes
CUST104678,Tripti Yogi,31,Male,Andhra Pradesh,Visakhapatnam,10-11-2025,15-08-2026,Mobile Accessories,3,1555.83,518.61,362.59,Yes,1,0.33,24,96,16,6,0.125,Credit Card,Android,Referral,Silver,Express,1,3.5,Low,No
CUST104679,Madhav Kumar,35,Male,Odisha,Cuttack,22-09-2025,15-08-2026,Grocery,4,14176.29,3544.07,1631.72,Yes,1,0.25,17,34,4,2,0.059,Credit Card,Android,Organic Search,Silver,Express,0,4.1,Medium,Yes
CUST104680,Zayyan Dash,26,Female,Bihar,Muzaffarpur,13-06-2024,24-01-2025,Beauty & Personal Care,4,5774.39,1443.6,1751.62,Yes,0,0,13,26,3,1,0.077,UPI,iPhone,Organic Search,Gold,Standard,0,3.6,Medium,No
CUST104681,Maya Aggarwal,32,Female,Delhi,New Delhi,06-08-2024,26-09-2025,Grocery,7,10197.55,1456.79,3659.54,Yes,0,0,19,76,6,2,0.053,UPI,Windows Laptop,Direct,Gold,Standard,0,3.3,Medium,No
CUST104682,Ranbir Kumar,26,Male,Delhi,New Delhi,15-07-2024,17-03-2025,Sports & Fitness,4,18044.99,4511.25,0,No,1,0.25,15,60,10,6,0.267,Net Banking,Android,Direct,Silver,Standard,0,2.3,Medium,Yes
CUST104683,Suhani Malhotra,25,Female,Jharkhand,Jamshedpur,04-02-2025,23-01-2026,Sports & Fitness,5,20453.84,4090.77,7014.56,Yes,1,0.2,22,110,21,11,0.364,Cash on Delivery,Windows Laptop,Direct,Silver,Standard,5,,Medium,Yes
CUST104684,Rushil Lata,28,Male,Tamil Nadu,Coimbatore,09-04-2026,28-04-2026,Electronics,8,15021.11,1877.64,1707.27,Yes,0,0,26,104,20,7,0.115,Wallet,Android,Referral,Silver,Express,0,4.3,High,No
CUST104685,Prisha Suri,25,Male,Madhya Pradesh,Indore,18-01-2026,15-08-2026,Fashion,4,3034.41,758.6,0,No,0,0,20,80,12,8,0.2,Wallet,Android,Direct,Gold,Standard,1,5,Medium,No
CUST104686,Vamakshi Sarkar,36,Other,Telangana,Hyderabad,11-11-2025,06-05-2026,Grocery,9,29288.12,3254.24,5382.15,Yes,0,0,17,85,11,6,0.118,UPI,iPhone,Google Ads,Silver,Express,2,3.5,High,No
CUST104687,Dhriti Dar,25,Male,Maharashtra,Nagpur,16-03-2024,01-11-2024,Fashion,9,5105.69,567.3,1962.15,Yes,0,0,18,108,11,4,0.111,UPI,Android,Organic Search,None,Express,1,4.5,Medium,No
CUST104688,Pratyush Das,24,Female,West Bengal,Durgapur,01-03-2025,15-08-2026,Mobile Accessories,7,11324.69,1617.81,0,No,0,0,25,100,17,10,0.2,Credit Card,Windows Laptop,Referral,None,Same Day,2,,Medium,Yes
CUST104689,Chatura Barman,45,Female,Uttar Pradesh,Noida,13-10-2024,16-04-2025,Grocery,2,1979.96,989.98,0,No,0,0,21,84,13,8,0.19,Credit Card,Windows Laptop,Google Ads,None,Same Day,1,3.7,Low,Yes
CUST104690,Arunima Chokshi,39,Female,Andhra Pradesh,Vijayawada,28-06-2025,21-03-2026,Mobile Accessories,8,6143.18,767.9,0,No,0,0,24,48,6,3,0.042,Wallet,Windows Laptop,Google Ads,Gold,Standard,1,3.8,Medium,Yes
CUST104691,Joshua Char,18,Male,Telangana,Hyderabad,25-10-2024,16-12-2024,Fashion,2,2705.47,1352.74,0,No,0,0,22,132,21,13,0.318,UPI,Windows Laptop,YouTube,Silver,Standard,1,3.4,Low,Yes
CUST104692,Samarth Baral,25,Male,Telangana,Hyderabad,10-05-2026,15-08-2026,Sports & Fitness,4,8030.11,2007.53,0,No,0,0,23,92,19,8,0.261,UPI,MacBook,Organic Search,Silver,Standard,2,3.5,Medium,No
CUST104693,Advaith Choudhury,33,Male,Telangana,Warangal,11-01-2026,15-08-2026,Fashion,9,16256.23,1806.25,4139.12,Yes,0,0,19,76,7,2,0.053,Credit Card,iPhone,YouTube,Gold,Express,0,3.7,High,No
CUST104694,Aradhana Mane,34,Female,Rajasthan,Jaipur,07-12-2025,15-08-2026,Mobile Accessories,5,5583.66,1116.73,708.1,Yes,0,0,18,72,15,11,0.278,Credit Card,Windows Laptop,Direct,None,Standard,0,4.1,Medium,No
CUST104695,Wridesh Kashyap,19,Female,Gujarat,Surat,20-10-2024,28-03-2026,Electronics,5,5696.76,1139.35,651.28,Yes,1,0.2,16,48,7,2,0.062,Credit Card,Windows Laptop,Referral,Silver,Standard,1,3.3,Medium,No
CUST104696,Amara Pandya,40,Male,Haryana,Gurugram,19-03-2026,15-08-2026,Home & Kitchen,9,16598.52,1844.28,0,No,0,0,24,72,14,7,0.167,Cash on Delivery,Windows Laptop,Instagram,Gold,Same Day,2,4.2,High,No
CUST104697,Max Bajaj,38,Female,Rajasthan,Jaipur,04-06-2026,15-08-2026,Sports & Fitness,3,6163.03,2054.34,509.64,Yes,0,0,13,78,17,6,0.231,Credit Card,MacBook,Instagram,Silver,Standard,2,3.6,Low,No
CUST104698,Thomas Garg,35,Male,Rajasthan,Jaipur,22-03-2025,12-06-2025,Home & Kitchen,5,8513.12,1702.62,0,No,1,0.2,25,50,10,5,0.08,UPI,iPhone,Google Ads,Platinum,Standard,2,4.4,Medium,Yes
CUST104699,Samar Badal,42,Male,Maharashtra,Pune,17-02-2025,15-06-2025,Home & Kitchen,9,6243.41,693.71,0,No,0,0,23,138,18,6,0.087,Credit Card,Android,Referral,Gold,Standard,0,4.8,Medium,No
CUST104700,Gavin Madan,35,Male,Andhra Pradesh,Vijayawada,06-03-2025,25-04-2026,Mobile Accessories,5,2980.5,596.1,426.96,Yes,0,0,19,95,13,4,0.105,Net Banking,Android,Direct,None,Standard,1,4.3,Medium,Yes
CUST104701,Jeet Chandran,35,Male,Delhi,New Delhi,28-02-2026,15-08-2026,Home & Kitchen,6,13710.25,2285.04,1394.06,Yes,0,0,21,84,13,8,0.286,Net Banking,Android,Instagram,Silver,Standard,1,2.4,Medium,No
CUST104702,Niharika Kant,43,Male,Maharashtra,Nagpur,17-08-2024,11-03-2025,Beauty & Personal Care,4,9009.52,2252.38,0,No,0,0,22,132,22,14,0.5,Debit Card,Windows Laptop,Direct,None,Standard,0,3.7,Medium,No
CUST104703,Tripti Gandhi,40,Male,Bihar,Gaya,05-04-2024,09-02-2025,Electronics,5,7000.44,1400.09,0,No,0,0,16,64,7,4,0.188,Debit Card,iPhone,Organic Search,Gold,Same Day,1,3.7,Medium,Yes
CUST104704,Thomas Mammen,24,Female,Uttar Pradesh,Varanasi,13-06-2026,15-08-2026,Sports & Fitness,4,6060.13,1515.03,0,No,0,0,18,108,22,9,0.222,Debit Card,MacBook,Organic Search,Silver,Standard,0,4.1,Medium,No
CUST104705,Aarush Khare,36,Female,Gujarat,Ahmedabad,14-03-2025,23-04-2025,Beauty & Personal Care,2,6549.53,3274.76,878.62,Yes,0,0,15,75,14,4,0.2,UPI,MacBook,Organic Search,None,Standard,1,3.7,Low,Yes
CUST104706,Radhika Raju,26,Male,Gujarat,Ahmedabad,19-06-2024,11-03-2025,Home & Kitchen,7,32278.08,4611.15,7694.32,Yes,0,0,27,108,10,6,0.111,Debit Card,Android,Instagram,Gold,Standard,0,4,Medium,Yes
CUST104707,Tanay Kata,35,Female,Madhya Pradesh,Bhopal,12-11-2024,26-07-2026,Electronics,2,2473.09,1236.54,0,No,0,0,27,81,17,7,0.148,Debit Card,Android,Google Ads,None,Express,1,,Low,No
CUST104708,Finn Rege,35,Female,Karnataka,Mysuru,21-04-2026,15-08-2026,Beauty & Personal Care,4,4461.4,1115.35,0,No,0,0,23,92,20,9,0.261,Credit Card,Tablet,Email,Silver,Express,3,4.7,Medium,No
CUST104709,Saanvi Doctor,20,Male,Punjab,Amritsar,27-06-2025,20-01-2026,Electronics,6,11784.19,1964.03,0,No,1,0.17,23,69,8,3,0.043,Cash on Delivery,iPhone,Referral,Gold,Express,0,3.8,Medium,No
CUST104710,Lajita Bajaj,30,Female,Bihar,Patna,05-05-2025,04-06-2026,Electronics,2,1604.19,802.1,289.11,Yes,0,0,18,36,7,5,0.111,UPI,Tablet,YouTube,Silver,Standard,0,2.5,Low,Yes
CUST104711,Samesh Swamy,33,Female,Gujarat,Vadodara,22-01-2025,07-02-2025,Beauty & Personal Care,6,2776.73,462.79,0,No,0,0,15,45,5,3,0.067,Credit Card,Android,Organic Search,None,Same Day,0,4.6,Medium,Yes
CUST104712,Hema Nagy,28,Female,Gujarat,Surat,10-07-2025,15-08-2026,Fashion,2,1105.31,552.66,0,No,0,0,14,84,8,4,0.143,UPI,MacBook,Google Ads,None,Express,2,4.1,Low,Yes
CUST104713,Xalak Tripathi,34,Female,Delhi,New Delhi,12-03-2024,10-05-2024,Fashion,8,7895.69,986.96,1743.14,Yes,1,0.12,22,88,17,11,0.273,Cash on Delivery,Android,Referral,Gold,Standard,1,3.6,Medium,Yes
CUST104714,Riya Jha,37,Female,Kerala,Kochi,15-06-2025,02-07-2025,Grocery,5,4300.39,860.08,0,No,0,0,27,108,17,11,0.222,UPI,Windows Laptop,Organic Search,None,Standard,1,3.4,Medium,Yes
CUST104715,Maanas Brahmbhatt,31,Male,Rajasthan,Udaipur,26-08-2024,02-12-2025,Electronics,4,3702.62,925.66,1284.74,Yes,1,0.25,17,102,9,4,0.118,UPI,Tablet,Referral,Silver,Standard,2,4.2,Medium,No
CUST104716,Om Raval,33,Female,Tamil Nadu,Chennai,11-12-2025,15-08-2026,Fashion,4,4578.96,1144.74,397.67,Yes,0,0,17,68,13,5,0.176,UPI,iPhone,Direct,Platinum,Standard,2,3.8,Medium,Yes
CUST104717,Tejas Murthy,42,Male,Uttar Pradesh,Lucknow,30-07-2025,26-12-2025,Electronics,4,6225.38,1556.34,2337.27,Yes,2,0.5,20,100,13,8,0.2,Wallet,Windows Laptop,Direct,Silver,Standard,1,5,Medium,Yes
CUST104718,Nidhi Mahal,35,Female,Andhra Pradesh,Vijayawada,30-11-2025,15-08-2026,Beauty & Personal Care,3,2696.57,898.86,0,No,1,0.33,24,96,9,5,0.167,UPI,Android,Organic Search,Silver,Standard,1,4.7,Low,No
CUST104719,Bina Kashyap,33,Male,Gujarat,Ahmedabad,29-03-2024,15-01-2025,Grocery,4,2108.8,527.2,677.01,Yes,1,0.25,19,76,11,4,0.158,UPI,iPhone,Direct,Silver,Express,0,4.2,Medium,Yes
CUST104720,Upasna Bajwa,23,Male,Assam,Guwahati,13-12-2025,21-06-2026,Grocery,7,12088.22,1726.89,0,No,0,0,16,32,4,2,0.062,UPI,Android,Google Ads,None,Standard,0,4.8,Medium,No
CUST104721,Dhruv Sethi,36,Female,Telangana,Hyderabad,18-06-2025,10-04-2026,Fashion,9,23377.74,2597.53,0,No,1,0.11,22,88,16,10,0.273,UPI,Android,Instagram,Silver,Standard,2,4.2,High,No
CUST104722,Lopa Pai,34,Male,West Bengal,Kolkata,18-03-2026,30-07-2026,Electronics,7,6176.05,882.29,1133.15,Yes,0,0,22,88,12,7,0.227,UPI,Android,Instagram,None,Standard,1,3.7,Medium,No
CUST104723,Lakshmi Bahri,41,Female,Karnataka,Bengaluru,03-10-2025,09-04-2026,Electronics,8,8083.4,1010.42,1020.54,Yes,1,0.12,22,110,19,14,0.364,Cash on Delivery,Windows Laptop,Instagram,None,Express,0,3.4,Medium,No
CUST104724,Rajata Sehgal,31,Male,Gujarat,Vadodara,02-06-2024,29-08-2025,Home & Kitchen,9,18779.52,2086.61,4208.24,Yes,0,0,27,81,10,5,0.111,Debit Card,Tablet,YouTube,None,Standard,0,4.8,High,Yes
CUST104725,Gaurav Sarkar,18,Female,Delhi,Delhi,12-08-2025,15-08-2026,Mobile Accessories,3,7650.1,2550.03,0,No,0,0,16,48,4,2,0.062,Cash on Delivery,Windows Laptop,Email,None,Express,1,3.6,Medium,No
CUST104726,Ijaya Karnik,18,Male,West Bengal,Durgapur,08-07-2024,13-04-2026,Fashion,5,5636.92,1127.38,2299.97,Yes,0,0,31,124,10,3,0.065,Credit Card,Android,Referral,None,Express,1,4.9,Medium,Yes
CUST104727,Jeevika Lad,37,Male,Assam,Guwahati,22-03-2026,15-08-2026,Fashion,3,3583.07,1194.36,349.31,Yes,0,0,23,69,8,4,0.087,Credit Card,Windows Laptop,Organic Search,Silver,Standard,1,4.6,Low,No
CUST104728,Nakul Ganguly,26,Male,Punjab,Chandigarh,18-02-2025,03-07-2025,Electronics,6,17066.63,2844.44,6070.16,Yes,1,0.17,22,44,7,3,0.091,UPI,Tablet,Direct,None,Standard,0,4.3,Medium,No
CUST104729,Zansi Wali,34,Female,Kerala,Kochi,02-06-2024,12-01-2026,Beauty & Personal Care,6,13060.33,2176.72,5560.17,Yes,3,0.5,21,42,3,1,0.048,Cash on Delivery,Windows Laptop,Referral,None,Express,0,4.4,Medium,No
CUST104730,Balhaar Raj,32,Female,Karnataka,Bengaluru,16-09-2025,15-08-2026,Grocery,4,2928.32,732.08,0,No,1,0.25,15,45,5,3,0.067,UPI,Android,Organic Search,Silver,Standard,1,3.8,Medium,No
CUST104731,Chanakya Karnik,30,Female,Maharashtra,Mumbai,04-12-2024,20-09-2025,Beauty & Personal Care,6,3320.97,553.5,626.3,Yes,1,0.17,23,46,4,1,0.043,Credit Card,Tablet,Referral,None,Standard,0,4.1,Medium,No
CUST104732,Nathan Chanda,30,Other,West Bengal,Siliguri,20-09-2025,02-11-2025,Sports & Fitness,2,2416.37,1208.18,827.43,Yes,0,0,17,68,9,5,0.118,UPI,MacBook,Organic Search,Platinum,Express,0,3.9,Low,No
CUST104733,Zashil Buch,24,Female,Kerala,Kochi,31-05-2025,13-02-2026,Home & Kitchen,1,757.2,757.2,254.26,Yes,0,0,17,51,9,6,0.235,UPI,Windows Laptop,YouTube,Gold,Standard,0,4.1,Low,No
CUST104734,Sneha Dixit,31,Female,Jharkhand,Jamshedpur,07-06-2026,15-08-2026,Electronics,4,6473.54,1618.38,420.51,Yes,0,0,14,70,11,6,0.214,Debit Card,MacBook,Direct,Silver,Standard,0,3.4,Medium,No
CUST104735,Lucky Sarin,26,Male,Gujarat,Ahmedabad,17-04-2026,15-08-2026,Fashion,5,9302.86,1860.57,0,No,0,0,27,108,17,8,0.185,UPI,Windows Laptop,YouTube,None,Express,0,4.4,Medium,No
CUST104736,Quincy Karnik,28,Male,Maharashtra,Nagpur,04-02-2024,03-08-2025,Grocery,6,9813.46,1635.58,962.27,Yes,0,0,25,100,21,12,0.2,Credit Card,Tablet,Google Ads,None,Standard,0,4.9,Medium,No
CUST104737,Devika Ganesan,28,Male,Rajasthan,Jaipur,22-02-2026,28-05-2026,Beauty & Personal Care,4,3383.4,845.85,0,No,0,0,19,76,10,7,0.158,UPI,Windows Laptop,Direct,None,Standard,0,4.2,Medium,No
CUST104738,Vincent Chanda,29,Male,Telangana,Warangal,01-11-2025,15-08-2026,Beauty & Personal Care,7,4080.02,582.86,293.83,Yes,1,0.14,19,57,11,4,0.158,Debit Card,Android,Email,Gold,Express,1,5,Medium,No
CUST104739,Patrick Mani,38,Female,Telangana,Warangal,22-12-2025,15-08-2026,Grocery,5,7982.85,1596.57,2278.02,Yes,1,0.2,23,115,14,6,0.174,UPI,Android,Organic Search,Silver,Express,0,4.9,Medium,No
CUST104740,Pallavi Ganesh,30,Female,Bihar,Patna,09-06-2025,15-08-2026,Beauty & Personal Care,3,5307.54,1769.18,0,No,0,0,21,105,17,12,0.238,Debit Card,Android,Organic Search,None,Standard,1,5,Low,No
CUST104741,Anay Hayre,39,Female,Kerala,Kozhikode,20-06-2025,15-08-2026,Books,7,19674.45,2810.64,6251.84,Yes,0,0,23,115,21,15,0.478,Credit Card,Android,Direct,Silver,Standard,,3.8,Medium,No
CUST104742,Ekalinga Chaudhuri,43,Female,Maharashtra,Mumbai,26-04-2026,15-08-2026,Beauty & Personal Care,4,4533.46,1133.36,1644.82,Yes,0,0,32,96,18,10,0.188,Debit Card,iPhone,Organic Search,None,Standard,2,3.3,Medium,No
CUST104743,Praneel Walla,38,Female,West Bengal,Kolkata,05-08-2024,18-10-2024,Grocery,6,8139.63,1356.6,2983.66,Yes,1,0.17,30,60,6,2,0.033,Cash on Delivery,Windows Laptop,Referral,None,Standard,1,4.9,Medium,Yes
CUST104744,Turvi Pillay,35,Female,Andhra Pradesh,Vijayawada,10-09-2024,25-05-2026,Fashion,4,9740.3,2435.07,633.64,Yes,0,0,22,88,10,6,0.136,Credit Card,Android,Direct,None,Standard,2,4.8,Medium,No
CUST104745,Michael Walla,34,Male,Delhi,New Delhi,21-07-2024,29-01-2026,Grocery,4,4703.75,1175.94,2017.34,Yes,1,0.25,29,116,15,9,0.138,Net Banking,Android,Organic Search,None,Standard,0,4.3,Medium,Yes
CUST104746,Yatan Anand,38,Male,West Bengal,Durgapur,10-04-2024,09-05-2025,Books,5,4833.72,966.74,1375.96,Yes,0,0,19,38,4,2,0.053,UPI,Windows Laptop,Direct,None,Express,0,3.1,Medium,Yes
CUST104747,Onveer Magar,32,Male,Karnataka,Mysuru,26-12-2024,29-11-2025,Home & Kitchen,8,6903.35,862.92,2818.5,Yes,0,0,16,48,7,5,0.25,UPI,Android,Instagram,None,Standard,1,4.2,Medium,No
CUST104748,Xiti Thaman,39,Male,West Bengal,Howrah,10-01-2026,15-08-2026,Grocery,3,6751.62,2250.54,0,No,0,0,29,145,27,10,0.172,Net Banking,Windows Laptop,Organic Search,Gold,Standard,0,3.9,Low,No
CUST104749,Meera Deshmukh,36,Female,Telangana,Hyderabad,11-12-2025,25-02-2026,Grocery,3,4062.46,1354.15,0,No,0,0,22,66,6,2,0.045,UPI,Android,Organic Search,None,Standard,2,4.7,Low,No
CUST104750,Chanakya Singh,28,Female,Madhya Pradesh,Bhopal,26-06-2024,03-12-2024,Electronics,5,5384.96,1076.99,1841.07,Yes,1,0.2,18,36,4,2,0.056,UPI,Tablet,YouTube,None,Standard,1,4.6,Medium,Yes
CUST104751,Kevin Khurana,38,Male,Tamil Nadu,Coimbatore,02-10-2024,13-10-2025,Beauty & Personal Care,5,9087.67,1817.53,1251.99,Yes,0,0,22,132,23,8,0.136,UPI,Android,Referral,Silver,Express,1,3.8,Medium,Yes
CUST104752,Arya Shere,32,Female,Gujarat,Surat,07-11-2024,13-01-2025,Electronics,6,6302.65,1050.44,575.37,Yes,1,0.17,15,90,16,11,0.4,UPI,Android,YouTube,Silver,Express,1,3.6,Medium,No
CUST104753,Suhani Gill,30,Female,Odisha,Bhubaneswar,03-10-2025,15-08-2026,Mobile Accessories,11,12118.97,1101.72,1044.65,Yes,0,0,18,36,4,2,0.056,Net Banking,Windows Laptop,YouTube,None,Standard,1,3.5,Medium,No
CUST104754,Yuvraj Edwin,27,Male,Rajasthan,Jaipur,13-02-2025,15-08-2026,Sports & Fitness,4,6245.76,1561.44,2433.69,Yes,0,0,30,60,10,4,0.067,Cash on Delivery,Windows Laptop,YouTube,None,Standard,0,3.7,Medium,Yes
CUST104755,Ekalinga Purohit,32,Male,Haryana,Gurugram,01-03-2026,15-08-2026,Electronics,5,4287.61,857.52,1779.26,Yes,0,0,23,115,24,11,0.261,UPI,MacBook,Instagram,Silver,Express,0,4.2,Medium,No
CUST104756,Aadi Mani,39,Female,Haryana,Gurugram,14-10-2024,19-01-2025,Electronics,6,17727.36,2954.56,6661.33,Yes,0,0,23,92,15,7,0.13,Debit Card,Windows Laptop,Organic Search,None,Same Day,1,4,Medium,No
CUST104757,Vrishti Rana,38,Female,West Bengal,Kolkata,14-10-2025,15-08-2026,Beauty & Personal Care,6,11967.12,1994.52,0,No,1,0.17,24,120,15,10,0.292,Cash on Delivery,Android,YouTube,None,Standard,0,2.9,Medium,No
CUST104758,Unnati Venkatesh,34,Male,Madhya Pradesh,Indore,08-06-2025,15-08-2026,Fashion,5,6407.82,1281.56,2844.5,Yes,0,0,18,72,10,4,0.111,UPI,Android,Direct,Platinum,Standard,1,5,Medium,No
CUST104759,Nidhi Krishnamurthy,36,Male,Gujarat,Vadodara,04-02-2025,10-05-2025,Electronics,5,15937.42,3187.48,0,No,0,0,24,120,15,6,0.125,UPI,Android,Organic Search,None,Express,0,3.1,Medium,No
CUST104760,Ojas Thakur,41,Male,Andhra Pradesh,Vijayawada,04-08-2024,14-01-2026,Beauty & Personal Care,5,5806.24,1161.25,647.7,Yes,1,0.2,21,63,9,5,0.095,Credit Card,Android,Direct,None,Express,0,3.4,Medium,Yes
CUST104761,Jonathan Bansal,30,Male,Rajasthan,Udaipur,28-11-2025,15-08-2026,Home & Kitchen,2,5027.9,2513.95,1474.03,Yes,1,0.5,24,96,18,10,0.167,Debit Card,Windows Laptop,Direct,Platinum,Standard,1,3.9,Low,Yes
CUST104762,Ethan Pillai,22,Female,Andhra Pradesh,Visakhapatnam,14-04-2025,15-08-2026,Electronics,1,880.01,880.01,0,No,0,0,19,95,9,4,0.158,Credit Card,Windows Laptop,Google Ads,Silver,Standard,0,3.6,Low,No
CUST104763,Jack Sachar,41,Male,Kerala,Kozhikode,27-01-2024,03-10-2024,Sports & Fitness,3,2790.11,930.04,0,No,0,0,17,34,4,2,0.059,Cash on Delivery,iPhone,Instagram,Silver,Standard,0,3.9,Low,Yes
CUST104764,Keya Mistry,27,Male,Delhi,Delhi,30-12-2025,19-02-2026,Books,7,6060.31,865.76,2067.31,Yes,0,0,18,90,15,10,0.389,Wallet,Android,YouTube,None,Standard,1,4.1,Medium,No
CUST104765,Arjun Murty,25,Male,Uttar Pradesh,Kanpur,25-02-2025,30-01-2026,Grocery,5,9005.51,1801.1,776.82,Yes,0,0,18,54,7,3,0.056,Net Banking,Tablet,Email,Gold,Express,1,4,Medium,No
CUST104766,Rushil Babu,18,Female,Andhra Pradesh,Visakhapatnam,14-01-2024,24-03-2024,Sports & Fitness,2,1215.56,607.78,0,No,0,0,23,46,8,2,0.043,Cash on Delivery,Android,Organic Search,None,Standard,0,3.3,Low,Yes
CUST104767,Radhika Din,36,Male,Haryana,Faridabad,15-05-2025,27-09-2025,Fashion,3,4851.98,1617.33,1591.98,Yes,1,0.33,25,100,10,6,0.08,UPI,Windows Laptop,Organic Search,Silver,Standard,0,3.7,Low,No
CUST104768,Logan Mittal,18,Male,Maharashtra,Nagpur,15-10-2025,15-08-2026,Fashion,7,7139.53,1019.93,0,No,0,0,18,36,7,5,0.167,Net Banking,Windows Laptop,Referral,None,Same Day,1,3.8,Medium,No
CUST104769,Yash Dhar,25,Female,Odisha,Bhubaneswar,20-11-2024,03-07-2025,Fashion,6,9773.21,1628.87,0,No,1,0.17,23,115,24,8,0.217,Wallet,Android,Organic Search,None,Standard,0,3.2,Medium,No
CUST104770,Utkarsh Sarna,36,Male,Telangana,Warangal,19-11-2024,16-03-2025,Grocery,3,3419.23,1139.74,0,No,0,0,17,51,6,3,0.118,Credit Card,Android,Direct,Silver,Express,1,3.1,Low,Yes
CUST104771,Vidhi Rastogi,37,Male,West Bengal,Durgapur,20-07-2025,15-08-2026,Mobile Accessories,4,7551.52,1887.88,0,No,0,0,21,105,10,5,0.143,Cash on Delivery,iPhone,Direct,Gold,Same Day,2,3.7,Medium,No
CUST104772,Udyati Prabhu,26,Male,Gujarat,Surat,03-12-2025,24-01-2026,Grocery,5,19888.15,3977.63,0,No,1,0.2,24,120,26,14,0.333,Debit Card,Android,Organic Search,None,Standard,0,3.8,Medium,No
CUST104773,Ubika De,30,Female,Delhi,New Delhi,11-10-2024,07-07-2026,Books,3,12574.1,4191.37,4253,Yes,0,0,16,96,12,5,0.188,Wallet,MacBook,Instagram,Silver,Standard,3,5,Medium,No
CUST104774,Charan Korpal,24,Female,Punjab,Chandigarh,29-03-2024,31-05-2025,Beauty & Personal Care,4,9874.88,2468.72,4147.16,Yes,0,0,15,45,6,3,0.133,Debit Card,MacBook,Instagram,None,Standard,,4.7,Medium,No
CUST104775,Harrison Merchant,27,Male,Tamil Nadu,Chennai,14-02-2024,09-10-2024,Home & Kitchen,6,5637.75,939.62,2167.4,Yes,0,0,26,52,5,1,0.038,Credit Card,Windows Laptop,YouTube,None,Standard,2,4.7,Medium,Yes
CUST104776,Chatresh Palla,33,Male,Punjab,Amritsar,05-10-2025,08-08-2026,Home & Kitchen,3,4366.55,1455.52,1802.58,Yes,0,0,21,126,11,4,0.048,UPI,Android,Instagram,None,Standard,0,3.8,Low,No
CUST104777,Libni Sant,27,Male,West Bengal,Howrah,12-05-2025,28-10-2025,Electronics,6,7216.85,1202.81,3065.92,Yes,0,0,23,46,4,2,0.043,Cash on Delivery,Windows Laptop,Organic Search,None,Same Day,0,5,Medium,Yes
CUST104778,Chaitaly Pant,29,Female,Tamil Nadu,Chennai,12-05-2025,27-06-2025,Electronics,5,4292.08,858.42,0,No,0,0,20,40,4,1,0.05,UPI,Windows Laptop,Organic Search,None,Express,1,4.4,Medium,No
CUST104779,Banjeet Srinivas,19,Female,Delhi,New Delhi,31-07-2025,05-04-2026,Grocery,4,1858.15,464.54,684.35,Yes,0,0,18,72,15,10,0.389,Debit Card,iPhone,Email,Silver,Standard,0,4.4,Medium,Yes
CUST104780,Indira Narula,40,Female,Delhi,Delhi,01-03-2026,15-08-2026,Home & Kitchen,6,6154.68,1025.78,0,No,0,0,16,64,12,5,0.25,UPI,Android,Email,None,Standard,1,4.4,Medium,No
CUST104781,Dayita Toor,35,Female,West Bengal,Howrah,15-04-2026,15-08-2026,Beauty & Personal Care,3,4243.85,1414.62,,Yes,0,0,16,48,6,3,0.062,Debit Card,iPhone,Organic Search,Silver,Standard,1,4.7,Low,No
CUST104782,Advay Chaudhuri,37,Female,Karnataka,Bengaluru,21-10-2025,15-08-2026,Beauty & Personal Care,3,6049.6,2016.53,0,No,0,0,27,81,10,7,0.148,UPI,Android,Organic Search,Gold,Same Day,1,4.3,Low,No
CUST104783,Anamika Bhasin,41,Female,Uttar Pradesh,Kanpur,24-05-2024,24-06-2024,Fashion,2,3212.65,1606.32,474.35,Yes,0,0,23,115,11,5,0.087,UPI,iPhone,Direct,None,Standard,0,4.3,Low,No
CUST104784,Yashodhara Kamdar,24,Female,Tamil Nadu,Madurai,01-06-2025,03-08-2026,Home & Kitchen,5,4850.51,970.1,455.21,Yes,0,0,22,66,9,6,0.136,Debit Card,Windows Laptop,Google Ads,Gold,Same Day,0,4.8,Medium,Yes
CUST104785,Arjun Sen,28,Male,Gujarat,Vadodara,22-03-2024,01-12-2024,Home & Kitchen,4,4603.49,1150.87,0,No,0,0,21,63,13,6,0.19,Debit Card,Windows Laptop,Google Ads,Silver,Express,2,4.1,Medium,No
CUST104786,Gaurika Sharma,18,Male,Telangana,Warangal,26-09-2025,23-07-2026,Home & Kitchen,7,16301.82,2328.83,0,No,0,0,23,92,20,11,0.217,Credit Card,Android,Direct,Gold,Standard,0,,Medium,No
CUST104787,Eta Mane,56,Male,Haryana,Gurugram,15-06-2024,10-06-2025,Sports & Fitness,5,2930.33,586.07,505.09,Yes,1,0.2,21,126,25,8,0.286,UPI,Android,Direct,Silver,Express,0,4.3,Medium,No
CUST104788,Charan Varughese,30,Male,Assam,Guwahati,18-01-2026,15-08-2026,Home & Kitchen,4,4789.81,1197.45,1927.65,Yes,1,0.25,21,84,7,3,0.048,Net Banking,Android,Google Ads,None,Same Day,0,2.7,Medium,Yes
CUST104789,Raksha Sura,39,Female,Rajasthan,Jaipur,14-04-2024,14-05-2024,Beauty & Personal Care,7,8134.59,1162.08,847.75,Yes,0,0,29,87,8,2,0.034,Debit Card,MacBook,Email,Silver,Standard,1,3.9,Medium,Yes
CUST104790,Yoshita Bansal,21,Male,Tamil Nadu,Chennai,12-03-2026,15-08-2026,Books,7,7485.93,1069.42,2664.53,Yes,1,0.14,16,80,7,2,0.062,Credit Card,iPhone,Instagram,None,Standard,1,4.3,Medium,No
CUST104791,Mitesh Purohit,39,Female,Maharashtra,Nagpur,02-05-2025,31-01-2026,Sports & Fitness,8,4162.63,520.33,0,No,0,0,15,75,7,5,0.267,Wallet,Android,Instagram,None,Standard,0,4.3,Medium,No
CUST104792,Ria Loke,46,Male,Jharkhand,Ranchi,19-01-2026,15-08-2026,Books,5,11147.08,2229.42,0,No,1,0.2,27,135,13,8,0.222,Credit Card,Android,Organic Search,None,Standard,0,3.7,Medium,No
CUST104793,Lucky Hegde,31,Female,West Bengal,Kolkata,05-11-2024,23-12-2025,Fashion,7,17924.05,2560.58,4053.3,Yes,1,0.14,23,92,8,3,0.043,Cash on Delivery,iPhone,Email,Silver,Standard,1,2.9,Medium,No
CUST104794,Leena Majumdar,23,Male,Tamil Nadu,Coimbatore,22-03-2024,09-07-2025,Electronics,10,8188.02,818.8,1749.04,Yes,1,0.1,15,75,9,5,0.2,UPI,Android,Email,Silver,Standard,2,3.3,Medium,Yes
CUST104795,Thomas Barman,30,Male,Tamil Nadu,Chennai,03-04-2024,15-09-2025,Fashion,7,1711.76,244.54,,Yes,0,0,20,60,6,3,0.05,UPI,Android,Referral,Gold,Standard,0,2.5,Medium,Yes
CUST104796,Chavvi Arora,18,Male,Tamil Nadu,Chennai,16-11-2024,23-02-2025,Fashion,2,7598.68,3799.34,0,No,2,1,16,64,6,4,0.125,Debit Card,iPhone,Direct,Gold,Standard,0,3.1,Medium,Yes
CUST104797,Robert Sahota,31,Female,Karnataka,Bengaluru,08-12-2024,23-02-2025,Books,2,1794.91,897.46,0,No,0,0,22,66,10,4,0.136,Debit Card,iPhone,Organic Search,None,Standard,1,3.5,Low,Yes
CUST104798,Omisha Doshi,38,Male,Madhya Pradesh,Indore,07-03-2026,29-06-2026,Beauty & Personal Care,4,2633.06,658.26,0,No,1,0.25,16,96,10,5,0.188,UPI,Android,Direct,None,Standard,0,4,Medium,No
CUST104799,Aadhya Kade,31,Male,Maharashtra,Mumbai,19-03-2026,15-08-2026,Electronics,7,7848.41,1121.2,1036.74,Yes,1,0.14,22,66,5,1,0.045,UPI,Android,Direct,Silver,Standard,0,4.5,Medium,No
CUST104800,Dominic Gade,29,Male,Bihar,Gaya,26-12-2024,20-06-2025,Electronics,5,7904.03,1580.81,3184.14,Yes,2,0.4,20,120,21,13,0.5,UPI,Windows Laptop,Organic Search,Silver,Standard,2,3.8,Medium,No
CUST104801,Alka Subramanian,35,Female,Maharashtra,Nagpur,10-04-2026,15-08-2026,Electronics,5,4634.48,926.9,0,No,1,0.2,26,156,19,11,0.192,Credit Card,Windows Laptop,Organic Search,Gold,Standard,1,4.3,Medium,Yes
CUST104802,Theodore Sidhu,36,Male,West Bengal,Durgapur,06-03-2024,07-06-2025,Beauty & Personal Care,5,6443.65,1288.73,1195.83,Yes,0,0,24,48,8,4,0.125,Cash on Delivery,Android,Organic Search,Silver,Express,0,4,Medium,No
CUST104803,Wakeeta Comar,18,Other,Assam,Dibrugarh,15-09-2025,15-08-2026,Grocery,1,1410.88,1410.88,472.71,Yes,0,0,20,40,8,5,0.2,UPI,Android,Organic Search,Silver,Standard,0,5,Low,No
CUST104804,Tripti Oommen,32,Female,Karnataka,Mangaluru,17-05-2026,15-08-2026,Sports & Fitness,5,4929.88,985.98,1671.13,Yes,1,0.2,19,57,11,5,0.105,UPI,Windows Laptop,Email,None,Express,0,3.1,Medium,No
CUST104805,Upasna Kuruvilla,50,Male,Punjab,Chandigarh,04-03-2025,29-04-2025,Mobile Accessories,7,3631.57,518.8,1102.12,Yes,0,0,25,150,15,6,0.08,Debit Card,Tablet,Google Ads,Platinum,Express,0,5,Medium,Yes
CUST104806,Eta Vyas,20,Female,Uttar Pradesh,Kanpur,04-02-2025,18-10-2025,Fashion,6,18652.67,3108.78,0,No,1,0.17,19,76,13,5,0.158,UPI,iPhone,YouTube,None,Standard,1,3.5,Medium,Yes
CUST104807,Zinal Mallick,30,Male,Maharashtra,Pune,19-06-2024,10-06-2025,Fashion,5,10829.98,2166,3185.54,Yes,0,0,26,104,9,5,0.077,UPI,Windows Laptop,Google Ads,Silver,Standard,0,4.5,Medium,No
CUST104808,Upkaar Bains,47,Female,Jharkhand,Jamshedpur,28-01-2026,13-05-2026,Fashion,7,5625.36,803.62,0,No,1,0.14,21,105,15,11,0.381,Credit Card,iPhone,YouTube,Silver,Express,0,3.6,Medium,No
CUST104809,Vasudha Magar,40,Male,Delhi,Delhi,31-07-2025,11-09-2025,Fashion,13,20852.76,1604.06,9009.89,Yes,0,0,15,75,10,5,0.133,Wallet,Android,Google Ads,None,Standard,1,3.6,High,No
CUST104810,Yashodhara Mital,27,Other,Haryana,Gurugram,08-03-2024,24-06-2025,Books,4,3941.81,985.45,910.89,Yes,1,0.25,17,68,7,2,0.059,UPI,Android,Direct,None,Express,0,4.2,Medium,No
CUST104811,Nidhi Behl,33,Female,Karnataka,Mangaluru,06-05-2025,15-08-2026,Beauty & Personal Care,5,5747.74,1149.55,0,No,0,0,17,34,6,2,0.059,Cash on Delivery,Tablet,YouTube,Silver,Standard,3,3.3,Medium,No
CUST104812,Aarini Chhabra,31,Female,Punjab,Chandigarh,03-02-2024,08-03-2025,Grocery,8,12690.46,1586.31,0,No,0,0,22,132,27,14,0.318,Wallet,iPhone,Instagram,None,Standard,0,4,Medium,No
CUST104813,Udant Kanda,25,Male,West Bengal,Kolkata,01-01-2024,16-05-2025,Home & Kitchen,8,14044.97,1755.62,2523.44,Yes,1,0.12,15,45,5,3,0.067,Cash on Delivery,Android,Google Ads,Platinum,Standard,0,4.2,Medium,Yes
CUST104814,Ucchal Dua,30,Male,Rajasthan,Jaipur,30-05-2024,19-01-2025,Electronics,8,8538.43,1067.3,0,No,1,0.12,12,48,5,2,0.083,Credit Card,Android,Google Ads,None,Standard,0,2.5,Medium,Yes
CUST104815,Yashasvi Patil,29,Female,Madhya Pradesh,Indore,22-02-2026,15-08-2026,Electronics,9,16145.71,1793.97,0,No,1,0.11,16,64,6,2,0.062,Cash on Delivery,Android,Referral,Platinum,Standard,1,3.2,High,No
CUST104816,Mugdha Saini,32,Female,Jharkhand,Jamshedpur,14-09-2024,27-01-2025,Beauty & Personal Care,6,7531.37,1255.23,0,No,0,0,18,36,6,3,0.056,UPI,iPhone,Instagram,Silver,Standard,1,3.5,Medium,Yes
CUST104817,Chandani Bumb,25,Male,Assam,Guwahati,19-01-2026,20-03-2026,Grocery,6,5884.88,980.81,651.71,Yes,1,0.17,21,105,9,5,0.143,Net Banking,Android,YouTube,None,Standard,0,5,Medium,No
CUST104818,Nicholas Srivastava,21,Male,Punjab,Amritsar,19-09-2025,10-07-2026,Fashion,5,18929.73,3785.95,5564.3,Yes,0,0,19,114,10,4,0.105,Credit Card,Windows Laptop,Direct,None,Express,0,3.5,Medium,No
CUST104819,Dipta Bhandari,31,Male,Haryana,Faridabad,10-08-2025,17-12-2025,Grocery,5,3909.68,781.94,0,No,0,0,26,78,8,4,0.077,Credit Card,Android,Google Ads,Gold,Standard,1,4.3,Medium,No
CUST104820,Nidra Sankaran,45,Female,Karnataka,Mysuru,05-03-2026,15-08-2026,Sports & Fitness,4,7732.11,1933.03,0,No,1,0.25,23,46,7,4,0.043,Debit Card,Android,Google Ads,None,Standard,1,4.8,Medium,No
CUST104821,Oeshi Solanki,32,Male,Tamil Nadu,Madurai,19-01-2024,12-04-2025,Home & Kitchen,4,11061.12,2765.28,1165.41,Yes,0,0,19,95,10,6,0.211,Wallet,Android,Google Ads,Gold,Standard,0,3.7,Medium,Yes
CUST104822,Gauri Prabhakar,28,Male,Tamil Nadu,Chennai,06-03-2026,15-08-2026,Grocery,6,2958.44,493.07,572.56,Yes,0,0,20,60,13,9,0.25,UPI,iPhone,Organic Search,Silver,Standard,2,3.6,Medium,No
CUST104823,Darika Keer,37,Male,Telangana,Hyderabad,04-02-2024,16-06-2025,Home & Kitchen,4,13108.02,3277,3155.01,Yes,1,0.25,20,60,8,5,0.1,Credit Card,Tablet,Direct,None,Standard,1,4.3,Medium,Yes
CUST104824,Vyanjana Randhawa,30,Male,Telangana,Hyderabad,05-01-2025,29-01-2026,Grocery,7,19691.84,2813.12,7326.89,Yes,0,0,20,40,5,2,0.05,Debit Card,MacBook,Referral,Silver,Standard,0,3.5,Medium,No
CUST104825,Nidra Sani,46,Male,Uttar Pradesh,Noida,05-05-2025,23-02-2026,Grocery,5,4666.81,933.36,1414.53,Yes,1,0.2,22,66,5,3,0.091,Debit Card,Android,YouTube,Gold,Standard,0,4.6,Medium,No
CUST104826,Bhavini Kohli,31,Female,Karnataka,Mysuru,15-04-2026,21-05-2026,Mobile Accessories,3,4255.5,1418.5,0,No,0,0,22,110,19,11,0.227,UPI,MacBook,Organic Search,Platinum,Standard,0,4.8,Low,No
CUST104827,Gayathri Dutta,37,Male,Odisha,Cuttack,27-03-2026,17-06-2026,Fashion,5,3790.67,758.13,0,No,0,0,24,96,18,13,0.25,UPI,iPhone,Email,Platinum,Same Day,0,4.2,Medium,No
CUST104828,Krisha Butala,25,Female,Karnataka,Bengaluru,28-08-2024,08-11-2024,Home & Kitchen,4,3374.71,843.68,489.01,Yes,0,0,13,65,8,3,0.154,UPI,Windows Laptop,Organic Search,Silver,Express,0,4.8,Medium,Yes
CUST104829,Fitan Butala,35,Male,Tamil Nadu,Chennai,07-01-2024,01-07-2025,Electronics,7,5810.97,830.14,0,No,0,0,21,42,7,3,0.095,UPI,iPhone,Organic Search,Silver,Standard,0,4.7,Medium,Yes
CUST104830,Mason Zachariah,33,Male,Rajasthan,Jaipur,02-07-2025,06-04-2026,Fashion,9,25343.49,2815.94,1456.55,Yes,0,0,22,66,7,3,0.045,UPI,Windows Laptop,Organic Search,None,Express,0,3.5,High,No
CUST104831,Waida Chanda,31,Male,Madhya Pradesh,Indore,05-01-2025,18-03-2026,Grocery,4,4971.96,1242.99,1900.69,Yes,1,0.25,22,88,16,5,0.136,UPI,Android,Organic Search,Gold,Express,0,2.6,Medium,No
CUST104832,Charan Agate,27,Female,Kerala,Thiruvananthapuram,26-10-2025,15-08-2026,Books,6,4295.94,715.99,0,No,0,0,18,108,16,8,0.333,Debit Card,Android,YouTube,None,Express,0,2.4,Medium,No
CUST104833,Peter Bali,26,Female,Bihar,Muzaffarpur,26-01-2026,15-08-2026,Home & Kitchen,5,10261.81,2052.36,790.38,Yes,1,0.2,26,130,17,12,0.269,UPI,iPhone,Organic Search,Silver,Standard,4,4.5,Medium,No
CUST104834,Bishakha Peri,33,Male,Maharashtra,Mumbai,06-09-2024,08-03-2025,Electronics,6,13492.54,2248.76,5381.99,Yes,0,0,25,150,27,18,0.56,UPI,iPhone,YouTube,None,Express,1,3.6,Medium,No
CUST104835,Gagan Baria,36,Male,Uttar Pradesh,Varanasi,24-04-2024,19-11-2025,Fashion,4,7401.34,1850.34,3235.35,Yes,0,0,23,46,7,3,0.087,Debit Card,Android,Email,None,Express,1,3.9,Medium,No
CUST104836,Dayita Narayanan,30,Female,Maharashtra,Nashik,06-07-2025,15-08-2026,Home & Kitchen,3,2529.97,843.32,780.83,Yes,0,0,23,46,7,3,0.043,Credit Card,Windows Laptop,Instagram,Silver,Standard,1,,Low,Yes
CUST104837,Balvan Butala,33,Other,Telangana,Warangal,02-12-2024,15-08-2026,Fashion,2,2478.41,1239.2,477.43,Yes,1,0.5,21,126,13,9,0.19,Credit Card,Windows Laptop,YouTube,None,Standard,0,3.8,Low,No
CUST104838,Aadi Handa,31,Male,Gujarat,Ahmedabad,27-07-2025,15-08-2026,Fashion,5,23413.99,4682.8,0,No,1,0.2,18,72,14,5,0.222,Debit Card,Android,Google Ads,Gold,Standard,0,3.9,Medium,No
CUST104839,Mahika Swaminathan,32,Female,West Bengal,Siliguri,11-11-2025,15-08-2026,Grocery,2,2870.24,1435.12,437.6,Yes,0,0,22,66,9,4,0.091,UPI,Android,Referral,Silver,Standard,,3.8,Low,No
CUST104840,Amara Manne,29,Male,Tamil Nadu,Coimbatore,21-05-2024,30-01-2025,Electronics,5,5647.43,1129.49,1889.12,Yes,0,0,27,162,23,16,0.37,UPI,Android,Direct,Silver,Standard,0,3.5,Medium,Yes
CUST104841,Bhavani Devi,31,Male,Jharkhand,Jamshedpur,29-04-2025,20-02-2026,Beauty & Personal Care,4,8251.28,2062.82,0,No,2,0.5,22,88,9,5,0.136,Credit Card,Tablet,Google Ads,None,Standard,0,3.8,Medium,Yes
CUST104842,Turvi Lad,53,Male,Jharkhand,Ranchi,13-03-2025,19-06-2026,Sports & Fitness,7,16739.75,2391.39,1054.5,Yes,0,0,25,75,15,11,0.2,UPI,Android,YouTube,None,Standard,1,5,Medium,No
CUST104843,Yutika Char,33,Male,Telangana,Hyderabad,08-02-2026,15-08-2026,Fashion,4,15259.18,3814.8,0,No,0,0,14,84,13,9,0.429,Cash on Delivery,iPhone,Direct,Gold,Express,4,3.4,Medium,No
CUST104844,Udarsh Mander,36,Female,West Bengal,Kolkata,28-03-2024,16-06-2024,Beauty & Personal Care,8,10760.68,1345.08,3184.08,Yes,0,0,21,126,18,11,0.333,UPI,Windows Laptop,Organic Search,None,Standard,1,4.3,Medium,Yes
CUST104845,Maya Nigam,35,Male,Karnataka,Mangaluru,07-04-2025,14-03-2026,Grocery,4,8373.11,2093.28,0,No,0,0,28,56,12,6,0.143,Cash on Delivery,Android,Google Ads,Silver,Standard,1,,Medium,No
CUST104846,Urvashi Sethi,29,Female,Telangana,Hyderabad,17-02-2024,01-06-2025,Grocery,7,13278.56,1896.94,1559.39,Yes,1,0.14,16,32,4,2,0.062,Debit Card,Windows Laptop,Organic Search,Silver,Standard,1,4.9,Medium,No
CUST104847,Yashodhara Mohan,41,Female,Jharkhand,Ranchi,25-04-2025,15-08-2026,Home & Kitchen,5,4993.56,998.71,0,No,0,0,17,85,7,4,0.118,UPI,Android,YouTube,Silver,Express,1,5,Medium,No
CUST104848,Nandini Sahota,29,Male,Maharashtra,Nashik,02-04-2026,15-08-2026,Fashion,7,4989.2,712.74,0,No,0,0,23,69,7,3,0.043,Debit Card,Android,Organic Search,None,Standard,1,3.9,Medium,No
CUST104849,Dayamai Narain,39,Male,Madhya Pradesh,Bhopal,07-06-2025,22-07-2025,Sports & Fitness,4,8047.12,2011.78,638.41,Yes,0,0,16,48,8,4,0.125,Credit Card,Android,Google Ads,Platinum,Standard,1,4.5,Medium,Yes
CUST104850,Wridesh Shenoy,28,Female,Maharashtra,Pune,29-07-2024,03-11-2025,Grocery,3,6972.01,2324,0,No,0,0,15,45,4,2,0.067,UPI,Android,Instagram,None,Same Day,0,4.3,Low,Yes
CUST104851,Mohammed Bansal,23,Male,Andhra Pradesh,Vijayawada,31-08-2024,16-04-2025,Fashion,4,1559.39,389.85,0,No,1,0.25,21,84,8,3,0.048,Net Banking,Android,Organic Search,None,Same Day,1,5,Medium,No
CUST104852,Daniel Dalal,34,Male,Telangana,Hyderabad,26-08-2024,12-04-2026,Electronics,7,14517.94,2073.99,0,No,1,0.14,19,114,16,9,0.211,UPI,Android,Google Ads,None,Standard,0,4.1,Medium,Yes
CUST104853,Hritik Sen,22,Male,Madhya Pradesh,Bhopal,15-07-2024,23-08-2024,Electronics,7,8460.1,1208.59,0,No,0,0,22,110,15,6,0.182,UPI,iPhone,Organic Search,Gold,Standard,1,5,Medium,No
CUST104854,Manthan Borah,35,Male,Tamil Nadu,Chennai,07-02-2026,15-08-2026,Electronics,5,8010.01,1602,2114.11,Yes,0,0,20,60,8,4,0.1,Credit Card,MacBook,Instagram,Silver,Standard,0,4.7,Medium,No
CUST104855,Gaurangi Nagarajan,21,Female,Bihar,Gaya,22-08-2024,07-10-2025,Beauty & Personal Care,6,5908.08,984.68,2542.72,Yes,1,0.17,20,100,11,4,0.1,Cash on Delivery,Windows Laptop,Direct,None,Standard,5,3.8,Medium,Yes
CUST104856,Vasatika Saran,28,Female,Karnataka,Mysuru,05-07-2024,21-06-2025,Electronics,5,14695.47,2939.09,0,No,0,0,23,92,9,6,0.13,UPI,iPhone,Direct,None,Standard,0,3.5,Medium,Yes
CUST104857,Jason Mittal,20,Male,Maharashtra,Nashik,13-12-2025,15-08-2026,Fashion,3,8321.86,2773.95,2674.17,Yes,0,0,29,58,10,4,0.069,Net Banking,iPhone,Organic Search,Silver,Standard,0,3.8,Medium,No
CUST104858,Urvashi Bandi,54,Female,Jharkhand,Ranchi,06-09-2025,15-08-2026,Grocery,3,1596.79,532.26,529.66,Yes,0,0,28,140,23,16,0.357,Credit Card,iPhone,Referral,None,Same Day,0,3.9,Low,No
CUST104859,Naksh Raman,18,Female,Assam,Dibrugarh,16-10-2024,12-05-2026,Fashion,8,6297.93,787.24,448.88,Yes,1,0.12,31,186,23,15,0.258,UPI,Android,Direct,None,Express,0,3.3,Medium,No
CUST104860,Hemani Bhatti,31,Male,Haryana,Gurugram,08-08-2024,21-02-2026,Grocery,6,7351.72,1225.29,0,No,1,0.17,23,92,9,4,0.087,Credit Card,Windows Laptop,Instagram,Silver,Express,1,4.1,Medium,No
CUST104861,Azad Krishnan,40,Male,Bihar,Patna,11-05-2025,09-12-2025,Grocery,4,4272.2,1068.05,0,No,0,0,18,72,14,8,0.333,UPI,Windows Laptop,Referral,Gold,Standard,0,4,Medium,Yes
CUST104862,Rachit Tank,39,Female,Madhya Pradesh,Bhopal,10-05-2025,15-08-2026,Fashion,8,16272.2,2034.02,0,No,0,0,23,115,11,5,0.087,UPI,iPhone,Instagram,None,Standard,0,3.1,High,No
CUST104863,Mitali Naik,38,Female,West Bengal,Durgapur,29-05-2026,15-08-2026,Grocery,7,5327.91,761.13,0,No,0,0,23,69,11,7,0.217,UPI,Android,YouTube,None,Standard,0,3,Medium,No
CUST104864,Kiaan Narain,28,Male,Tamil Nadu,Madurai,28-10-2024,06-07-2026,Grocery,5,11715.52,2343.1,3120.05,Yes,0,0,15,60,9,5,0.267,Credit Card,Windows Laptop,Instagram,None,Standard,1,4.4,Medium,Yes
CUST104865,Divya Gour,42,Male,Tamil Nadu,Coimbatore,05-07-2024,19-02-2026,Home & Kitchen,5,1515.33,303.07,468.92,Yes,0,0,20,40,7,4,0.1,UPI,Android,Google Ads,None,Same Day,1,4.4,Medium,Yes
CUST104866,Nitesh Krishna,38,Male,Bihar,Patna,25-03-2025,17-06-2025,Fashion,3,3097.81,1032.6,1360.66,Yes,0,0,14,56,4,2,0.071,Wallet,Android,Organic Search,None,Standard,0,3.7,Low,No
CUST104867,Girik Sur,33,Male,Telangana,Warangal,15-02-2025,19-07-2026,Home & Kitchen,6,19317.33,3219.56,0,No,0,0,25,150,18,9,0.28,UPI,Android,Google Ads,None,Standard,0,3.5,Medium,No
CUST104868,Manbir Basak,33,Female,Maharashtra,Pune,02-09-2025,04-01-2026,Books,6,6824.28,1137.38,0,No,0,0,16,32,6,3,0.062,Wallet,Tablet,Direct,None,Standard,1,4.7,Medium,No
CUST104869,Wriddhish Varghese,29,Male,Uttar Pradesh,Kanpur,01-09-2024,02-10-2025,Beauty & Personal Care,5,8046.9,1609.38,0,No,1,0.2,21,105,16,7,0.143,UPI,Android,Direct,None,Standard,1,3.5,Medium,Yes
CUST104870,Arunima Jain,24,Male,Punjab,Chandigarh,08-11-2024,24-12-2025,Electronics,7,12191.54,1741.65,0,No,0,0,19,57,7,2,0.053,Credit Card,Windows Laptop,Direct,None,Standard,0,4.6,Medium,No
CUST104871,Omisha Barad,41,Male,Telangana,Warangal,29-03-2026,15-08-2026,Grocery,5,8337.57,1667.51,0,No,0,0,27,54,6,2,0.037,Credit Card,Android,Google Ads,Silver,Standard,0,5,Medium,No
CUST104872,Jalsa Oza,41,Female,Maharashtra,Pune,10-05-2025,10-05-2026,Home & Kitchen,4,5579.31,1394.83,0,No,0,0,16,80,8,4,0.188,UPI,Windows Laptop,Direct,None,Express,0,4.7,Medium,No
CUST104873,Geetika Agate,24,Male,Karnataka,Bengaluru,22-01-2024,23-07-2025,Beauty & Personal Care,3,7933.85,2644.62,2677.09,Yes,0,0,25,50,5,2,0.04,UPI,Android,Organic Search,Silver,Standard,1,3.2,Medium,Yes
CUST104874,Vasudha Thaker,30,Male,Delhi,Delhi,08-03-2024,05-08-2025,Grocery,7,10074.3,1439.19,3049.51,Yes,0,0,17,51,9,3,0.118,UPI,Windows Laptop,Direct,Gold,Standard,0,3.5,Medium,Yes
CUST104875,Siddharth Divan,30,Other,Tamil Nadu,Chennai,26-01-2025,06-04-2026,Home & Kitchen,8,12912.8,1614.1,0,No,0,0,20,120,13,9,0.35,UPI,Android,Google Ads,Silver,Express,2,3.8,Medium,No
CUST104876,Yashasvi Mahal,31,Female,Bihar,Patna,11-11-2024,05-06-2026,Sports & Fitness,4,9785.51,2446.38,0,No,0,0,29,116,12,6,0.069,Debit Card,Android,Referral,None,Standard,0,4.2,Medium,Yes
CUST104877,Ronith Saran,32,Male,Uttar Pradesh,Noida,05-03-2024,08-07-2024,Grocery,5,1569.71,313.94,0,No,0,0,27,108,13,4,0.074,Debit Card,Android,Referral,Silver,Standard,0,4.2,Medium,Yes
CUST104878,Suhani Mannan,39,Male,Odisha,Cuttack,14-03-2026,15-08-2026,Beauty & Personal Care,8,8183.74,1022.97,0,No,0,0,21,63,11,7,0.238,Cash on Delivery,Android,Organic Search,None,Express,0,3.4,Medium,No
CUST104879,Chaitanya Mane,25,Male,Telangana,Hyderabad,29-12-2025,15-08-2026,Electronics,4,3959.76,989.94,450.45,Yes,0,0,19,57,7,4,0.158,UPI,Android,Google Ads,Gold,Express,0,4.8,Medium,No
CUST104880,Andrew Reddy,24,Female,Punjab,Ludhiana,24-06-2025,02-01-2026,Sports & Fitness,4,7892.57,1973.14,0,No,1,0.25,21,42,3,1,0.048,UPI,Windows Laptop,YouTube,Gold,Standard,1,4.5,Medium,No
CUST104881,Urvi Sahni,41,Male,Karnataka,Bengaluru,05-12-2025,15-08-2026,Mobile Accessories,2,8142.33,4071.16,0,No,0,0,19,76,11,6,0.158,Cash on Delivery,Windows Laptop,YouTube,None,Express,0,4,Medium,No
CUST104882,Vihaan Murty,27,Male,Rajasthan,Jaipur,21-07-2025,28-06-2026,Electronics,7,3719.11,531.3,577,Yes,0,0,19,76,9,6,0.211,Cash on Delivery,Android,Direct,Gold,Standard,1,3.8,Medium,No
CUST104883,Shivani Lanka,21,Male,Madhya Pradesh,Indore,29-04-2026,24-05-2026,Home & Kitchen,4,4671.51,1167.88,1859.84,Yes,0,0,30,90,12,5,0.067,Debit Card,Android,YouTube,None,Express,1,4.3,Medium,No
CUST104884,Balvan Karnik,27,Male,Karnataka,Mysuru,18-06-2026,15-08-2026,Fashion,8,22256.07,2782.01,3660.74,Yes,0,0,21,105,21,11,0.286,UPI,Android,Organic Search,Silver,Standard,1,3.9,High,No
CUST104885,Megha Lanka,28,Male,Maharashtra,Mumbai,30-07-2024,05-04-2025,Grocery,7,3096.2,442.31,233.8,Yes,0,0,23,115,12,7,0.13,Net Banking,iPhone,Email,Platinum,Standard,0,4.1,Medium,No
CUST104886,Veer Baria,43,Male,Haryana,Faridabad,19-01-2026,15-08-2026,Grocery,6,10814.94,1802.49,0,No,1,0.17,20,120,15,5,0.1,UPI,Android,Direct,None,Standard,2,4.2,Medium,No
CUST104887,Shivani Khare,38,Male,Tamil Nadu,Chennai,18-07-2024,18-02-2026,Electronics,2,3135.65,1567.82,0,No,0,0,24,72,15,9,0.208,UPI,Tablet,Referral,Silver,Same Day,3,3.5,Low,Yes
CUST104888,Aarnav Sani,40,Female,Odisha,Cuttack,26-06-2024,31-10-2025,Books,3,5013.89,1671.3,1057.29,Yes,0,0,18,108,20,13,0.444,UPI,Windows Laptop,Instagram,Silver,Standard,0,5,Low,Yes
CUST104889,Faqid Mahal,38,Female,West Bengal,Siliguri,26-02-2025,19-07-2025,Fashion,7,4203.31,600.47,569.11,Yes,0,0,33,99,11,6,0.121,UPI,Windows Laptop,Email,Gold,Express,3,3.7,Medium,Yes
CUST104890,Amol Thaker,39,Male,Odisha,Bhubaneswar,26-10-2025,15-08-2026,Sports & Fitness,4,6029.75,1507.44,1669.28,Yes,0,0,19,57,5,3,0.105,UPI,Android,Instagram,None,Standard,2,3.7,Medium,No
CUST104891,Charan Taneja,25,Female,Tamil Nadu,Chennai,06-04-2025,29-07-2025,Home & Kitchen,6,4542.08,757.01,0,No,1,0.17,20,60,12,7,0.15,Credit Card,Windows Laptop,Organic Search,Gold,Standard,0,3.3,Medium,Yes
CUST104892,Bhavna D’Alia,29,Male,West Bengal,Siliguri,13-02-2024,13-12-2024,Fashion,4,8639.24,2159.81,0,No,1,0.25,17,68,6,2,0.059,UPI,Windows Laptop,Organic Search,Silver,Same Day,1,3.9,Medium,Yes
CUST104893,Lopa Narasimhan,23,Female,Uttar Pradesh,Noida,06-03-2025,15-08-2026,Electronics,10,7052.65,705.26,2859.16,Yes,1,0.1,26,104,13,5,0.115,UPI,Windows Laptop,Google Ads,Platinum,Standard,1,5,Medium,No
CUST104894,Sai Atwal,29,Female,Delhi,Delhi,16-06-2024,11-02-2025,Electronics,6,8209.06,1368.18,1300.65,Yes,0,0,19,114,14,10,0.368,Debit Card,Android,Referral,Silver,Standard,0,3.4,Medium,Yes
CUST104895,Fariq Narasimhan,36,Female,Telangana,Warangal,13-10-2024,01-03-2025,Grocery,5,21270.41,4254.08,0,No,0,0,25,50,4,2,0.04,UPI,Android,Referral,Silver,Standard,1,4.2,Medium,Yes
CUST104896,Varsha Bail,32,Female,Maharashtra,Nashik,09-12-2025,15-08-2026,Beauty & Personal Care,4,10386.23,2596.56,2127.83,Yes,0,0,19,38,3,1,0.053,Debit Card,iPhone,Instagram,None,Standard,0,4.8,Medium,No
CUST104897,Kai Kuruvilla,41,Male,Maharashtra,Nagpur,02-12-2024,03-07-2026,Electronics,4,2021.31,505.33,395.72,Yes,0,0,26,52,6,3,0.077,Cash on Delivery,Android,Instagram,None,Standard,0,3.1,Medium,No
CUST104898,Brinda Kurian,22,Female,Tamil Nadu,Chennai,08-08-2025,04-08-2026,Electronics,6,7220.35,1203.39,1421.27,Yes,0,0,23,138,18,11,0.304,Debit Card,Windows Laptop,Referral,Gold,Standard,2,4.2,Medium,No
CUST104899,Neel Sandhu,35,Male,Maharashtra,Nagpur,19-06-2024,02-01-2025,Electronics,9,14339.06,1593.23,0,No,1,0.11,17,102,21,8,0.294,UPI,Android,Direct,None,Standard,0,4.4,Medium,Yes
CUST104900,Nihal Pathak,21,Male,Assam,Guwahati,10-06-2026,15-08-2026,Grocery,6,7028.71,1171.45,1863.97,Yes,0,0,15,45,6,2,0.067,UPI,Android,Google Ads,Platinum,Standard,0,5,Medium,No
CUST104901,Bhavya More,32,Female,West Bengal,Howrah,01-07-2024,12-12-2025,Grocery,6,11388.58,1898.1,4009.01,Yes,0,0,28,168,34,23,0.571,UPI,Android,YouTube,Gold,Standard,0,4.2,Medium,No
CUST104902,Faraj Dugal,37,Male,Rajasthan,Jaipur,16-01-2024,11-02-2025,Electronics,6,10217.18,1702.86,0,No,0,0,22,88,8,2,0.045,UPI,MacBook,Email,None,Standard,1,4.4,Medium,Yes
CUST104903,Aarush Khatri,29,Female,Maharashtra,Mumbai,10-05-2025,15-08-2026,Beauty & Personal Care,7,22373.17,3196.17,4925.92,Yes,0,0,19,114,12,6,0.158,Cash on Delivery,Android,Google Ads,Gold,Standard,2,3,Medium,No
CUST104904,Anamika Gola,35,Male,Tamil Nadu,Madurai,02-08-2025,22-07-2026,Electronics,5,4730.67,946.13,0,No,0,0,20,100,10,4,0.1,Cash on Delivery,Windows Laptop,Google Ads,None,Express,0,4.6,Medium,No
CUST104905,Siya Nazareth,23,Male,Assam,Guwahati,05-06-2026,15-08-2026,Books,2,3634.37,1817.18,186.32,Yes,0,0,21,63,8,4,0.095,UPI,Tablet,Direct,Silver,Express,1,5,Low,No
CUST104906,Xiti Warrior,18,Male,Karnataka,Mysuru,16-04-2026,15-08-2026,Books,5,7174.24,1434.85,0,No,1,0.2,26,104,21,11,0.269,Debit Card,Windows Laptop,Direct,Silver,Express,1,4.8,Medium,No
CUST104907,Yasti Das,35,Female,Andhra Pradesh,Vijayawada,07-07-2025,08-04-2026,Grocery,3,9184.87,3061.62,3346,Yes,0,0,15,30,3,1,0.067,Net Banking,iPhone,Referral,None,Same Day,0,3.9,Medium,Yes
CUST104908,Arunima Chacko,45,Male,Karnataka,Mysuru,19-04-2024,07-11-2024,Books,6,10592.37,1765.4,0,No,0,0,16,80,13,6,0.25,Net Banking,iPhone,YouTube,None,Standard,1,4,Medium,Yes
CUST104909,George Pandit,23,Male,Kerala,Kozhikode,06-07-2025,26-07-2026,Sports & Fitness,3,4433.96,1477.99,1788.87,Yes,0,0,22,132,27,14,0.455,Cash on Delivery,Android,Instagram,None,Standard,1,4.1,Low,No
CUST104910,Lipika Gulati,41,Male,Uttar Pradesh,Kanpur,01-11-2024,08-11-2025,Sports & Fitness,6,6876.75,1146.12,0,No,1,0.17,23,115,17,7,0.217,UPI,Android,Email,Gold,Standard,0,5,Medium,No
CUST104911,Andrew Chadha,31,Female,Haryana,Gurugram,06-01-2024,19-10-2024,Beauty & Personal Care,9,6779.48,753.28,0,No,0,0,22,44,6,2,0.045,Wallet,iPhone,Direct,None,Standard,0,5,Medium,Yes
CUST104912,Nicholas Dhingra,20,Male,Uttar Pradesh,Lucknow,22-04-2026,15-08-2026,Fashion,3,6377.74,2125.91,0,No,0,0,27,81,12,5,0.111,Debit Card,iPhone,Google Ads,None,Standard,1,3.6,Low,No
CUST104913,Naveen Vig,22,Female,Uttar Pradesh,Kanpur,23-11-2025,15-08-2026,Fashion,5,4257.25,851.45,1353.98,Yes,0,0,18,54,6,4,0.111,Debit Card,Android,Google Ads,Gold,Standard,0,3.5,Medium,No
CUST104914,Varenya Panchal,31,Male,Karnataka,Mangaluru,29-09-2024,04-12-2025,Fashion,3,1688.21,562.74,0,No,0,0,31,93,12,6,0.065,Net Banking,Android,Direct,None,Standard,2,4.9,Low,Yes
CUST104915,Harini Ramachandran,28,Male,Karnataka,Mysuru,26-12-2024,01-02-2026,Beauty & Personal Care,6,4893.36,815.56,0,No,0,0,18,90,17,9,0.389,UPI,Android,Instagram,Silver,Standard,2,3.9,Medium,No
CUST104916,Hemang Vala,20,Male,Assam,Dibrugarh,03-07-2024,20-06-2025,Electronics,3,5150.65,1716.88,1441.89,Yes,0,0,20,80,10,6,0.15,Credit Card,iPhone,Organic Search,Silver,Standard,0,4.4,Low,Yes
CUST104917,Simon Ganesh,18,Female,Tamil Nadu,Chennai,14-04-2026,15-08-2026,Fashion,6,4251.07,708.51,1427.64,Yes,0,0,12,72,9,6,0.333,Credit Card,Android,Direct,Gold,Standard,1,,Medium,No
CUST104918,Veda Bhavsar,24,Male,Telangana,Warangal,17-10-2025,15-08-2026,Home & Kitchen,6,4537.32,756.22,0,No,1,0.17,23,46,4,1,0.043,UPI,Android,Organic Search,Silver,Standard,1,5,Medium,Yes
CUST104919,Warda Shankar,33,Male,Kerala,Kochi,09-04-2024,09-06-2024,Fashion,4,1829.35,457.34,99.37,Yes,1,0.25,25,125,18,7,0.16,UPI,Android,Instagram,None,Same Day,0,3.4,Medium,Yes
CUST104920,Ekanta Pillay,31,Female,Tamil Nadu,Chennai,30-03-2024,09-09-2024,Beauty & Personal Care,4,3786.38,946.6,,Yes,1,0.25,26,52,4,2,0.038,Debit Card,Windows Laptop,Referral,Gold,Standard,0,4.4,Medium,Yes
CUST104921,Benjamin Bansal,27,Male,Jharkhand,Jamshedpur,02-09-2024,01-09-2025,Books,3,10090.67,3363.56,3705.26,Yes,1,0.33,20,100,11,4,0.15,UPI,Android,Direct,Silver,Same Day,1,5,Medium,Yes
CUST104922,Raghav Aggarwal,33,Female,Kerala,Kochi,26-08-2024,29-07-2025,Grocery,6,4894.13,815.69,0,No,0,0,21,126,27,14,0.381,Credit Card,Windows Laptop,Organic Search,Silver,Standard,0,5,Medium,Yes
CUST104923,Anay Pradhan,39,Male,Uttar Pradesh,Noida,24-12-2025,07-05-2026,Grocery,5,5435.07,1087.01,865.46,Yes,0,0,22,110,22,13,0.455,Debit Card,Android,Referral,None,Standard,1,,Medium,No
CUST104924,Ojasvi Amble,34,Male,Haryana,Gurugram,21-03-2024,07-05-2025,Beauty & Personal Care,2,8386.98,4193.49,3179.53,Yes,0,0,18,54,9,4,0.167,Debit Card,Android,Email,Silver,Standard,1,3.6,Medium,Yes
CUST104925,Ubika Chada,30,Male,West Bengal,Durgapur,24-04-2024,21-11-2024,Home & Kitchen,6,9945.04,1657.51,4130.37,Yes,1,0.17,28,140,25,15,0.357,Net Banking,Android,YouTube,None,Standard,0,4,Medium,Yes
CUST104926,Gopal Verma,38,Male,Delhi,Delhi,02-10-2024,03-12-2025,Fashion,2,3546.82,1773.41,0,No,0,0,13,65,7,2,0.077,Credit Card,Android,Google Ads,Gold,Standard,0,3.9,Low,Yes
CUST104927,Laban Solanki,23,Female,Gujarat,Vadodara,20-03-2024,16-06-2025,Books,9,7274.6,808.29,1850.73,Yes,0,0,23,138,13,7,0.217,UPI,Android,Referral,Gold,Standard,0,4.9,Medium,Yes
CUST104928,Harini Dar,29,Female,Delhi,New Delhi,21-07-2025,10-09-2025,Fashion,5,8323.59,1664.72,1635.82,Yes,1,0.2,15,45,7,4,0.2,Cash on Delivery,Tablet,Direct,Silver,Standard,0,4.5,Medium,No
CUST104929,Edhitha Korpal,29,Female,Kerala,Kozhikode,27-06-2024,14-01-2025,Electronics,4,14732.43,3683.11,0,No,0,0,19,114,23,17,0.421,Credit Card,Windows Laptop,Direct,None,Standard,0,4.7,Medium,Yes
CUST104930,Pavani Memon,21,Female,Assam,Dibrugarh,04-11-2024,12-01-2026,Grocery,6,4203.25,700.54,1426.13,Yes,0,0,30,60,11,4,0.1,Cash on Delivery,Android,Referral,Gold,Express,0,,Medium,No
CUST104931,Hredhaan Bhakta,28,Male,Gujarat,Vadodara,14-07-2025,15-08-2026,Electronics,3,3281.3,1093.77,0,No,1,0.33,22,110,17,6,0.136,UPI,Android,Organic Search,None,Express,1,4.3,Low,No
CUST104932,Laksh Kuruvilla,18,Male,Tamil Nadu,Chennai,23-05-2025,24-09-2025,Fashion,5,4027,805.4,454,Yes,0,0,18,108,23,10,0.444,UPI,Windows Laptop,Organic Search,Gold,Express,2,4,Medium,No
CUST104933,Michael Mand,46,Female,Andhra Pradesh,Visakhapatnam,16-09-2024,05-04-2025,Electronics,9,27172.27,3019.14,,Yes,0,0,28,112,12,5,0.071,UPI,Android,Google Ads,None,Standard,1,4,High,No
CUST104934,Nisha Borde,24,Female,Gujarat,Surat,24-02-2026,15-08-2026,Electronics,3,1928.21,642.74,0,No,0,0,23,92,17,11,0.217,UPI,iPhone,Organic Search,Gold,Express,0,3,Low,Yes
CUST104935,Falan Tara,44,Male,Rajasthan,Jodhpur,18-10-2024,18-01-2025,Electronics,7,5857.61,836.8,0,No,0,0,19,76,9,4,0.105,Debit Card,Windows Laptop,Organic Search,Platinum,Same Day,1,4.2,Medium,No
CUST104936,Charita Ray,31,Female,Telangana,Warangal,03-06-2026,15-08-2026,Electronics,4,2438.53,609.63,428.56,Yes,1,0.25,27,162,35,15,0.407,Credit Card,Android,Organic Search,Silver,Standard,0,,Medium,No
CUST104937,Atharv Mane,36,Male,Assam,Dibrugarh,17-10-2024,26-09-2025,Grocery,4,2523.26,630.82,0,No,0,0,20,100,11,7,0.15,UPI,Windows Laptop,Organic Search,Gold,Standard,0,4.6,Medium,Yes
CUST104938,Qasim Chander,27,Female,Uttar Pradesh,Varanasi,25-06-2025,11-11-2025,Sports & Fitness,3,3996.04,1332.01,0,No,0,0,22,88,11,5,0.091,UPI,iPhone,Instagram,None,Standard,0,4.3,Low,No
CUST104939,Harish Patil,33,Female,Madhya Pradesh,Indore,04-06-2026,15-08-2026,Fashion,3,3367.19,1122.4,1289.12,Yes,0,0,17,51,7,4,0.176,UPI,Android,Google Ads,Gold,Standard,0,4.1,Low,No
CUST104940,Girish Lalla,36,Female,Madhya Pradesh,Bhopal,02-02-2026,15-08-2026,Books,5,8049.05,1609.81,0,No,0,0,20,80,10,4,0.15,Net Banking,Android,Direct,None,Standard,0,3.7,Medium,No
CUST104941,Eesha Dasgupta,36,Male,Tamil Nadu,Madurai,03-03-2024,05-07-2025,Fashion,7,13394.24,1913.46,4064.08,Yes,1,0.14,29,116,13,7,0.138,UPI,Android,Instagram,Silver,Standard,1,3.9,Medium,Yes
CUST104942,Simon Brar,37,Female,Gujarat,Vadodara,16-08-2025,15-08-2026,Fashion,5,2482,496.4,0,No,0,0,17,85,12,8,0.294,Credit Card,Tablet,YouTube,Gold,Standard,2,4.9,Medium,No
CUST104943,Chandran Malhotra,28,Female,Punjab,Amritsar,08-02-2025,21-07-2026,Electronics,4,7098.58,1774.64,1913.48,Yes,0,0,20,80,15,9,0.2,Cash on Delivery,Android,Direct,Silver,Express,2,4.5,Medium,Yes
CUST104944,Fariq Mishra,27,Male,Telangana,Hyderabad,24-04-2025,07-04-2026,Beauty & Personal Care,5,4136.19,827.24,1192.5,Yes,0,0,24,96,18,7,0.167,UPI,Windows Laptop,Email,Silver,Standard,1,4.1,Medium,Yes
CUST104945,Harish Raval,18,Male,Madhya Pradesh,Indore,20-11-2024,13-02-2025,Home & Kitchen,4,5231.26,1307.82,0,No,2,0.5,31,155,22,8,0.097,Cash on Delivery,Android,Email,None,Standard,2,4.8,Medium,Yes
CUST104946,Devika Salvi,35,Female,Jharkhand,Jamshedpur,15-01-2025,09-05-2026,Beauty & Personal Care,11,20422.9,1856.63,0,No,1,0.09,20,80,9,3,0.05,UPI,Android,Direct,Silver,Standard,1,5,High,No
CUST104947,Gauri Luthra,40,Male,Bihar,Gaya,11-11-2025,15-08-2026,Grocery,3,3018.64,1006.21,836.4,Yes,0,0,18,108,10,7,0.167,Credit Card,iPhone,Email,Gold,Standard,1,4.6,Low,Yes
CUST104948,Laksh Biswas,44,Male,Kerala,Kochi,05-11-2024,27-11-2024,Beauty & Personal Care,6,18114.14,3019.02,3786.04,Yes,1,0.17,19,57,11,6,0.158,UPI,MacBook,Direct,Silver,Express,0,4.5,Medium,No
CUST104949,Aayush Chhabra,33,Male,Madhya Pradesh,Indore,08-12-2024,04-06-2025,Beauty & Personal Care,7,4573.18,653.31,0,No,0,0,22,132,26,9,0.182,Credit Card,iPhone,Direct,Gold,Standard,1,3.6,Medium,Yes
CUST104950,Brijesh Singh,25,Female,Punjab,Ludhiana,31-10-2025,15-08-2026,Mobile Accessories,6,3690.05,615.01,1507.77,Yes,0,0,24,96,8,5,0.167,UPI,Windows Laptop,Instagram,Silver,Standard,0,4.6,Medium,No
CUST104951,Nidra Chhabra,18,Female,Telangana,Hyderabad,19-04-2025,26-04-2026,Fashion,7,12368.99,1767,4260.21,Yes,0,0,17,51,9,4,0.176,Cash on Delivery,Windows Laptop,Organic Search,Gold,Standard,0,4.1,Medium,No
CUST104952,Nathan Kota,39,Female,West Bengal,Durgapur,25-02-2024,30-05-2024,Fashion,10,40278.46,4027.85,6590.66,Yes,0,0,26,52,10,6,0.115,Credit Card,Windows Laptop,Email,Platinum,Standard,0,4,High,Yes
CUST104953,Gaurika Ganguly,18,Male,Gujarat,Vadodara,26-04-2026,15-08-2026,Grocery,7,6119.15,874.16,1625.14,Yes,1,0.14,21,63,11,7,0.238,Net Banking,Windows Laptop,Email,None,Standard,0,4.8,Medium,No
CUST104954,Hemang Badal,28,Female,Odisha,Bhubaneswar,28-02-2025,15-08-2026,Beauty & Personal Care,3,3593.53,1197.84,0,No,1,0.33,20,100,12,7,0.25,Debit Card,MacBook,YouTube,None,Express,2,3.9,Low,No
CUST104955,Tejas Date,29,Female,Gujarat,Ahmedabad,21-05-2024,26-11-2025,Electronics,4,10492.07,2623.02,1554.76,Yes,0,0,17,51,7,4,0.118,Cash on Delivery,Android,Email,Gold,Standard,1,3.4,Medium,Yes
CUST104956,Yashodhara Khare,30,Female,Kerala,Thiruvananthapuram,22-10-2025,22-12-2025,Fashion,8,20914.57,2614.32,0,No,1,0.12,10,60,7,4,0.2,Cash on Delivery,Windows Laptop,Direct,Silver,Standard,1,4.9,High,No
CUST104957,Abdul Virk,31,Male,Telangana,Hyderabad,10-01-2025,20-02-2026,Home & Kitchen,8,15750.96,1968.87,5092.99,Yes,0,0,28,140,21,8,0.143,Credit Card,iPhone,Instagram,None,Express,0,4.3,High,No
CUST104958,Raghav Tailor,32,Female,Bihar,Muzaffarpur,13-08-2024,17-03-2026,Home & Kitchen,3,2526.62,842.21,0,No,0,0,20,120,24,12,0.4,Debit Card,Android,Instagram,None,Same Day,0,3.6,Low,No
CUST104959,Daniel Sani,18,Male,Karnataka,Bengaluru,18-04-2025,20-07-2025,Electronics,6,7867.87,1311.31,3487.69,Yes,0,0,16,96,16,11,0.312,Credit Card,Windows Laptop,Direct,None,Standard,1,4.1,Medium,No
CUST104960,Lipika Hans,31,Male,Kerala,Kozhikode,25-01-2024,05-07-2025,Books,8,11673.18,1459.15,2141.84,Yes,1,0.12,20,40,5,1,0.05,UPI,Android,Instagram,None,Standard,0,4.4,Medium,No
CUST104961,Hemangini Deshpande,18,Female,Uttar Pradesh,Varanasi,20-11-2025,27-12-2025,Grocery,4,9395.27,2348.82,1515.39,Yes,0,0,21,84,16,11,0.381,Debit Card,Windows Laptop,Email,None,Express,1,3.5,Medium,No
CUST104962,Nisha Mani,37,Other,Karnataka,Mysuru,30-12-2024,29-08-2025,Home & Kitchen,6,8641.95,1440.32,1606,Yes,2,0.33,20,40,3,1,0.05,Wallet,MacBook,Email,Silver,Standard,1,3.9,Medium,Yes
CUST104963,Zaid Dash,27,Male,Tamil Nadu,Coimbatore,04-04-2024,30-06-2025,Grocery,7,22556.98,3222.43,7902.69,Yes,1,0.14,21,84,9,5,0.143,Net Banking,iPhone,Google Ads,None,Express,0,4.1,Medium,Yes
CUST104964,Aadhya Tank,18,Female,Kerala,Kozhikode,22-05-2025,30-03-2026,Books,2,2286.94,1143.47,422.63,Yes,2,1,18,108,15,7,0.167,UPI,Windows Laptop,Direct,None,Same Day,0,2.7,Low,Yes
CUST104965,Ishwar Ravi,24,Male,Rajasthan,Jaipur,18-07-2025,18-04-2026,Electronics,4,6428.38,1607.1,585.66,Yes,0,0,22,66,10,7,0.136,Wallet,Android,Email,Silver,Standard,1,5,Medium,No
CUST104966,Zehaan Dave,26,Female,Karnataka,Mangaluru,26-03-2026,19-04-2026,Fashion,3,4375.65,1458.55,0,No,0,0,19,76,16,8,0.158,UPI,Android,Referral,Platinum,Standard,0,5,Low,No
CUST104967,Jagdish Kothari,41,Male,Andhra Pradesh,Vijayawada,04-08-2025,15-08-2026,Beauty & Personal Care,7,8006.4,1143.77,1114.44,Yes,0,0,18,36,6,2,0.056,UPI,iPhone,Google Ads,Silver,Standard,1,4.2,Medium,No
CUST104968,Banjeet Kashyap,33,Male,Kerala,Kochi,24-06-2024,13-12-2024,Sports & Fitness,5,5879.43,1175.89,303.76,Yes,0,0,26,130,17,11,0.346,UPI,Android,Organic Search,None,Express,1,4.3,Medium,No
CUST104969,Chakradhar Bora,34,Female,Jharkhand,Jamshedpur,05-10-2025,26-03-2026,Electronics,14,15860.32,1132.88,0,No,0,0,21,42,7,3,0.095,Credit Card,Android,Google Ads,Silver,Standard,4,4.3,High,No
CUST104970,Kiaan Kamdar,40,Female,Gujarat,Vadodara,11-02-2025,11-01-2026,Mobile Accessories,2,953.71,476.86,0,No,1,0.5,18,108,23,15,0.5,UPI,Android,Organic Search,Silver,Standard,0,3.5,Low,No
CUST104971,Isaiah Agate,30,Female,Rajasthan,Jaipur,04-05-2025,06-12-2025,Home & Kitchen,4,5397.86,1349.46,2300.02,Yes,0,0,20,120,19,10,0.25,UPI,MacBook,Direct,None,Standard,1,4.5,Medium,No
CUST104972,Indrajit Atwal,37,Female,Assam,Guwahati,30-04-2026,15-08-2026,Fashion,6,19701.41,3283.57,6201.63,Yes,0,0,17,34,4,2,0.059,UPI,Android,Referral,None,Standard,0,3.5,Medium,No
CUST104973,Hredhaan Om,36,Female,Uttar Pradesh,Noida,03-04-2025,03-09-2025,Fashion,6,2866.42,477.74,499.32,Yes,1,0.17,32,64,11,4,0.062,UPI,Android,Organic Search,Silver,Express,1,2.8,Medium,No
CUST104974,Sanya Dhawan,21,Female,Odisha,Bhubaneswar,16-02-2025,15-08-2026,Electronics,5,5404,1080.8,1213.73,Yes,0,0,17,85,12,8,0.235,UPI,iPhone,Organic Search,None,Express,1,4.1,Medium,Yes
CUST104975,Jatin Pillay,43,Male,Delhi,New Delhi,03-12-2024,21-11-2025,Sports & Fitness,5,4357.67,871.53,0,No,0,0,16,64,9,4,0.188,Debit Card,Windows Laptop,Organic Search,Platinum,Standard,1,4,Medium,Yes
CUST104976,Nirja Radhakrishnan,20,Male,Gujarat,Ahmedabad,21-05-2026,15-08-2026,Mobile Accessories,8,12967.13,1620.89,5216.82,Yes,2,0.25,23,138,29,14,0.348,UPI,Windows Laptop,Instagram,None,Standard,2,5,Medium,No
CUST104977,Sachi Jaggi,38,Male,Maharashtra,Mumbai,26-11-2024,16-02-2026,Home & Kitchen,4,7723.63,1930.91,0,No,0,0,25,100,14,5,0.08,Credit Card,Android,Instagram,None,Standard,4,3.6,Medium,No
CUST104978,Samuel Ramachandran,19,Male,Karnataka,Mangaluru,31-07-2024,27-09-2024,Mobile Accessories,5,7447.61,1489.52,0,No,1,0.2,30,180,22,9,0.133,Cash on Delivery,Android,Organic Search,Gold,Express,2,4,Medium,Yes
CUST104979,Raghav Kibe,36,Female,West Bengal,Howrah,23-12-2025,14-06-2026,Sports & Fitness,3,1114.99,371.66,219.4,Yes,0,0,14,84,14,6,0.286,UPI,iPhone,Organic Search,None,Standard,1,3.9,Low,Yes
CUST104980,Vrinda Mahal,46,Male,West Bengal,Howrah,10-12-2024,14-12-2025,Home & Kitchen,6,2945.31,490.88,781.12,Yes,0,0,21,42,6,3,0.095,UPI,Android,Google Ads,Silver,Standard,1,3.7,Medium,Yes
CUST104981,Chandran Krishnan,29,Male,Andhra Pradesh,Vijayawada,29-07-2025,18-11-2025,Grocery,8,2882.6,360.32,0,No,1,0.12,17,34,4,2,0.059,UPI,iPhone,YouTube,None,Standard,1,3.5,Medium,No
CUST104982,Rachita Sheth,29,Male,Delhi,Delhi,30-06-2025,15-08-2026,Home & Kitchen,3,3677.78,1225.93,1538.05,Yes,0,0,21,63,7,4,0.143,Debit Card,Android,Referral,None,Standard,0,3.6,Low,Yes
CUST104983,Darsh Bhasin,36,Female,Bihar,Muzaffarpur,07-06-2025,15-08-2026,Beauty & Personal Care,3,1561.24,520.41,160.92,Yes,0,0,13,26,3,2,0.077,UPI,Android,Referral,Silver,Same Day,0,4.3,Low,No
CUST104984,Bimala Jani,28,Male,Punjab,Chandigarh,11-12-2024,21-08-2025,Electronics,2,669.89,334.94,257.12,Yes,0,0,22,66,6,3,0.045,Debit Card,Android,Instagram,None,Standard,2,3.5,Low,No
CUST104985,Indrajit Mani,46,Male,Uttar Pradesh,Noida,02-04-2026,15-08-2026,Grocery,9,6803.77,755.97,519.22,Yes,1,0.11,13,78,9,5,0.231,Debit Card,Windows Laptop,Direct,Silver,Standard,0,5,Medium,No
CUST104986,Bhanumati Mammen,33,Female,Maharashtra,Mumbai,04-09-2024,24-02-2026,Electronics,3,2926.84,975.61,427.89,Yes,1,0.33,22,110,21,14,0.409,Debit Card,iPhone,Referral,Silver,Standard,0,4,Low,No
CUST104987,Pooja Atwal,28,Female,Kerala,Kozhikode,15-09-2025,15-08-2026,Sports & Fitness,4,5663.46,1415.86,330.77,Yes,1,0.25,27,108,22,8,0.148,UPI,Android,Instagram,Silver,Standard,1,,Medium,Yes
CUST104988,Dhruv Sha,27,Male,Uttar Pradesh,Lucknow,20-11-2024,31-12-2025,Sports & Fitness,4,5094.24,1273.56,384.77,Yes,0,0,18,72,9,3,0.111,Debit Card,Android,Instagram,None,Express,0,3.7,Medium,No
CUST104989,Chavvi Kapur,24,Female,Kerala,Kozhikode,11-04-2025,04-05-2025,Fashion,6,7891.17,1315.2,496.89,Yes,0,0,28,140,27,17,0.464,Cash on Delivery,Android,Instagram,None,Standard,0,2.9,Medium,No
CUST104990,Sai Majumdar,26,Male,Madhya Pradesh,Bhopal,31-03-2024,09-09-2025,Fashion,7,14574.21,2082.03,1579.89,Yes,1,0.14,20,100,9,4,0.1,UPI,iPhone,Google Ads,Gold,Same Day,1,4.5,Medium,Yes
CUST104991,Madhavi Madan,28,Female,Andhra Pradesh,Vijayawada,20-10-2024,27-11-2025,Home & Kitchen,6,6075.33,1012.56,2433.85,Yes,0,0,16,32,3,1,0.062,UPI,iPhone,Direct,None,Standard,1,3.7,Medium,Yes
CUST104992,Varsha Kannan,27,Male,Uttar Pradesh,Lucknow,24-06-2025,03-02-2026,Beauty & Personal Care,5,11757.94,2351.59,1922.78,Yes,0,0,23,138,22,13,0.435,Wallet,Android,Instagram,Gold,Express,1,3.5,Medium,No
CUST104993,Kiaan Badal,26,Other,Tamil Nadu,Chennai,07-06-2025,14-08-2025,Fashion,6,7176.02,1196,1735.78,Yes,0,0,16,64,11,8,0.312,Net Banking,Android,YouTube,None,Express,4,2.9,Medium,Yes
CUST104994,Vedika Rajagopalan,48,Female,Bihar,Muzaffarpur,20-10-2025,15-08-2026,Beauty & Personal Care,3,3175.74,1058.58,0,No,0,0,22,110,12,8,0.227,UPI,Android,Organic Search,Gold,Express,0,3.9,Low,No
CUST104995,Yashodhara Dhillon,23,Female,West Bengal,Kolkata,10-10-2025,25-03-2026,Fashion,10,8518.84,851.88,0,No,1,0.1,25,150,31,19,0.56,UPI,Android,Google Ads,Silver,Express,0,5,Medium,No
CUST104996,Amrita Prabhakar,32,Male,Assam,Guwahati,29-04-2026,15-08-2026,Electronics,4,5957.73,1489.43,0,No,0,0,18,72,12,6,0.222,Credit Card,MacBook,Direct,None,Standard,3,4.2,Medium,No
CUST104997,Hardik Magar,36,Female,Maharashtra,Nashik,30-10-2025,23-11-2025,Electronics,4,7716.87,1929.22,0,No,0,0,22,132,27,18,0.636,Credit Card,Android,Organic Search,None,Standard,0,4,Medium,No
CUST104998,Netra Bahri,36,Male,Tamil Nadu,Coimbatore,15-09-2024,04-04-2026,Electronics,4,8497.77,2124.44,0,No,0,0,23,69,6,2,0.043,UPI,Windows Laptop,Google Ads,Silver,Standard,0,3.9,Medium,No
CUST104999,Hredhaan Khurana,31,Female,Punjab,Ludhiana,27-03-2024,18-10-2025,Sports & Fitness,3,4711.25,1570.42,0,No,0,0,25,100,16,10,0.28,UPI,MacBook,Instagram,Silver,Express,0,5,Low,Yes
CUST105000,Zayyan Konda,29,Female,Uttar Pradesh,Kanpur,06-06-2024,15-03-2025,Mobile Accessories,2,2941.8,1470.9,0,No,0,0,26,78,9,4,0.077,Cash on Delivery,Android,Google Ads,Silver,Express,0,4,Low,Yes
